event_id,champion,patch,pre_patch,change_direction,n_pre_users,n_post_users,higher_support_view,window,pre_n,pre_mean,pre_median,pre_p25,pre_p75,pre_mean_log1p,pre_median_log1p,pre_p25_log1p,pre_p75_log1p,post_n,post_mean,post_median,post_p25,post_p75,post_mean_log1p,post_median_log1p,post_p25_log1p,post_p75_log1p,delta_mean,delta_median,delta_p25,delta_p75,delta_mean_log1p,delta_median_log1p,delta_p25_log1p,delta_p75_log1p,wasserstein_raw,wasserstein_log1p,experience_shift_direction,experience_support_10
Akshan|16.1,Akshan,16.1,15.24,,8,4,False,50,7,3.142857142857143,0,0.0,3.0,0.7597314276920308,0.0,0.0,1.2424533248940002,3,8.666666666666666,11,5.5,13.0,1.752498457342594,2.4849066497880004,1.2424533248940002,2.6287476860138907,5.523809523809524,11,5.5,10.0,0.9927670296505631,2.4849066497880004,1.2424533248940002,1.3862943611198906,5.809523809523809,1.0100883501695443,toward_higher_experience,False
Aphelios|16.1,Aphelios,16.1,15.24,,12,19,True,50,5,6.2,2,0.0,12.0,1.3107866808051623,1.0986122886681098,0.0,2.5649493574615367,13,4.846153846153846,0,0.0,1.0,0.6593601059000237,0.0,0.0,0.6931471805599453,-1.3538461538461544,-2,0.0,-11.0,-0.6514265749051386,-1.0986122886681098,0.0,-1.8718021769015913,5.353846153846153,0.8051463274712806,toward_lower_experience,False
Ashe|16.1,Ashe,16.1,15.24,,24,7,False,50,16,1.1875,0.0,0.0,0.0,0.30325189149497606,0.0,0.0,0.0,5,2.8,0,0.0,1.0,0.6664409020350408,0.0,0.0,0.6931471805599453,1.6124999999999998,0.0,0.0,1.0,0.36318901054006475,0.0,0.0,0.6931471805599453,1.8624999999999994,0.3798804346181299,toward_higher_experience,False
Caitlyn|16.1,Caitlyn,16.1,15.24,,22,31,True,50,19,3.8421052631578947,1,0.0,5.0,0.9474062666574471,0.6931471805599453,0.0,1.6479184330021646,20,2.35,0.0,0.0,2.25,0.6955744802468082,0.0,0.0,1.170532806781055,-1.4921052631578946,-1.0,0.0,-2.75,-0.25183178641063886,-0.6931471805599453,0.0,-0.4773856262211096,1.4921052631578955,0.25183178641063897,toward_lower_experience,True
Cassiopeia|16.1,Cassiopeia,16.1,15.24,,9,3,False,50,6,3.8333333333333335,0.0,0.0,0.0,0.5296756383913243,0.0,0.0,0.0,2,10.0,10.0,5.0,15.0,1.5222612188617115,1.5222612188617115,0.7611306094308558,2.2833918282925674,6.166666666666666,10.0,5.0,15.0,0.9925855804703873,1.5222612188617115,0.7611306094308558,2.2833918282925674,7.166666666666668,1.0370960446785618,toward_higher_experience,False
Corki|16.1,Corki,16.1,15.24,,6,5,False,50,3,0.0,0,0.0,0.0,0.0,0.0,0.0,0.0,2,3.0,3.0,1.5,4.5,0.9729550745276566,0.9729550745276566,0.4864775372638283,1.4594326117914849,3.0,3.0,1.5,4.5,0.9729550745276566,0.9729550745276566,0.4864775372638283,1.4594326117914849,3.0,0.9729550745276566,toward_higher_experience,False
Draven|16.1,Draven,16.1,15.24,,7,5,False,50,5,8.8,4,2.0,14.0,1.726995245414524,1.6094379124341003,1.0986122886681098,2.70805020110221,4,4.25,3.5,2.25,5.5,1.3484068865880903,1.4978661367769954,1.0397207708399179,1.8065522525251678,-4.550000000000001,-0.5,0.25,-8.5,-0.3785883588264338,-0.11157177565710485,-0.05889151782819191,-0.9014979485770422,4.85,0.46489298056196793,toward_lower_experience,False
Elise|16.1,Elise,16.1,15.24,,5,4,False,50,3,3.6666666666666665,3,1.5,5.5,1.1945063128187032,1.3862943611198906,0.6931471805599453,1.791759469228055,4,0.0,0.0,0.0,0.0,0.0,0.0,0.0,0.0,-3.6666666666666665,-3.0,-1.5,-5.5,-1.1945063128187032,-1.3862943611198906,-0.6931471805599453,-1.791759469228055,3.666666666666667,1.1945063128187035,toward_lower_experience,False
Gangplank|16.1,Gangplank,16.1,15.24,,2,5,False,50,1,0.0,0,0.0,0.0,0.0,0.0,0.0,0.0,5,9.8,0,0.0,0.0,0.7824046010856291,0.0,0.0,0.0,9.8,0,0.0,0.0,0.7824046010856291,0.0,0.0,0.0,9.799999999999997,0.782404601085629,toward_higher_experience,False
Garen|16.1,Garen,16.1,15.24,,18,15,True,50,13,4.461538461538462,1,0.0,1.0,0.8392295809458794,0.6931471805599453,0.0,0.6931471805599453,13,0.9230769230769231,0,0.0,0.0,0.33707897189799085,0.0,0.0,0.0,-3.5384615384615383,-1,0.0,-1.0,-0.5021506090478886,-0.6931471805599453,0.0,-0.6931471805599453,3.538461538461537,0.5021506090478884,toward_lower_experience,True
Graves|16.1,Graves,16.1,15.24,,9,7,False,50,8,0.875,0.0,0.0,0.5,0.36129646973702056,0.0,0.0,0.27465307216702745,4,0.0,0.0,0.0,0.0,0.0,0.0,0.0,0.0,-0.875,0.0,0.0,-0.5,-0.36129646973702056,0.0,0.0,-0.27465307216702745,0.875,0.36129646973702056,toward_lower_experience,False
Jax|16.1,Jax,16.1,15.24,,19,19,True,50,13,7.769230769230769,0,0.0,10.0,1.1995807279063806,0.0,0.0,2.3978952727983707,15,9.733333333333333,1,0.0,16.0,1.3424076923745007,0.6931471805599453,0.0,2.668769039850659,1.9641025641025633,1,0.0,6.0,0.14282696446812015,0.6931471805599453,0.0,0.2708737670522883,2.57948717948718,0.20295270730869294,toward_higher_experience,True
Jhin|16.1,Jhin,16.1,15.24,,30,17,True,50,20,2.35,1.0,0.0,3.5,0.8222144477085515,0.6931471805599453,0.0,1.4876606381469317,14,1.1428571428571428,0.5,0.0,1.0,0.5240669224076869,0.34657359027997264,0.0,0.6931471805599453,-1.2071428571428573,-0.5,0.0,-2.5,-0.2981475253008645,-0.34657359027997264,0.0,-0.7945134575869864,1.2071428571428573,0.2981475253008646,toward_lower_experience,True
Jinx|16.1,Jinx,16.1,15.24,,16,21,True,50,12,2.5,1.0,0.0,3.0,0.8184869636246348,0.6931471805599453,0.0,1.3862943611198906,14,2.4285714285714284,2.0,0.25,3.0,0.9604417497479988,1.0986122886681098,0.17328679513998632,1.3862943611198906,-0.07142857142857162,1.0,0.25,0.0,0.14195478612336399,0.4054651081081645,0.17328679513998632,0.0,1.0238095238095242,0.2342836449238942,toward_higher_experience,True
Kindred|16.1,Kindred,16.1,15.24,,9,7,False,50,6,7.5,1.0,0.0,5.0,1.1136847662416347,0.5493061443340549,0.0,1.7340856839585124,2,17.5,17.5,9.25,25.75,2.1242476210246792,2.1242476210246792,1.4086974007923123,2.8397978412570466,10.0,16.5,9.25,20.75,1.0105628547830445,1.5749414766906242,1.4086974007923123,1.1057121572985342,11.0,1.0379755541953688,toward_higher_experience,False
Lucian|16.1,Lucian,16.1,15.24,,17,21,True,50,11,0.6363636363636364,0,0.0,0.0,0.2723392975958174,0.0,0.0,0.0,10,2.9,1.0,0.0,3.5,0.8719317375506371,0.6931471805599453,0.0,1.4817315064926027,2.2636363636363637,1.0,0.0,3.5,0.5995924399548198,0.6931471805599453,0.0,1.4817315064926027,2.2636363636363637,0.5995924399548198,toward_higher_experience,True
Miss Fortune|16.1,Miss Fortune,16.1,15.24,,0,0,False,50,0,,,,,,,,,0,,,,,,,,,,,,,,,,,,,not_computable,False
Nilah|16.1,Nilah,16.1,15.24,,3,4,False,50,2,0.0,0.0,0.0,0.0,0.0,0.0,0.0,0.0,4,1.25,1.0,0.75,1.5,0.6931471805599453,0.6931471805599453,0.5198603854199589,0.8664339756999315,1.25,1.0,0.75,1.5,0.6931471805599453,0.6931471805599453,0.5198603854199589,0.8664339756999315,1.25,0.6931471805599453,toward_higher_experience,False
Quinn|16.1,Quinn,16.1,15.24,,6,5,False,50,5,1.6,1,0.0,2.0,0.716703787691222,0.6931471805599453,0.0,1.0986122886681098,3,0.6666666666666666,0,0.0,1.0,0.3662040962227033,0.0,0.0,0.5493061443340549,-0.9333333333333335,-1,0.0,-1.0,-0.3504996914685187,-0.6931471805599453,0.0,-0.5493061443340549,0.9333333333333331,0.35049969146851867,toward_lower_experience,False
Rengar|16.1,Rengar,16.1,15.24,,8,5,False,50,6,3.3333333333333335,1.5,0.0,5.25,0.9695185266605341,0.6931471805599453,0.0,1.8060062020714576,4,1.75,0.0,0.0,1.75,0.5198603854199589,0.0,0.0,0.5198603854199589,-1.5833333333333335,-1.5,0.0,-3.5,-0.4496581412405751,-0.6931471805599453,0.0,-1.2861458166514987,1.75,0.47191337334466216,toward_lower_experience,False
Samira|16.1,Samira,16.1,15.24,,9,4,False,50,8,0.5,0.0,0.0,1.0,0.31061333122350004,0.0,0.0,0.6931471805599453,3,0.0,0,0.0,0.0,0.0,0.0,0.0,0.0,-0.5,0.0,0.0,-1.0,-0.31061333122350004,0.0,0.0,-0.6931471805599453,0.5,0.31061333122350004,toward_lower_experience,False
Senna|16.1,Senna,16.1,15.24,,13,10,True,50,8,2.875,0.0,0.0,0.25,0.4785801745611369,0.0,0.0,0.17328679513998632,8,3.0,0.0,0.0,0.25,0.4839001263634864,0.0,0.0,0.17328679513998632,0.125,0.0,0.0,0.0,0.00531995180234951,0.0,0.0,0.0,0.125,0.00531995180234951,approximately_stable,False
Shaco|16.1,Shaco,16.1,15.24,,9,9,False,50,7,7.571428571428571,1,0.0,2.0,0.9520584314786297,0.6931471805599453,0.0,1.0397207708399179,6,9.0,2.0,1.25,2.0,1.3100308429120278,1.0986122886681098,0.7945134575869863,1.0986122886681098,1.4285714285714288,1.0,1.25,0.0,0.3579724114333981,0.4054651081081645,0.7945134575869863,0.05889151782819191,1.9523809523809486,0.4323593678846032,toward_higher_experience,False
Sivir|16.1,Sivir,16.1,15.24,,8,20,False,50,5,1.4,2,1.0,2.0,0.7977968093128549,1.0986122886681098,0.6931471805599453,1.0986122886681098,14,0.42857142857142855,0.0,0.0,0.0,0.22700384502485327,0.0,0.0,0.0,-0.9714285714285713,-2.0,-1.0,-2.0,-0.5707929642880016,-1.0986122886681098,-0.6931471805599453,-1.0986122886681098,1.114285714285714,0.6118904032096845,toward_lower_experience,False
Smolder|16.1,Smolder,16.1,15.24,,19,18,True,50,13,1.6153846153846154,0,0.0,2.0,0.5852977407070199,0.0,0.0,1.0986122886681098,12,2.8333333333333335,0.5,0.0,2.0,0.7651617414545404,0.34657359027997264,0.0,1.0986122886681098,1.217948717948718,0.5,0.0,0.0,0.1798640007475205,0.34657359027997264,0.0,0.0,1.6025641025641029,0.26872902389623143,toward_higher_experience,True
Tristana|16.1,Tristana,16.1,15.24,,18,10,True,50,13,0.15384615384615385,0,0.0,0.0,0.10663802777845312,0.0,0.0,0.0,6,0.0,0.0,0.0,0.0,0.0,0.0,0.0,0.0,-0.15384615384615385,0.0,0.0,0.0,-0.10663802777845312,0.0,0.0,0.0,0.15384615384615385,0.10663802777845313,toward_lower_experience,False
Tryndamere|16.1,Tryndamere,16.1,15.24,,1,8,False,50,0,,,,,,,,,6,0.5,0.0,0.0,0.0,0.23104906018664842,0.0,0.0,0.0,,,,,,,,,,,not_computable,False
Twitch|16.1,Twitch,16.1,15.24,,9,16,False,50,6,0.0,0.0,0.0,0.0,0.0,0.0,0.0,0.0,13,0.7692307692307693,0,0.0,1.0,0.31991408333535937,0.0,0.0,0.6931471805599453,0.7692307692307693,0.0,0.0,1.0,0.31991408333535937,0.0,0.0,0.6931471805599453,0.7692307692307689,0.3199140833353593,toward_higher_experience,False
Viego|16.1,Viego,16.1,15.24,,12,13,True,50,8,7.5,0.5,0.0,6.0,1.0737124852753732,0.34657359027997264,0.0,1.732867951399863,9,10.0,3,1.0,9.0,1.5228550768841187,1.3862943611198906,0.6931471805599453,2.302585092994046,2.5,2.5,1.0,3.0,0.4491425916087455,1.0397207708399179,0.6931471805599453,0.5697171415941829,3.472222222222222,0.49116065073765885,toward_higher_experience,False
Xayah|16.1,Xayah,16.1,15.24,,12,11,True,50,5,0.8,0,0.0,2.0,0.4394449154672439,0.0,0.0,1.0986122886681098,9,0.2222222222222222,0,0.0,0.0,0.12206803207423442,0.0,0.0,0.0,-0.5777777777777778,0,0.0,-2.0,-0.3173768833930095,0.0,0.0,-1.0986122886681098,0.5777777777777777,0.31737688339300946,toward_lower_experience,False
Yasuo|16.1,Yasuo,16.1,15.24,,18,20,True,50,10,5.2,0.0,0.0,4.0,0.8493719835230594,0.0,0.0,1.5171063970610277,12,2.25,1.0,0.0,3.25,0.8187036954329728,0.6931471805599453,0.0,1.442080248948443,-2.95,1.0,0.0,-0.75,-0.030668288090086593,0.6931471805599453,0.0,-0.07502614811258468,3.616666666666666,0.39860958435075683,approximately_stable,True
Yone|16.1,Yone,16.1,15.24,,21,15,True,50,12,1.6666666666666667,0.0,0.0,1.0,0.5144821753251614,0.0,0.0,0.6931471805599453,9,1.7777777777777777,1,0.0,3.0,0.7481557657597065,0.6931471805599453,0.0,1.3862943611198906,0.11111111111111094,1.0,0.0,2.0,0.23367359043454516,0.6931471805599453,0.0,0.6931471805599453,1.4444444444444449,0.3606969324423614,toward_higher_experience,False
Yunara|16.1,Yunara,16.1,15.24,,10,12,True,50,4,0.5,0.5,0.0,1.0,0.34657359027997264,0.34657359027997264,0.0,0.6931471805599453,9,1.4444444444444444,1,0.0,1.0,0.6260877336854721,0.6931471805599453,0.0,0.6931471805599453,0.9444444444444444,0.5,0.0,0.0,0.27951414340549946,0.34657359027997264,0.0,0.0,0.9444444444444445,0.2795141434054995,toward_higher_experience,False
Zeri|16.1,Zeri,16.1,15.24,,7,4,False,50,5,4.8,0,0.0,0.0,0.6437751649736401,0.0,0.0,0.0,3,0.3333333333333333,0,0.0,0.5,0.23104906018664842,0.0,0.0,0.34657359027997264,-4.466666666666667,0,0.0,0.5,-0.4127261047869917,0.0,0.0,0.34657359027997264,4.7333333333333325,0.5975653529363103,toward_lower_experience,False
Aatrox|16.2,Aatrox,16.2,16.1,,5,9,False,50,4,1.5,0.5,0.0,2.0,0.6212266624470001,0.34657359027997264,0.0,0.9678002527269727,6,2.1666666666666665,0.0,0.0,0.75,0.5430160896702471,0.0,0.0,0.5198603854199589,0.6666666666666665,-0.5,0.0,-1.25,-0.07821057277675303,-0.34657359027997264,0.0,-0.44793986730701374,1.6666666666666665,0.335940535521247,approximately_stable,False
Ashe|16.2,Ashe,16.2,16.1,,7,21,False,50,5,2.8,0,0.0,1.0,0.6664409020350408,0.0,0.0,0.6931471805599453,15,3.2,1,0.0,2.5,0.8244916556733368,0.6931471805599453,0.0,1.2424533248940002,0.40000000000000036,1,0.0,1.5,0.15805075363829602,0.6931471805599453,0.0,0.5493061443340549,1.2,0.23266619202968583,toward_higher_experience,False
Gwen|16.2,Gwen,16.2,16.1,,18,11,True,50,14,2.2142857142857144,0.0,0.0,1.5,0.5229420397671056,0.0,0.0,0.8239592165010823,6,5.5,2.0,0.25,7.5,1.2377581787328842,1.0397207708399179,0.17328679513998632,2.073512410025507,3.2857142857142856,2.0,0.25,6.0,0.7148161389657786,1.0397207708399179,0.17328679513998632,1.2495531935244246,3.2857142857142856,0.7148161389657784,toward_higher_experience,False
Jayce|16.2,Jayce,16.2,16.1,,12,8,False,50,8,1.25,0.0,0.0,0.25,0.3744665341942489,0.0,0.0,0.17328679513998632,6,1.5,0.0,0.0,2.25,0.555367418362534,0.0,0.0,1.0397207708399179,0.25,0.0,0.0,2.0,0.1809008841682851,0.0,0.0,0.8664339756999315,1.0,0.27006962015296826,toward_higher_experience,False
Lillia|16.2,Lillia,16.2,16.1,,5,4,False,50,4,0.5,0.0,0.0,0.5,0.27465307216702745,0.0,0.0,0.27465307216702745,3,0.0,0,0.0,0.0,0.0,0.0,0.0,0.0,-0.5,0.0,0.0,-0.5,-0.27465307216702745,0.0,0.0,-0.27465307216702745,0.5,0.27465307216702745,toward_lower_experience,False
Malphite|16.2,Malphite,16.2,16.1,,23,18,True,50,19,0.8421052631578947,0,0.0,1.5,0.39789897184325407,0.0,0.0,0.8958797346140275,15,2.0,0,0.0,2.0,0.5623699468250485,0.0,0.0,1.0397207708399179,1.1578947368421053,0,0.0,0.5,0.16447097498179442,0.0,0.0,0.1438410362258904,1.157894736842105,0.16447097498179444,toward_higher_experience,True
Master Yi|16.2,Master Yi,16.2,16.1,,0,0,False,50,0,,,,,,,,,0,,,,,,,,,,,,,,,,,,,not_computable,False
Nunu & Willump|16.2,Nunu & Willump,16.2,16.1,,0,0,False,50,0,,,,,,,,,0,,,,,,,,,,,,,,,,,,,not_computable,False
Sivir|16.2,Sivir,16.2,16.1,,20,16,True,50,14,0.42857142857142855,0.0,0.0,0.0,0.22700384502485327,0.0,0.0,0.0,12,1.5833333333333333,0.0,0.0,1.25,0.5144821753251614,0.0,0.0,0.7945134575869863,1.1547619047619047,0.0,0.0,1.25,0.2874783303003081,0.0,0.0,0.7945134575869863,1.1547619047619047,0.2874783303003081,toward_higher_experience,True
Smolder|16.2,Smolder,16.2,16.1,,18,14,True,50,12,2.8333333333333335,0.5,0.0,2.0,0.7651617414545404,0.34657359027997264,0.0,1.0986122886681098,9,4.111111111111111,2,0.0,9.0,1.1058086351895067,1.0986122886681098,0.0,2.302585092994046,1.2777777777777772,1.5,0.0,7.0,0.34064689373496626,0.7520386983881371,0.0,1.2039728043259361,2.2777777777777786,0.40009271772475513,toward_higher_experience,False
Taliyah|16.2,Taliyah,16.2,16.1,,4,4,False,50,3,0.0,0,0.0,0.0,0.0,0.0,0.0,0.0,4,0.5,0.0,0.0,0.5,0.27465307216702745,0.0,0.0,0.27465307216702745,0.5,0.0,0.0,0.5,0.27465307216702745,0.0,0.0,0.27465307216702745,0.5,0.27465307216702745,toward_higher_experience,False
Varus|16.2,Varus,16.2,16.1,,5,20,False,50,3,0.3333333333333333,0,0.0,0.5,0.23104906018664842,0.0,0.0,0.34657359027997264,18,0.16666666666666666,0.0,0.0,0.0,0.09954219273489194,0.0,0.0,0.0,-0.16666666666666666,0.0,0.0,-0.5,-0.1315068674517565,0.0,0.0,-0.34657359027997264,0.2777777777777778,0.17655854613044145,toward_lower_experience,False
Viego|16.2,Viego,16.2,16.1,,13,19,True,50,9,10.0,3,1.0,9.0,1.5228550768841187,1.3862943611198906,0.6931471805599453,2.302585092994046,14,5.0,0.5,0.0,2.75,0.9459757308828934,0.34657359027997264,0.0,1.3143738430069454,-5.0,-2.5,-1.0,-6.25,-0.5768793460012253,-1.0397207708399179,-0.6931471805599453,-0.9882112499871005,5.0,0.5768793460012251,toward_lower_experience,False
Zed|16.2,Zed,16.2,16.1,,20,18,True,50,14,5.5,1.0,0.0,3.75,1.0385826003988279,0.6931471805599453,0.0,1.5536520246055479,13,5.769230769230769,2,0.0,6.0,1.1744534292562814,1.0986122886681098,0.0,1.9459101490553132,0.26923076923076916,1.0,0.0,2.25,0.1358708288574535,0.4054651081081645,0.0,0.3922581244497654,1.4340659340659332,0.2130460429711493,toward_higher_experience,True
Ahri|16.3,Ahri,16.3,16.2,,24,23,True,50,16,2.8125,0.0,0.0,1.25,0.6183398260426641,0.0,0.0,0.7945134575869863,17,2.8823529411764706,0,0.0,2.0,0.703207624687898,0.0,0.0,1.0986122886681098,0.06985294117647056,0.0,0.0,0.75,0.08486779864523386,0.0,0.0,0.30409883108112346,0.7389705882352939,0.13680877905677385,approximately_stable,True
Bel'Veth|16.3,Bel'Veth,16.3,16.2,,0,0,False,50,0,,,,,,,,,0,,,,,,,,,,,,,,,,,,,not_computable,False
Braum|16.3,Braum,16.3,16.2,,15,19,True,50,12,1.0,0.0,0.0,1.0,0.4509705043212533,0.0,0.0,0.6931471805599453,16,2.8125,1.0,0.0,2.0,0.8453591449567606,0.6931471805599453,0.0,1.0986122886681098,1.8125,1.0,0.0,1.0,0.39438864063550727,0.6931471805599453,0.0,0.4054651081081645,1.8125,0.39438864063550727,toward_higher_experience,True
Briar|16.3,Briar,16.3,16.2,,5,8,False,50,5,5.4,0,0.0,1.0,0.7977968093128549,0.0,0.0,0.6931471805599453,7,3.7142857142857144,0,0.0,1.0,0.6578814551411558,0.0,0.0,0.6931471805599453,-1.685714285714286,0,0.0,0.0,-0.1399153541716991,0.0,0.0,0.0,1.7428571428571407,0.17952376448940993,toward_lower_experience,False
Diana|16.3,Diana,16.3,16.2,,27,11,True,50,21,3.7142857142857144,1,0.0,3.0,0.8937130580573887,0.6931471805599453,0.0,1.3862943611198906,8,6.875,2.5,1.0,12.25,1.531657691041579,1.2424533248940002,0.6931471805599453,2.5834763504999674,3.1607142857142856,1.5,1.0,9.25,0.6379446329841902,0.5493061443340549,0.6931471805599453,1.1971819893800768,3.3869047619047614,0.6480317791252517,toward_higher_experience,False
Draven|16.3,Draven,16.3,16.2,,5,8,False,50,5,4.4,5,1.0,5.0,1.352314553760811,1.791759469228055,0.6931471805599453,1.791759469228055,5,12.0,2,1.0,25.0,1.7092727137432036,1.0986122886681098,0.6931471805599453,3.258096538021482,7.6,-3,0.0,20.0,0.35695815998239255,-0.6931471805599452,0.0,1.4663370687934272,8.8,0.6342170322063706,toward_higher_experience,False
Ekko|16.3,Ekko,16.3,16.2,,19,14,True,50,14,3.2142857142857144,0.0,0.0,2.0,0.6810115350745598,0.0,0.0,1.0986122886681098,10,1.5,0.0,0.0,0.75,0.43567088266895915,0.0,0.0,0.5198603854199589,-1.7142857142857144,0.0,0.0,-1.25,-0.24534065240560066,0.0,0.0,-0.5787519032481508,1.7142857142857149,0.24534065240560066,toward_lower_experience,True
Ezreal|16.3,Ezreal,16.3,16.2,,12,20,True,50,8,2.625,0.5,0.0,2.5,0.7538356575326579,0.34657359027997264,0.0,1.0397207708399179,12,2.4166666666666665,0.5,0.0,3.75,0.8129542894757269,0.34657359027997264,0.0,1.5261983081037462,-0.20833333333333348,0.0,0.0,1.25,0.05911863194306899,0.0,0.0,0.48647753726382836,0.8749999999999998,0.1719304282435793,approximately_stable,False
Hecarim|16.3,Hecarim,16.3,16.2,,4,7,False,50,4,3.25,1.5,0.0,4.75,0.9460474084795654,0.6931471805599453,0.0,1.6391945890395105,6,4.166666666666667,3.0,0.25,6.5,1.1882162581548954,1.2424533248940002,0.17328679513998632,2.0075210235668903,0.916666666666667,1.5,0.25,1.75,0.24216884967533003,0.5493061443340549,0.17328679513998632,0.3683264345273798,1.4166666666666667,0.2952444715284193,toward_higher_experience,False
Heimerdinger|16.3,Heimerdinger,16.3,16.2,,9,7,False,50,8,6.75,0.0,0.0,3.0,0.7907686841443874,0.0,0.0,0.6412373393653842,6,9.5,4.0,1.25,6.75,1.5924634630410954,1.5222612188617115,0.7945134575869863,2.046058693523705,2.75,4.0,1.25,3.75,0.801694778896708,1.5222612188617115,0.7945134575869863,1.404821354158321,3.8333333333333326,0.8884953725462068,toward_higher_experience,False
Jayce|16.3,Jayce,16.3,16.2,,8,4,False,50,6,1.5,0.0,0.0,2.25,0.555367418362534,0.0,0.0,1.0397207708399179,3,0.3333333333333333,0,0.0,0.5,0.23104906018664842,0.0,0.0,0.34657359027997264,-1.1666666666666667,0.0,0.0,-1.75,-0.3243183581758856,0.0,0.0,-0.6931471805599452,1.1666666666666665,0.32431835817588556,toward_lower_experience,False
Kayn|16.3,Kayn,16.3,16.2,,8,9,False,50,8,9.375,0.5,0.0,9.0,1.078278369055045,0.34657359027997264,0.0,1.4014505165739992,7,11.285714285714286,1,0.0,17.5,1.246547436646795,0.6931471805599453,0.0,2.1242476210246792,1.9107142857142865,0.5,0.0,8.5,0.16826906759174998,0.34657359027997264,0.0,0.72279710445068,1.9107142857142856,0.16826906759174998,toward_higher_experience,False
Maokai|16.3,Maokai,16.3,16.2,,1,4,False,50,0,,,,,,,,,3,1.6666666666666667,1,0.5,2.5,0.7675283643313485,0.6931471805599453,0.34657359027997264,1.1512925464970227,,,,,,,,,,,not_computable,False
Mel|16.3,Mel,16.3,16.2,,12,7,False,50,9,1.5555555555555556,0,0.0,3.0,0.6260877336854721,0.0,0.0,1.3862943611198906,5,1.6,0,0.0,0.0,0.4394449154672439,0.0,0.0,0.0,0.04444444444444451,0,0.0,-3.0,-0.1866428182182282,0.0,0.0,-1.3862943611198906,1.1111111111111112,0.3469858760410287,toward_lower_experience,False
Naafiri|16.3,Naafiri,16.3,16.2,,8,7,False,50,8,0.75,0.0,0.0,1.0,0.37446653419424886,0.0,0.0,0.6931471805599453,7,1.4285714285714286,0,0.0,0.0,0.34255646754262437,0.0,0.0,0.0,0.6785714285714286,0.0,0.0,-1.0,-0.03191006665162449,0.0,0.0,-0.6931471805599453,1.1428571428571432,0.28990826717977874,approximately_stable,False
Nilah|16.3,Nilah,16.3,16.2,,2,2,False,50,2,1.5,1.5,0.75,2.25,0.6931471805599453,0.6931471805599453,0.34657359027997264,1.0397207708399179,2,0.0,0.0,0.0,0.0,0.0,0.0,0.0,0.0,-1.5,-1.5,-0.75,-2.25,-0.6931471805599453,-0.6931471805599453,-0.34657359027997264,-1.0397207708399179,1.5,0.6931471805599453,toward_lower_experience,False
Riven|16.3,Riven,16.3,16.2,,9,7,False,50,5,0.2,0,0.0,0.0,0.13862943611198905,0.0,0.0,0.0,5,10.8,0,0.0,7.0,1.1901285105175454,0.0,0.0,2.0794415416798357,10.600000000000001,0,0.0,7.0,1.0514990744055563,0.0,0.0,2.0794415416798357,10.599999999999998,1.0514990744055563,toward_higher_experience,False
Ryze|16.3,Ryze,16.3,16.2,,16,11,True,50,10,2.0,0.5,0.0,3.25,0.7090076835776091,0.34657359027997264,0.0,1.3803652294655615,10,2.6,1.5,0.0,5.25,0.9282847062762931,0.8958797346140275,0.0,1.8060062020714576,0.6000000000000001,1.0,0.0,2.0,0.219277022698684,0.5493061443340548,0.0,0.42564097260589606,1.0,0.26390573296152586,toward_higher_experience,True
Trundle|16.3,Trundle,16.3,16.2,,5,6,False,50,3,0.0,0,0.0,0.0,0.0,0.0,0.0,0.0,4,6.25,0.0,0.0,6.25,0.8145241345053705,0.0,0.0,0.8145241345053705,6.25,0.0,0.0,6.25,0.8145241345053705,0.0,0.0,0.8145241345053705,6.25,0.8145241345053705,toward_higher_experience,False
Tryndamere|16.3,Tryndamere,16.3,16.2,,6,5,False,50,6,1.1666666666666667,0.5,0.0,1.75,0.5668662302770259,0.34657359027997264,0.0,0.9972460116410686,3,2.0,1,0.5,3.0,0.8283022165960001,0.6931471805599453,0.34657359027997264,1.2424533248940002,0.8333333333333333,0.5,0.5,1.25,0.26143598631897425,0.34657359027997264,0.34657359027997264,0.24520731325293155,0.8333333333333336,0.26143598631897425,toward_higher_experience,False
Varus|16.3,Varus,16.3,16.2,,20,14,True,50,18,0.16666666666666666,0.0,0.0,0.0,0.09954219273489194,0.0,0.0,0.0,9,1.4444444444444444,1,0.0,2.0,0.7310279124455668,0.6931471805599453,0.0,1.0986122886681098,1.2777777777777777,1.0,0.0,2.0,0.6314857197106748,0.6931471805599453,0.0,1.0986122886681098,1.2777777777777777,0.6314857197106748,toward_higher_experience,False
Vi|16.3,Vi,16.3,16.2,,6,5,False,50,6,0.3333333333333333,0.0,0.0,0.0,0.18310204811135164,0.0,0.0,0.0,5,0.2,0,0.0,0.0,0.13862943611198905,0.0,0.0,0.0,-0.1333333333333333,0.0,0.0,0.0,-0.04447261199936259,0.0,0.0,0.0,0.19999999999999996,0.09068242403669224,approximately_stable,False
Volibear|16.3,Volibear,16.3,16.2,,18,9,False,50,13,2.0,0,0.0,2.0,0.686971266859506,0.0,0.0,1.0986122886681098,7,7.285714285714286,2,1.0,10.0,1.4419681827113229,1.0986122886681098,0.5493061443340549,2.282174095733918,5.285714285714286,2,1.0,8.0,0.7549969158518168,1.0986122886681098,0.5493061443340549,1.1835618070658083,5.2857142857142865,0.7549969158518168,toward_higher_experience,False
Xin Zhao|16.3,Xin Zhao,16.3,16.2,,0,0,False,50,0,,,,,,,,,0,,,,,,,,,,,,,,,,,,,not_computable,False
Yone|16.3,Yone,16.3,16.2,,14,20,True,50,8,1.625,1.0,0.0,1.5,0.6931471805599453,0.6931471805599453,0.0,0.8664339756999315,19,1.0,0,0.0,1.0,0.43438040239904063,0.0,0.0,0.6931471805599453,-0.625,-1.0,0.0,-0.5,-0.25876677816090465,-0.6931471805599453,0.0,-0.17328679513998624,0.8355263157894736,0.2822555730360846,toward_lower_experience,False
Zaahen|16.3,Zaahen,16.3,16.2,,15,16,True,50,10,3.9,1.0,0.25,4.5,1.066914142388282,0.6931471805599453,0.17328679513998632,1.690393192201014,11,3.8181818181818183,2,0.5,5.0,1.1596034634192813,1.0986122886681098,0.34657359027997264,1.7776740307447068,-0.08181818181818157,1.0,0.25,0.5,0.09268932103099936,0.4054651081081645,0.17328679513998632,0.08728083854369273,0.9909090909090907,0.18584925200683317,approximately_stable,True
Zed|16.3,Zed,16.3,16.2,,18,12,True,50,13,5.769230769230769,2,0.0,6.0,1.1744534292562814,1.0986122886681098,0.0,1.9459101490553132,10,9.7,5.5,0.0,10.0,1.540944328386191,1.868834809141684,0.0,2.3835403727609594,3.93076923076923,3.5,0.0,4.0,0.3664908991299096,0.7702225204735742,0.0,0.4376302237056462,4.146153846153846,0.40439716140926074,toward_higher_experience,True
Ambessa|16.4,Ambessa,16.4,16.3,,13,8,False,50,11,1.0,0,0.0,0.5,0.362634913324025,0.0,0.0,0.34657359027997264,6,2.0,1.5,0.25,3.5,0.8654928084817017,0.8958797346140275,0.17328679513998632,1.4817315064926027,1.0,1.5,0.25,3.0,0.5028578951576768,0.8958797346140275,0.17328679513998632,1.13515791621263,1.5454545454545454,0.5765788239046158,toward_higher_experience,False
Annie|16.4,Annie,16.4,16.3,,5,4,False,50,3,0.0,0,0.0,0.0,0.0,0.0,0.0,0.0,3,0.3333333333333333,0,0.0,0.5,0.23104906018664842,0.0,0.0,0.34657359027997264,0.3333333333333333,0,0.0,0.5,0.23104906018664842,0.0,0.0,0.34657359027997264,0.33333333333333337,0.23104906018664845,toward_higher_experience,False
Aphelios|16.4,Aphelios,16.4,16.3,,11,5,False,50,5,12.4,4,1.0,14.0,1.7589649856029035,1.6094379124341003,0.6931471805599453,2.70805020110221,4,12.0,1.0,0.0,13.0,1.237189972594542,0.5493061443340549,0.0,1.7864961169285969,-0.40000000000000036,-3.0,-1.0,-1.0,-0.5217750130083614,-1.0601317681000455,-0.6931471805599453,-0.9215540841736132,4.800000000000002,0.6623679401858651,toward_lower_experience,False
Brand|16.4,Brand,16.4,16.3,,11,10,True,50,10,1.2,0.0,0.0,1.75,0.4969813299576001,0.0,0.0,0.9972460116410686,7,2.142857142857143,0,0.0,2.5,0.6714971951132024,0.0,0.0,1.1512925464970227,0.9428571428571428,0.0,0.0,0.75,0.1745158651556023,0.0,0.0,0.1540465348559541,0.9714285714285719,0.1861005825301213,toward_higher_experience,False
Braum|16.4,Braum,16.4,16.3,,19,14,True,50,16,2.8125,1.0,0.0,2.0,0.8453591449567606,0.6931471805599453,0.0,1.0986122886681098,9,6.0,4,2.0,5.0,1.6109563780745242,1.6094379124341003,1.0986122886681098,1.791759469228055,3.1875,3.0,2.0,3.0,0.7655972331177636,0.916290731874155,1.0986122886681098,0.6931471805599452,3.187500000000001,0.7655972331177637,toward_higher_experience,False
Camille|16.4,Camille,16.4,16.3,,4,4,False,50,4,7.5,5.5,3.0,10.0,1.6711529319169818,1.844439727056968,1.2070784343255752,2.3085142246483743,4,4.5,0.5,0.0,5.0,0.8958797346140275,0.34657359027997264,0.0,1.242453324894,-3.0,-5.0,-3.0,-5.0,-0.7752731973029543,-1.4978661367769952,-1.2070784343255752,-1.0660608997543743,3.0,0.7752731973029542,toward_lower_experience,False
Darius|16.4,Darius,16.4,16.3,,12,12,True,50,6,4.666666666666667,0.5,0.0,2.5,0.8830528944246727,0.34657359027997264,0.0,1.2130075659799042,11,4.636363636363637,1,0.0,6.5,1.007467504443434,0.6931471805599453,0.0,1.9560115027140732,-0.030303030303030276,0.5,0.0,4.0,0.1244146100187613,0.34657359027997264,0.0,0.743003936734169,1.7878787878787872,0.2234943778076497,toward_higher_experience,False
Fizz|16.4,Fizz,16.4,16.3,,6,10,False,50,4,1.25,1.0,0.75,1.5,0.6931471805599453,0.6931471805599453,0.5198603854199589,0.8664339756999315,10,1.0,1.0,0.0,1.0,0.5545177444479562,0.6931471805599453,0.0,0.6931471805599453,-0.25,0.0,-0.75,-0.5,-0.13862943611198908,0.0,-0.5198603854199589,-0.17328679513998624,0.2500000000000001,0.1386294361119891,toward_lower_experience,False
Graves|16.4,Graves,16.4,16.3,,8,10,False,50,4,2.5,0.0,0.0,2.5,0.5994738181995927,0.0,0.0,0.5994738181995927,9,0.7777777777777778,0,0.0,0.0,0.23104906018664842,0.0,0.0,0.0,-1.7222222222222223,0.0,0.0,-2.5,-0.3684247580129443,0.0,0.0,-0.5994738181995927,1.7222222222222219,0.36842475801294416,toward_lower_experience,False
Gwen|16.4,Gwen,16.4,16.3,,13,9,False,50,12,2.75,0.0,0.0,0.25,0.5188780557739555,0.0,0.0,0.17328679513998632,7,2.857142857142857,0,0.0,1.0,0.6186761914694758,0.0,0.0,0.6931471805599453,0.1071428571428572,0.0,0.0,0.75,0.09979813569552032,0.0,0.0,0.5198603854199589,1.2023809523809519,0.21281915573875398,approximately_stable,False
Hwei|16.4,Hwei,16.4,16.3,,3,6,False,50,2,3.5,3.5,1.75,5.25,1.0397207708399179,1.0397207708399179,0.5198603854199589,1.5595811562598767,5,1.8,0,0.0,1.0,0.578074351579233,0.0,0.0,0.6931471805599453,-1.7,-3.5,-1.75,-4.25,-0.46164641926068484,-1.0397207708399179,-0.5198603854199589,-0.8664339756999314,2.1000000000000005,0.5087596335232384,toward_lower_experience,False
Illaoi|16.4,Illaoi,16.4,16.3,,3,5,False,50,1,5.0,5,5.0,5.0,1.791759469228055,1.791759469228055,1.791759469228055,1.791759469228055,4,0.5,0.0,0.0,0.5,0.27465307216702745,0.0,0.0,0.27465307216702745,-4.5,-5.0,-5.0,-4.5,-1.5171063970610275,-1.791759469228055,-1.791759469228055,-1.5171063970610275,4.5,1.5171063970610275,toward_lower_experience,False
Jinx|16.4,Jinx,16.4,16.3,,21,16,True,50,16,2.625,1.5,0.0,3.25,0.9215917175376402,0.8958797346140275,0.0,1.442080248948443,11,3.4545454545454546,1,0.0,5.0,0.9695661385965167,0.6931471805599453,0.0,1.7776740307447068,0.8295454545454546,-0.5,0.0,1.75,0.047974421058876504,-0.2027325540540822,0.0,0.33559378179626376,1.1590909090909092,0.20380937423246787,approximately_stable,True
Kassadin|16.4,Kassadin,16.4,16.3,,7,2,False,50,5,3.4,0,0.0,0.0,0.5780743515792329,0.0,0.0,0.0,2,2.5,2.5,1.25,3.75,0.8958797346140275,0.8958797346140275,0.44793986730701374,1.3438196019210413,-0.8999999999999999,2.5,1.25,3.75,0.31780538303479455,0.8958797346140275,0.44793986730701374,1.3438196019210413,3.8999999999999995,0.7572502985020384,toward_higher_experience,False
Kayle|16.4,Kayle,16.4,16.3,,11,6,False,50,8,0.75,0.5,0.0,1.0,0.4332169878499658,0.34657359027997264,0.0,0.6931471805599453,6,0.0,0.0,0.0,0.0,0.0,0.0,0.0,0.0,-0.75,-0.5,0.0,-1.0,-0.4332169878499658,-0.34657359027997264,0.0,-0.6931471805599453,0.75,0.4332169878499658,toward_lower_experience,False
Kennen|16.4,Kennen,16.4,16.3,,5,2,False,50,3,0.3333333333333333,0,0.0,0.5,0.23104906018664842,0.0,0.0,0.34657359027997264,1,0.0,0,0.0,0.0,0.0,0.0,0.0,0.0,-0.3333333333333333,0,0.0,-0.5,-0.23104906018664842,0.0,0.0,-0.34657359027997264,0.33333333333333337,0.23104906018664845,toward_lower_experience,False
Lee Sin|16.4,Lee Sin,16.4,16.3,,0,0,False,50,0,,,,,,,,,0,,,,,,,,,,,,,,,,,,,not_computable,False
Lux|16.4,Lux,16.4,16.3,,19,20,True,50,15,6.8,1,0.0,5.0,1.0385584402358232,0.6931471805599453,0.0,1.4978661367769956,20,6.2,0.0,0.0,9.25,0.9839070616614395,0.0,0.0,2.3264126379451273,-0.5999999999999996,-1.0,0.0,4.25,-0.054651378574383735,-0.6931471805599453,0.0,0.8285465011681317,1.8999999999999995,0.2964049613728905,approximately_stable,True
Maokai|16.4,Maokai,16.4,16.3,,4,7,False,50,3,1.6666666666666667,1,0.5,2.5,0.7675283643313485,0.6931471805599453,0.34657359027997264,1.1512925464970227,6,1.1666666666666667,1.0,0.0,2.0,0.5972531564093516,0.5493061443340549,0.0,1.0986122886681098,-0.5,0.0,-0.5,-0.5,-0.1702752079219969,-0.1438410362258904,-0.34657359027997264,-0.052680257828912946,0.8333333333333334,0.3054302439580517,toward_lower_experience,False
Naafiri|16.4,Naafiri,16.4,16.3,,7,7,False,50,7,1.4285714285714286,0,0.0,0.0,0.34255646754262437,0.0,0.0,0.0,7,0.8571428571428571,0,0.0,1.5,0.45400769004970654,0.0,0.0,0.8958797346140275,-0.5714285714285715,0,0.0,1.5,0.11145122250708217,0.0,0.0,0.8958797346140275,1.4285714285714288,0.4004800544152193,toward_higher_experience,False
Qiyana|16.4,Qiyana,16.4,16.3,,8,5,False,50,7,1.8571428571428572,0,0.0,2.0,0.6260038049534117,0.0,0.0,1.0397207708399179,5,4.8,4,0.0,9.0,1.2793859310432292,1.6094379124341003,0.0,2.302585092994046,2.9428571428571426,4,0.0,7.0,0.6533821260898175,1.6094379124341003,0.0,1.262864322154128,2.9428571428571426,0.6533821260898175,toward_higher_experience,False
Rengar|16.4,Rengar,16.4,16.3,,5,4,False,50,4,4.25,1.5,0.0,5.75,1.023586140555525,0.6931471805599453,0.0,1.7167333211154703,3,2.6666666666666665,0,0.0,4.0,0.7324081924454066,0.0,0.0,1.0986122886681098,-1.5833333333333335,-1.5,0.0,-1.75,-0.29117794811011855,-0.6931471805599453,0.0,-0.6181210324473605,2.416666666666667,0.42633298414617343,toward_lower_experience,False
Rumble|16.4,Rumble,16.4,16.3,,3,2,False,50,2,13.0,13.0,8.0,18.0,2.282174095733918,2.282174095733918,1.8342342284269044,2.730113963040932,1,26.0,26,26.0,26.0,3.295836866004329,3.295836866004329,3.295836866004329,3.295836866004329,13.0,13.0,18.0,8.0,1.013662770270411,1.013662770270411,1.4616026375774247,0.565722902963397,13.0,1.013662770270411,toward_higher_experience,False
Ryze|16.4,Ryze,16.4,16.3,,11,4,False,50,10,2.6,1.5,0.0,5.25,0.9282847062762931,0.8958797346140275,0.0,1.8060062020714576,4,3.0,2.5,0.0,5.5,0.9678002527269727,0.8958797346140275,0.0,1.8636799873410004,0.3999999999999999,1.0,0.0,0.25,0.03951554645067956,0.0,0.0,0.05767378526954281,0.7,0.1935600505453945,approximately_stable,False
Samira|16.4,Samira,16.4,16.3,,5,4,False,50,5,0.4,0,0.0,1.0,0.2772588722239781,0.0,0.0,0.6931471805599453,4,0.25,0.0,0.0,0.25,0.17328679513998632,0.0,0.0,0.17328679513998632,-0.15000000000000002,0.0,0.0,-0.75,-0.10397207708399178,0.0,0.0,-0.5198603854199589,0.15000000000000002,0.10397207708399181,toward_lower_experience,False
Senna|16.4,Senna,16.4,16.3,,12,15,True,50,10,2.0,0.0,0.0,4.0,0.6628041376179533,0.0,0.0,1.5171063970610277,12,2.0833333333333335,0.0,0.0,1.5,0.6012699982275082,0.0,0.0,0.8664339756999315,0.08333333333333348,0.0,0.0,-2.5,-0.061534139390445164,0.0,0.0,-0.6506724213610962,1.2833333333333337,0.1906371731957761,approximately_stable,True
Swain|16.4,Swain,16.4,16.3,,14,12,True,50,11,1.8181818181818181,0,0.0,2.0,0.577827969154172,0.0,0.0,1.0397207708399179,9,1.4444444444444444,1,0.0,2.0,0.6540115590500173,0.6931471805599453,0.0,1.0986122886681098,-0.3737373737373737,1,0.0,0.0,0.07618358989584528,0.6931471805599453,0.0,0.05889151782819191,0.9595959595959598,0.25705199161010994,approximately_stable,False
Syndra|16.4,Syndra,16.4,16.3,,11,11,True,50,11,6.909090909090909,0,0.0,3.5,0.9102944014995679,0.0,0.0,1.4451858789480823,9,6.555555555555555,2,0.0,4.0,1.1686212806395133,1.0986122886681098,0.0,1.6094379124341003,-0.3535353535353538,2,0.0,0.5,0.25832687913994545,1.0986122886681098,0.0,0.16425203348601802,3.1414141414141397,0.48717833715971515,toward_higher_experience,False
Teemo|16.4,Teemo,16.4,16.3,,8,8,False,50,5,9.8,0,0.0,0.0,0.7824046010856291,0.0,0.0,0.0,7,12.714285714285714,4,0.5,17.5,1.6128259876651454,1.6094379124341003,0.34657359027997264,2.5375869076169133,2.914285714285713,4,0.5,17.5,0.8304213865795163,1.6094379124341003,0.34657359027997264,2.5375869076169133,4.971428571428571,0.8814256268799072,toward_higher_experience,False
Twitch|16.4,Twitch,16.4,16.3,,10,13,True,50,7,0.8571428571428571,0,0.0,1.5,0.45400769004970654,0.0,0.0,0.8958797346140275,11,0.6363636363636364,0,0.0,1.0,0.32577444895055546,0.0,0.0,0.5493061443340549,-0.22077922077922074,0,0.0,-0.5,-0.12823324109915107,0.0,0.0,-0.3465735902799726,0.22077922077922085,0.1282332410991511,toward_lower_experience,False
Udyr|16.4,Udyr,16.4,16.3,,4,2,False,50,2,0.0,0.0,0.0,0.0,0.0,0.0,0.0,0.0,2,0.0,0.0,0.0,0.0,0.0,0.0,0.0,0.0,0.0,0.0,0.0,0.0,0.0,0.0,0.0,0.0,0.0,0.0,approximately_stable,False
Xayah|16.4,Xayah,16.4,16.3,,7,10,False,50,5,0.0,0,0.0,0.0,0.0,0.0,0.0,0.0,9,0.4444444444444444,0,0.0,1.0,0.3080654135821979,0.0,0.0,0.6931471805599453,0.4444444444444444,0,0.0,1.0,0.3080654135821979,0.0,0.0,0.6931471805599453,0.4444444444444444,0.3080654135821979,toward_higher_experience,False
Zac|16.4,Zac,16.4,16.3,,5,6,False,50,4,6.75,3.5,0.0,10.25,1.2809909948508147,1.0397207708399179,0.0,2.3207117656907323,3,18.666666666666668,8,4.5,27.5,2.253857589601352,2.1972245773362196,1.4451858789480825,3.0342127941220554,11.916666666666668,4.5,4.5,17.25,0.9728665947505375,1.1575038064963017,1.4451858789480825,0.713501028431323,11.916666666666668,0.9728665947505375,toward_higher_experience,False
Akali|16.5,Akali,16.5,16.4,,16,13,True,50,14,1.9285714285714286,0.0,0.0,1.0,0.45096771759122106,0.0,0.0,0.6931471805599453,12,4.666666666666667,1.0,0.0,2.0,0.9121274574763203,0.6931471805599453,0.0,1.0986122886681098,2.738095238095238,1.0,0.0,1.0,0.46115973988509923,0.6931471805599453,0.0,0.4054651081081645,2.738095238095239,0.4611597398850993,toward_higher_experience,True
Azir|16.5,Azir,16.5,16.4,,2,2,False,50,2,0.0,0.0,0.0,0.0,0.0,0.0,0.0,0.0,1,1.0,1,1.0,1.0,0.6931471805599453,0.6931471805599453,0.6931471805599453,0.6931471805599453,1.0,1.0,1.0,1.0,0.6931471805599453,0.6931471805599453,0.6931471805599453,0.6931471805599453,1.0,0.6931471805599453,toward_higher_experience,False
Garen|16.5,Garen,16.5,16.4,,10,20,True,50,8,3.25,3.0,1.75,4.0,1.334199471779025,1.3862943611198906,0.9972460116410686,1.6094379124341003,18,0.9444444444444444,0.0,0.0,1.0,0.44479819820279143,0.0,0.0,0.6931471805599453,-2.3055555555555554,-3.0,-1.75,-3.0,-0.8894012735762337,-1.3862943611198906,-0.9972460116410686,-0.916290731874155,2.305555555555556,0.8894012735762338,toward_lower_experience,False
Lee Sin|16.5,Lee Sin,16.5,16.4,,0,0,False,50,0,,,,,,,,,0,,,,,,,,,,,,,,,,,,,not_computable,False
Lillia|16.5,Lillia,16.5,16.4,,4,7,False,50,4,2.25,0.0,0.0,2.25,0.5756462732485115,0.0,0.0,0.5756462732485115,7,7.571428571428571,1,0.0,6.0,1.1290324012472477,0.6931471805599453,0.0,1.7482537807332403,5.321428571428571,1.0,0.0,3.75,0.5533861279987362,0.6931471805599453,0.0,1.1726075074847289,5.321428571428573,0.5533861279987363,toward_higher_experience,False
Mel|16.5,Mel,16.5,16.4,,5,11,False,50,5,2.4,1,0.0,5.0,0.8861633597686627,0.6931471805599453,0.0,1.791759469228055,10,1.4,1.0,0.0,2.0,0.6761572768804056,0.6931471805599453,0.0,1.0986122886681098,-1.0,0.0,0.0,-3.0,-0.21000608288825706,0.0,0.0,-0.6931471805599452,1.0,0.21000608288825717,toward_lower_experience,False
Neeko|16.5,Neeko,16.5,16.4,,10,5,False,50,9,1.6666666666666667,1,1.0,2.0,0.8080442658411163,0.6931471805599453,0.6931471805599453,1.0986122886681098,5,1.4,1,0.0,3.0,0.6931471805599453,0.6931471805599453,0.0,1.3862943611198906,-0.26666666666666683,0,-1.0,1.0,-0.11489708528117104,0.0,-0.6931471805599453,0.2876820724517808,0.7555555555555556,0.2712460587895594,toward_lower_experience,False
Nocturne|16.5,Nocturne,16.5,16.4,,4,10,False,50,4,2.75,1.0,0.0,3.75,0.850299345415539,0.5493061443340549,0.0,1.3996054897495938,9,1.7777777777777777,0,0.0,0.0,0.4751851243351173,0.0,0.0,0.0,-0.9722222222222223,-1.0,0.0,-3.75,-0.3751142210804217,-0.5493061443340549,0.0,-1.3996054897495938,1.4166666666666665,0.41563012259018933,toward_lower_experience,False
Orianna|16.5,Orianna,16.5,16.4,,11,15,True,50,7,2.142857142857143,0,0.0,1.5,0.6223869752413702,0.0,0.0,0.8958797346140275,14,2.7142857142857144,1.0,0.0,5.25,0.8862437291542778,0.6931471805599453,0.0,1.8060062020714576,0.5714285714285716,1.0,0.0,3.75,0.26385675391290764,0.6931471805599453,0.0,0.9101264674574301,1.285714285714286,0.33321501331029346,toward_higher_experience,False
Samira|16.5,Samira,16.5,16.4,,4,6,False,50,4,0.25,0.0,0.0,0.25,0.17328679513998632,0.0,0.0,0.17328679513998632,5,0.2,0,0.0,0.0,0.13862943611198905,0.0,0.0,0.0,-0.04999999999999999,0.0,0.0,-0.25,-0.03465735902799727,0.0,0.0,-0.17328679513998632,0.050000000000000044,0.0346573590279973,approximately_stable,False
Taliyah|16.5,Taliyah,16.5,16.4,,2,2,False,50,2,2.0,2.0,1.0,3.0,0.8047189562170501,0.8047189562170501,0.40235947810852507,1.2070784343255752,1,0.0,0,0.0,0.0,0.0,0.0,0.0,0.0,-2.0,-2.0,-1.0,-3.0,-0.8047189562170501,-0.8047189562170501,-0.40235947810852507,-1.2070784343255752,2.0,0.8047189562170501,toward_lower_experience,False
Varus|16.5,Varus,16.5,16.4,,10,9,False,50,8,3.0,1.0,0.0,6.25,0.9283186340496631,0.5493061443340549,0.0,1.9792929972114437,8,4.75,1.5,0.0,9.75,1.170918015098231,0.8958797346140275,0.0,2.3681761591109187,1.75,0.5,0.0,3.5,0.24259938104856793,0.3465735902799726,0.0,0.388883161899475,1.75,0.24259938104856787,toward_higher_experience,False
Volibear|16.5,Volibear,16.5,16.4,,7,6,False,50,7,6.857142857142857,3,0.5,8.5,1.3800201848434857,1.3862943611198906,0.34657359027997264,2.1242476210246792,4,5.25,5.0,2.5,7.75,1.6391945890395105,1.732867951399863,1.2130075659799042,2.1590549744594694,-1.6071428571428568,2.0,2.0,-0.75,0.2591744041960249,0.3465735902799725,0.8664339756999315,0.034807353434790134,4.321428571428573,0.6177700404741264,toward_higher_experience,False
Ahri|16.6,Ahri,16.6,16.5,,20,17,True,50,17,4.705882352941177,0,0.0,4.0,0.8663351104854904,0.0,0.0,1.6094379124341003,16,3.5,1.5,0.0,2.5,0.9770586108713066,0.8958797346140275,0.0,1.2263186946096074,-1.2058823529411766,1.5,0.0,-1.5,0.11072350038581624,0.8958797346140275,0.0,-0.3831192178244929,2.191176470588236,0.43965526676845734,toward_higher_experience,True
Azir|16.6,Azir,16.6,16.5,,2,2,False,50,1,1.0,1,1.0,1.0,0.6931471805599453,0.6931471805599453,0.6931471805599453,0.6931471805599453,2,0.5,0.5,0.25,0.75,0.34657359027997264,0.34657359027997264,0.17328679513998632,0.5198603854199589,-0.5,-0.5,-0.75,-0.25,-0.34657359027997264,-0.34657359027997264,-0.5198603854199589,-0.17328679513998635,0.5,0.34657359027997264,toward_lower_experience,False
Cassiopeia|16.6,Cassiopeia,16.6,16.5,,2,2,False,50,2,0.0,0.0,0.0,0.0,0.0,0.0,0.0,0.0,2,0.5,0.5,0.25,0.75,0.34657359027997264,0.34657359027997264,0.17328679513998632,0.5198603854199589,0.5,0.5,0.25,0.75,0.34657359027997264,0.34657359027997264,0.17328679513998632,0.5198603854199589,0.5,0.34657359027997264,toward_higher_experience,False
Lissandra|16.6,Lissandra,16.6,16.5,,4,7,False,50,4,5.75,2.0,1.5,6.25,1.2982392127225526,1.0986122886681098,0.8239592165010823,1.5728922848895799,6,3.6666666666666665,0.5,0.0,3.25,0.8654928084817017,0.34657359027997264,0.0,1.3803652294655615,-2.0833333333333335,-1.5,-1.5,-3.0,-0.43274640424085087,-0.7520386983881371,-0.8239592165010823,-0.19252705542401838,2.4166666666666674,0.5178840082018494,toward_lower_experience,False
Olaf|16.6,Olaf,16.6,16.5,,1,5,False,50,1,6.0,6,6.0,6.0,1.9459101490553132,1.9459101490553132,1.9459101490553132,1.9459101490553132,4,3.0,2.0,0.0,5.0,0.9516656224425799,0.8047189562170501,0.0,1.7563845786596302,-3.0,-4.0,-6.0,-1.0,-0.9942445266127333,-1.1411911928382632,-1.9459101490553132,-0.18952557039568307,4.0,1.1199017407531864,toward_lower_experience,False
Pyke|16.6,Pyke,16.6,16.5,,3,9,False,50,2,1.5,1.5,0.75,2.25,0.6931471805599453,0.6931471805599453,0.34657359027997264,1.0397207708399179,8,1.0,1.0,0.0,1.0,0.5477533293342352,0.6931471805599453,0.0,0.6931471805599453,-0.5,-0.5,-0.75,-1.25,-0.14539385122571014,0.0,-0.34657359027997264,-0.3465735902799726,1.0,0.37446653419424886,toward_lower_experience,False
Shen|16.6,Shen,16.6,16.5,,15,13,True,50,13,6.538461538461538,1,0.0,14.0,1.159435682673918,0.6931471805599453,0.0,2.70805020110221,11,8.181818181818182,1,0.5,12.0,1.4098147516093653,0.6931471805599453,0.34657359027997264,2.445174564110877,1.6433566433566433,0,0.5,-2.0,0.25037906893544726,0.0,0.34657359027997264,-0.2628756369913332,2.2027972027972043,0.303675576071594,toward_higher_experience,True
Skarner|16.6,Skarner,16.6,16.5,,0,2,False,50,0,,,,,,,,,2,0.0,0.0,0.0,0.0,0.0,0.0,0.0,0.0,,,,,,,,,,,not_computable,False
Tryndamere|16.6,Tryndamere,16.6,16.5,,0,7,False,50,0,,,,,,,,,7,3.2857142857142856,0,0.0,3.0,0.808994354305135,0.0,0.0,1.3862943611198906,,,,,,,,,,,not_computable,False
Zaahen|16.6,Zaahen,16.6,16.5,,15,12,True,50,13,3.1538461538461537,2,0.0,3.0,1.010463812936011,1.0986122886681098,0.0,1.3862943611198906,11,2.5454545454545454,1,0.0,4.0,0.8287299720459038,0.6931471805599453,0.0,1.6094379124341003,-0.6083916083916083,-1,0.0,1.0,-0.18173384089010725,-0.4054651081081645,0.0,0.2231435513142097,1.0419580419580416,0.2645271918101236,toward_lower_experience,True
Cassiopeia|16.7,Cassiopeia,16.7,16.6,,2,2,False,50,2,0.5,0.5,0.25,0.75,0.34657359027997264,0.34657359027997264,0.17328679513998632,0.5198603854199589,1,11.0,11,11.0,11.0,2.4849066497880004,2.4849066497880004,2.4849066497880004,2.4849066497880004,10.5,10.5,10.75,10.25,2.1383330595080277,2.1383330595080277,2.311619854648014,1.9650462643680413,10.5,2.1383330595080277,toward_higher_experience,False
Graves|16.7,Graves,16.7,16.6,,12,11,True,50,12,4.083333333333333,1.0,0.0,7.25,1.104484383652044,0.6931471805599453,0.0,2.1088873005939317,10,4.5,1.0,0.0,5.75,1.0445753702136438,0.5493061443340549,0.0,1.9073724790984987,0.41666666666666696,0.0,0.0,-1.5,-0.05990901343840016,-0.1438410362258904,0.0,-0.20151482149543298,1.2499999999999996,0.2458309544611096,approximately_stable,True
Kalista|16.7,Kalista,16.7,16.6,,1,0,False,50,1,0.0,0,0.0,0.0,0.0,0.0,0.0,0.0,0,,,,,,,,,,,,,,,,,,,not_computable,False
Karma|16.7,Karma,16.7,16.6,,22,19,True,50,21,3.8095238095238093,1,0.0,7.0,1.0057480521849846,0.6931471805599453,0.0,2.0794415416798357,17,3.7058823529411766,1,0.0,3.0,0.9925705403795007,0.6931471805599453,0.0,1.3862943611198906,-0.10364145658263269,0,0.0,-4.0,-0.013177511805483988,0.0,0.0,-0.6931471805599452,1.0840336134453783,0.12813433884677689,approximately_stable,True
Nami|16.7,Nami,16.7,16.6,,22,20,True,50,17,7.235294117647059,1,0.0,3.0,1.050055918712668,0.6931471805599453,0.0,1.3862943611198906,16,8.75,3.0,0.0,14.5,1.5367388262975028,1.354025100551105,0.0,2.7393409868407117,1.5147058823529411,2.0,0.0,11.5,0.4866829075848349,0.6608779199911597,0.0,1.3530466257208211,3.742647058823529,0.5765468471639154,toward_higher_experience,True
Ornn|16.7,Ornn,16.7,16.6,,11,11,True,50,9,0.3333333333333333,0,0.0,0.0,0.19908438546978388,0.0,0.0,0.0,7,1.8571428571428572,0,0.0,0.5,0.46544236257449745,0.0,0.0,0.34657359027997264,1.523809523809524,0,0.0,0.5,0.26635797710471354,0.0,0.0,0.34657359027997264,1.5238095238095242,0.2663579771047136,toward_higher_experience,False
Rell|16.7,Rell,16.7,16.6,,4,6,False,50,4,3.75,3.5,2.25,5.0,1.2982392127225526,1.4978661367769954,1.0397207708399179,1.7563845786596302,5,2.0,2,0.0,2.0,0.8286269452783065,1.0986122886681098,0.0,1.0986122886681098,-1.75,-1.5,-2.25,-3.0,-0.4696122674442461,-0.39925384810888565,-1.0397207708399179,-0.6577722899915204,1.7500000000000002,0.4696122674442461,toward_lower_experience,False
Shyvana|16.7,Shyvana,16.7,16.6,,15,4,False,50,13,0.3076923076923077,0,0.0,0.0,0.12380291634108463,0.0,0.0,0.0,4,4.75,4.5,3.0,6.25,1.4497731636151314,1.7005986908310775,1.2070784343255752,1.943293420120634,4.4423076923076925,4.5,3.0,6.25,1.3259702472740469,1.7005986908310775,1.2070784343255752,1.943293420120634,4.4423076923076925,1.3259702472740469,toward_higher_experience,False
Singed|16.7,Singed,16.7,16.6,,9,4,False,50,9,6.444444444444445,0,0.0,1.0,0.8305932485074152,0.0,0.0,0.6931471805599453,4,16.25,7.5,4.25,19.5,2.2950218322012903,2.0948273710132126,1.6184726740880688,2.7713765291264347,9.805555555555555,7.5,4.25,18.5,1.464428583693875,2.0948273710132126,1.6184726740880688,2.0782293485664893,9.805555555555554,1.464428583693875,toward_higher_experience,False
Veigar|16.7,Veigar,16.7,16.6,,12,11,True,50,12,6.666666666666667,1.0,0.0,6.0,1.1081278691807868,0.5493061443340549,0.0,1.8483157736909592,10,6.6,2.0,0.0,5.0,1.1571043418304876,1.0397207708399179,0.0,1.791759469228055,-0.06666666666666732,1.0,0.0,-1.0,0.04897647264970084,0.490414626505863,0.0,-0.05655630446290427,1.8333333333333317,0.23441951054335666,approximately_stable,True
Dr. Mundo|16.8,Dr. Mundo,16.8,16.7,,0,0,False,50,0,,,,,,,,,0,,,,,,,,,,,,,,,,,,,not_computable,False
Hwei|16.8,Hwei,16.8,16.7,,9,7,False,50,9,1.6666666666666667,1,0.0,3.0,0.7832505379173151,0.6931471805599453,0.0,1.3862943611198906,7,3.2857142857142856,2,1.0,4.0,1.1698127320634573,1.0986122886681098,0.6931471805599453,1.6094379124341003,1.6190476190476188,1,1.0,1.0,0.3865621941461421,0.4054651081081645,0.6931471805599453,0.2231435513142097,1.6190476190476195,0.3865621941461422,toward_higher_experience,False
Karma|16.8,Karma,16.8,16.7,,19,12,True,50,17,3.7058823529411766,1,0.0,3.0,0.9925705403795007,0.6931471805599453,0.0,1.3862943611198906,9,7.0,5,2.0,12.0,1.663060253242831,1.791759469228055,1.0986122886681098,2.5649493574615367,3.2941176470588234,4,2.0,9.0,0.6704897128633303,1.0986122886681096,1.0986122886681098,1.1786549963416462,3.3071895424836595,0.671391580464467,toward_higher_experience,False
Lillia|16.8,Lillia,16.8,16.7,,5,7,False,50,4,11.5,3.0,1.75,12.75,1.772519208944023,1.354025100551105,0.9972460116410686,2.129298297854059,7,6.0,0,0.0,1.5,0.7829484176202844,0.0,0.0,0.8958797346140275,-5.5,-3.0,-1.75,-11.25,-0.9895707913237385,-1.354025100551105,-0.9972460116410686,-1.2334185632400316,5.499999999999998,0.9895707913237384,toward_lower_experience,False
Lucian|16.8,Lucian,16.8,16.7,,8,12,False,50,6,2.0,1.5,0.25,2.75,0.8539939965672098,0.8958797346140275,0.17328679513998632,1.3143738430069454,11,0.36363636363636365,0,0.0,0.5,0.22590060452618185,0.0,0.0,0.34657359027997264,-1.6363636363636362,-1.5,-0.25,-2.25,-0.6280933920410279,-0.8958797346140275,-0.17328679513998632,-0.9678002527269727,1.6363636363636362,0.628093392041028,toward_lower_experience,False
Mel|16.8,Mel,16.8,16.7,,13,11,True,50,12,1.5,0.5,0.0,1.25,0.5801869553555172,0.34657359027997264,0.0,0.7945134575869863,10,2.4,1.0,0.0,3.5,0.8438149984075786,0.6931471805599453,0.0,1.4817315064926027,0.8999999999999999,0.5,0.0,2.25,0.26362804305206133,0.34657359027997264,0.0,0.6872180489056163,0.8999999999999997,0.2636280430520612,toward_higher_experience,True
Tahm Kench|16.8,Tahm Kench,16.8,16.7,,0,0,False,50,0,,,,,,,,,0,,,,,,,,,,,,,,,,,,,not_computable,False
Yuumi|16.8,Yuumi,16.8,16.7,,4,3,False,50,3,13.333333333333334,15,8.5,19.0,2.3497516137519456,2.772588722239781,1.9356005054539454,2.9753212762938634,3,13.0,15,7.5,19.5,1.9971548490359938,2.772588722239781,1.3862943611198906,2.995732273553991,-0.3333333333333339,0,-1.0,0.5,-0.3525967647159518,0.0,-0.5493061443340548,0.020410997260127406,1.0,0.3798114277294548,toward_lower_experience,False
Zilean|16.8,Zilean,16.8,16.7,,6,6,False,50,5,0.6,0,0.0,0.0,0.2772588722239781,0.0,0.0,0.0,4,3.25,2.0,0.75,4.5,1.0955066586684705,1.0397207708399179,0.5198603854199589,1.6153670440884293,2.65,2.0,0.75,4.5,0.8182477864444924,1.0397207708399179,0.5198603854199589,1.6153670440884293,2.6500000000000004,0.8182477864444924,toward_higher_experience,False
Zyra|16.8,Zyra,16.8,16.7,,6,4,False,50,5,4.8,6,0.0,9.0,1.310216067008681,1.9459101490553132,0.0,2.302585092994046,3,0.3333333333333333,0,0.0,0.5,0.23104906018664842,0.0,0.0,0.34657359027997264,-4.466666666666667,-6,0.0,-8.5,-1.0791670068220327,-1.9459101490553132,0.0,-1.9560115027140732,4.466666666666667,1.0791670068220327,toward_lower_experience,False
Ambessa|16.9,Ambessa,16.9,16.8,,13,10,True,50,12,3.5833333333333335,1.0,0.0,4.0,0.9656013564625399,0.6931471805599453,0.0,1.423433034700675,9,3.0,1,0.0,4.0,0.9021884725508055,0.6931471805599453,0.0,1.6094379124341003,-0.5833333333333335,0.0,0.0,0.0,-0.06341288391173439,0.0,0.0,0.18600487773342533,1.25,0.24721777188717253,approximately_stable,False
Briar|16.9,Briar,16.9,16.8,,2,4,False,50,1,0.0,0,0.0,0.0,0.0,0.0,0.0,0.0,3,3.3333333333333335,4,2.0,5.0,1.1851160204964712,1.6094379124341003,0.8047189562170501,1.7776740307447068,3.3333333333333335,4,2.0,5.0,1.1851160204964712,1.6094379124341003,0.8047189562170501,1.7776740307447068,3.333333333333334,1.1851160204964712,toward_higher_experience,False
Ezreal|16.9,Ezreal,16.9,16.8,,21,26,True,50,17,5.647058823529412,4,2.0,7.0,1.5347511825974425,1.6094379124341003,1.0986122886681098,2.0794415416798357,23,3.391304347826087,1,0.0,5.0,0.9626315602568772,0.6931471805599453,0.0,1.791759469228055,-2.255754475703325,-3,-2.0,-2.0,-0.5721196223405652,-0.916290731874155,-1.0986122886681098,-0.2876820724517808,2.2557544757033248,0.5721196223405651,toward_lower_experience,True
Gragas|16.9,Gragas,16.9,16.8,,4,5,False,50,4,1.5,1.5,0.0,3.0,0.6931471805599453,0.6931471805599453,0.0,1.3862943611198906,5,2.6,3,0.0,3.0,0.9704060527839233,1.3862943611198906,0.0,1.3862943611198906,1.1,1.5,0.0,0.0,0.27725887222397805,0.6931471805599453,0.0,0.0,1.0999999999999996,0.27725887222397805,toward_higher_experience,False
Kennen|16.9,Kennen,16.9,16.8,,5,4,False,50,5,4.8,0,0.0,2.0,0.846821300919452,0.0,0.0,1.0986122886681098,4,6.0,1.0,0.0,7.0,1.058526626149315,0.5493061443340549,0.0,1.6078327704833697,1.2000000000000002,1.0,0.0,5.0,0.21170532522986296,0.5493061443340549,0.0,0.5092204818152599,1.2000000000000008,0.21170532522986302,toward_higher_experience,False
Shyvana|16.9,Shyvana,16.9,16.8,,7,6,False,50,7,3.7142857142857144,1,0.0,7.0,1.0458840795342113,0.6931471805599453,0.0,2.0715673631957663,5,2.8,0,0.0,2.0,0.7327123292259292,0.0,0.0,1.0986122886681098,-0.9142857142857146,-1,0.0,-5.0,-0.31317175030828204,-0.6931471805599453,0.0,-0.9729550745276565,1.6571428571428573,0.3780667845150429,toward_lower_experience,False
Tahm Kench|16.9,Tahm Kench,16.9,16.8,,0,0,False,50,0,,,,,,,,,0,,,,,,,,,,,,,,,,,,,not_computable,False
Taliyah|16.9,Taliyah,16.9,16.8,,4,5,False,50,2,0.5,0.5,0.25,0.75,0.34657359027997264,0.34657359027997264,0.17328679513998632,0.5198603854199589,4,3.25,1.0,0.0,4.25,0.8958797346140275,0.5493061443340549,0.0,1.4451858789480823,2.75,0.5,-0.25,3.5,0.5493061443340548,0.20273255405408225,-0.17328679513998632,0.9253254935281233,2.75,0.5493061443340549,toward_higher_experience,False
Teemo|16.9,Teemo,16.9,16.8,,5,24,False,50,5,14.2,0,0.0,25.0,1.4216488279463082,0.0,0.0,3.258096538021482,20,3.95,0.5,0.0,2.25,0.7808950657130495,0.34657359027997264,0.0,1.170532806781055,-10.25,0.5,0.0,-22.75,-0.6407537622332588,0.34657359027997264,0.0,-2.087563731240427,10.449999999999998,0.7793831983452477,toward_lower_experience,False
Udyr|16.9,Udyr,16.9,16.8,,4,4,False,50,4,0.75,0.0,0.0,0.75,0.34657359027997264,0.0,0.0,0.34657359027997264,3,5.666666666666667,4,2.0,8.5,1.4161650806831194,1.6094379124341003,0.8047189562170501,2.1242476210246792,4.916666666666667,4.0,2.0,7.75,1.0695914904031467,1.6094379124341003,0.8047189562170501,1.7776740307447065,4.916666666666667,1.069591490403147,toward_higher_experience,False
Warwick|16.9,Warwick,16.9,16.8,,5,11,False,50,5,7.4,1,1.0,3.0,1.2538192567412523,0.6931471805599453,0.6931471805599453,1.3862943611198906,8,4.125,1.0,0.0,4.25,0.9544129857824268,0.5493061443340549,0.0,1.6550183016325888,-3.2750000000000004,0.0,-1.0,1.25,-0.29940627095882544,-0.1438410362258904,-0.6931471805599453,0.2687239405126982,3.924999999999999,0.47683169121982716,toward_lower_experience,False
Xin Zhao|16.9,Xin Zhao,16.9,16.8,,0,0,False,50,0,,,,,,,,,0,,,,,,,,,,,,,,,,,,,not_computable,False
Zeri|16.9,Zeri,16.9,16.8,,5,5,False,50,3,11.333333333333334,0,0.0,17.0,1.1851160204964712,0.0,0.0,1.7776740307447068,5,0.4,0,0.0,1.0,0.2772588722239781,0.0,0.0,0.6931471805599453,-10.933333333333334,0,0.0,-16.0,-0.9078571482724931,0.0,0.0,-1.0845268501847616,11.066666666666668,1.0002767723471526,toward_lower_experience,False
Zoe|16.9,Zoe,16.9,16.8,,3,1,False,50,2,0.5,0.5,0.25,0.75,0.34657359027997264,0.34657359027997264,0.17328679513998632,0.5198603854199589,0,,,,,,,,,,,,,,,,,,,not_computable,False
Ambessa|16.10,Ambessa,16.10,16.9,,10,10,True,50,9,3.0,1,0.0,4.0,0.9021884725508055,0.6931471805599453,0.0,1.6094379124341003,10,2.6,0.5,0.0,2.5,0.7103322062526112,0.34657359027997264,0.0,1.2130075659799042,-0.3999999999999999,-0.5,0.0,-1.5,-0.1918562662981943,-0.34657359027997264,0.0,-0.39643034645419606,1.4000000000000004,0.25293259620843067,toward_lower_experience,False
Anivia|16.10,Anivia,16.10,16.9,,10,11,True,50,6,3.3333333333333335,0.0,0.0,0.0,0.5074204062872372,0.0,0.0,0.0,10,3.9,1.0,0.0,1.75,0.8946374826141718,0.6931471805599453,0.0,0.9972460116410686,0.5666666666666664,1.0,0.0,1.75,0.3872170763269346,0.6931471805599453,0.0,0.9972460116410686,1.4333333333333331,0.43323293789197337,toward_higher_experience,False
Ashe|16.10,Ashe,16.10,16.9,,23,31,True,50,19,2.6315789473684212,1,0.0,2.0,0.8718910713385786,0.6931471805599453,0.0,1.0986122886681098,28,2.8214285714285716,0.5,0.0,3.0,0.7923185699226948,0.34657359027997264,0.0,1.3862943611198906,0.18984962406015038,-0.5,0.0,1.0,-0.07957250141588379,-0.34657359027997264,0.0,0.2876820724517808,1.0582706766917296,0.26064677328236524,approximately_stable,True
Galio|16.10,Galio,16.10,16.9,,15,20,True,50,13,1.0,1,0.0,1.0,0.5007891031171654,0.6931471805599453,0.0,0.6931471805599453,18,0.6111111111111112,0.0,0.0,0.75,0.30447994018566615,0.0,0.0,0.5198603854199589,-0.38888888888888884,-1.0,0.0,-0.25,-0.19630916293149925,-0.6931471805599453,0.0,-0.17328679513998635,0.48290598290598274,0.2263762732215738,toward_lower_experience,True
Lee Sin|16.10,Lee Sin,16.10,16.9,,0,0,False,50,0,,,,,,,,,0,,,,,,,,,,,,,,,,,,,not_computable,False
Naafiri|16.10,Naafiri,16.10,16.9,,12,8,False,50,11,1.8181818181818181,0,0.0,1.5,0.5148145891032678,0.0,0.0,0.8958797346140275,7,1.0,0,0.0,2.0,0.5119312769223014,0.0,0.0,1.0986122886681098,-0.8181818181818181,0,0.0,0.5,-0.0028833121809663798,0.0,0.0,0.2027325540540823,1.3636363636363642,0.24917020802265016,approximately_stable,False
Quinn|16.10,Quinn,16.10,16.9,,3,4,False,50,3,0.3333333333333333,0,0.0,0.5,0.23104906018664842,0.0,0.0,0.34657359027997264,4,1.25,0.5,0.0,1.75,0.5756462732485114,0.34657359027997264,0.0,0.922219863528484,0.9166666666666667,0.5,0.0,1.25,0.344597213061863,0.34657359027997264,0.0,0.5756462732485113,0.9166666666666666,0.3445972130618629,toward_higher_experience,False
Shyvana|16.10,Shyvana,16.10,16.9,,6,10,False,50,5,2.8,0,0.0,2.0,0.7327123292259292,0.0,0.0,1.0986122886681098,8,4.75,0.0,0.0,2.0,0.7476767764068101,0.0,0.0,0.9678002527269727,1.9500000000000002,0.0,0.0,0.0,0.014964447180880858,0.0,0.0,-0.1308120359411371,3.3499999999999996,0.28723982187634967,approximately_stable,False
Wukong|16.10,Wukong,16.10,16.9,,0,0,False,50,0,,,,,,,,,0,,,,,,,,,,,,,,,,,,,not_computable,False
Zed|16.10,Zed,16.10,16.9,,12,14,True,50,11,7.818181818181818,4,2.0,10.0,1.7035442438483555,1.6094379124341003,1.0986122886681098,2.381086967398878,13,4.538461538461538,2,0.0,6.0,1.1263367010368428,1.0986122886681098,0.0,1.9459101490553132,-3.27972027972028,-2,-2.0,-4.0,-0.5772075428115127,-0.5108256237659905,-1.0986122886681098,-0.4351768183435649,3.279720279720281,0.5772075428115129,toward_lower_experience,True
Zeri|16.10,Zeri,16.10,16.9,,5,5,False,50,5,0.4,0,0.0,1.0,0.2772588722239781,0.0,0.0,0.6931471805599453,3,1.6666666666666667,0,0.0,2.5,0.5972531564093516,0.0,0.0,0.8958797346140275,1.2666666666666666,0,0.0,1.5,0.3199942841853735,0.0,0.0,0.2027325540540822,1.4000000000000001,0.4124139082600329,toward_higher_experience,False
Brand|16.11,Brand,16.11,16.10,,23,16,True,50,19,1.105263157894737,0,0.0,1.5,0.5216555643255424,0.0,0.0,0.8958797346140275,11,0.8181818181818182,0,0.0,1.0,0.4352265220710951,0.0,0.0,0.6931471805599453,-0.2870813397129187,0,0.0,-0.5,-0.08642904225444731,0.0,0.0,-0.2027325540540822,0.2870813397129188,0.08642904225444732,approximately_stable,True
Diana|16.11,Diana,16.11,16.10,,13,19,True,50,11,4.090909090909091,0,0.0,1.0,0.6384425532802402,0.0,0.0,0.5493061443340549,18,2.7222222222222223,0.0,0.0,1.0,0.5086719642846549,0.0,0.0,0.6931471805599453,-1.3686868686868685,0.0,0.0,0.0,-0.12977058899558536,0.0,0.0,0.1438410362258904,1.8232323232323229,0.22318369439990887,toward_lower_experience,True
Ekko|16.11,Ekko,16.11,16.10,,9,16,False,50,9,6.888888888888889,0,0.0,2.0,0.8507566768311531,0.0,0.0,1.0986122886681098,15,5.733333333333333,1,0.0,7.0,1.156797722731777,0.6931471805599453,0.0,2.0794415416798357,-1.155555555555556,1,0.0,5.0,0.30604104590062386,0.6931471805599453,0.0,0.980829253011726,3.4666666666666686,0.5205007691865825,toward_higher_experience,False
Heimerdinger|16.11,Heimerdinger,16.11,16.10,,6,7,False,50,5,2.8,1,0.0,5.0,0.936426245424844,0.6931471805599453,0.0,1.791759469228055,6,4.5,3.0,0.0,7.5,1.1303653426677986,0.9729550745276566,0.0,2.134395970265993,1.7000000000000002,2.0,0.0,2.5,0.19393909724295466,0.27980789396771133,0.0,0.34263650103793797,1.9,0.33256853335494363,toward_higher_experience,False
Kassadin|16.11,Kassadin,16.11,16.10,,4,4,False,50,4,0.0,0.0,0.0,0.0,0.0,0.0,0.0,0.0,3,0.3333333333333333,0,0.0,0.5,0.23104906018664842,0.0,0.0,0.34657359027997264,0.3333333333333333,0.0,0.0,0.5,0.23104906018664842,0.0,0.0,0.34657359027997264,0.33333333333333337,0.23104906018664845,toward_higher_experience,False
Quinn|16.11,Quinn,16.11,16.10,,4,2,False,50,4,1.25,0.5,0.0,1.75,0.5756462732485114,0.34657359027997264,0.0,0.922219863528484,2,1.0,1.0,0.5,1.5,0.5493061443340549,0.5493061443340549,0.27465307216702745,0.8239592165010823,-0.25,0.5,0.5,-0.25,-0.026340128914456473,0.20273255405408225,0.27465307216702745,-0.09826064702740167,0.75,0.22907268296853875,approximately_stable,False
Smolder|16.11,Smolder,16.11,16.10,,45,26,True,50,41,3.1951219512195124,2,0.0,3.0,0.9920086706702752,1.0986122886681098,0.0,1.3862943611198906,22,2.8181818181818183,1.0,0.0,4.0,0.8572923331830491,0.6931471805599453,0.0,1.6094379124341003,-0.376940133037694,-1.0,0.0,1.0,-0.1347163374872261,-0.4054651081081645,0.0,0.2231435513142097,0.9512195121951226,0.22379668856875146,toward_lower_experience,True
Teemo|16.11,Teemo,16.11,16.10,,21,19,True,50,17,4.9411764705882355,0,0.0,2.0,0.7580579581424575,0.0,0.0,1.0986122886681098,16,5.375,0.0,0.0,1.75,0.7927527777765678,0.0,0.0,0.922219863528484,0.4338235294117645,0.0,0.0,-0.25,0.03469481963411036,0.0,0.0,-0.17639242513962583,0.7426470588235285,0.08876540353207621,approximately_stable,True
Xin Zhao|16.11,Xin Zhao,16.11,16.10,,0,0,False,50,0,,,,,,,,,0,,,,,,,,,,,,,,,,,,,not_computable,False
Aatrox|16.12,Aatrox,16.12,16.11,,14,13,True,50,14,3.0714285714285716,1.0,0.0,2.75,0.8760136142046301,0.6931471805599453,0.0,1.3143738430069454,11,3.4545454545454546,0,0.0,2.5,0.7919493926432242,0.0,0.0,1.2424533248940002,0.38311688311688297,-1.0,0.0,-0.25,-0.08406422156140592,-0.6931471805599453,0.0,-0.0719205181129452,0.9155844155844162,0.21079237482408494,approximately_stable,True
Gwen|16.12,Gwen,16.12,16.11,,8,5,False,50,8,4.625,0.0,0.0,7.25,0.9344174045708421,0.0,0.0,2.080659274238485,5,3.4,1,0.0,4.0,0.9735068900911165,0.6931471805599453,0.0,1.6094379124341003,-1.225,1.0,0.0,-3.25,0.03908948552027436,0.6931471805599453,0.0,-0.4712213618043848,1.9750000000000003,0.3306476884764392,approximately_stable,False
Hwei|16.12,Hwei,16.12,16.11,,9,12,False,50,9,4.555555555555555,1,0.0,10.0,1.1418254965487482,0.6931471805599453,0.0,2.3978952727983707,12,3.75,3.0,0.0,5.75,1.1040095485591574,1.354025100551105,0.0,1.8931257462550963,-0.8055555555555554,2.0,0.0,-4.25,-0.03781594798959076,0.6608779199911597,0.0,-0.5047695265432743,1.6944444444444444,0.271403503995953,approximately_stable,False
Jax|16.12,Jax,16.12,16.11,,15,12,True,50,14,4.428571428571429,0.0,0.0,5.25,0.9041947597457712,0.0,0.0,1.8060062020714576,12,4.583333333333333,0.5,0.0,2.0,0.8197789791692985,0.34657359027997264,0.0,0.9678002527269727,0.1547619047619042,0.5,0.0,-3.25,-0.0844157805764727,0.34657359027997264,0.0,-0.8382059493444849,1.6547619047619064,0.2428722297032096,approximately_stable,True
Lee Sin|16.12,Lee Sin,16.12,16.11,,0,0,False,50,0,,,,,,,,,0,,,,,,,,,,,,,,,,,,,not_computable,False
Nocturne|16.12,Nocturne,16.12,16.11,,13,12,True,50,12,3.25,3.0,0.0,5.0,1.0454498292611494,1.354025100551105,0.0,1.791759469228055,11,3.0,1,0.0,5.0,0.9528385346895224,0.6931471805599453,0.0,1.791759469228055,-0.25,-2.0,0.0,0.0,-0.09261129457162698,-0.6608779199911597,0.0,0.0,0.5984848484848482,0.1386188783757864,approximately_stable,True
Orianna|16.12,Orianna,16.12,16.11,,12,12,True,50,12,2.0,0.0,0.0,2.0,0.5874379034379863,0.0,0.0,0.9678002527269727,12,2.9166666666666665,1.0,0.0,2.75,0.8259546435154421,0.6931471805599453,0.0,1.271899083808096,0.9166666666666665,1.0,0.0,0.75,0.23851674007745582,0.6931471805599453,0.0,0.30409883108112323,1.0833333333333335,0.2607719721815428,toward_higher_experience,True
Ryze|16.12,Ryze,16.12,16.11,,2,9,False,50,2,5.0,5.0,3.0,7.0,1.4978661367769956,1.4978661367769956,1.0955066586684703,1.9002256148855208,9,3.7777777777777777,0,0.0,3.0,0.8357621391335144,0.0,0.0,1.3862943611198906,-1.2222222222222223,-5.0,-3.0,-4.0,-0.6621039976434813,-1.4978661367769956,-1.0955066586684703,-0.5139312537656302,3.8888888888888893,0.8481590030954149,toward_lower_experience,False
Sylas|16.12,Sylas,16.12,16.11,,15,28,True,50,14,2.357142857142857,1.0,0.0,3.75,0.8392668005034467,0.6931471805599453,0.0,1.5536520246055479,25,1.96,0,0.0,3.0,0.6936343145426007,0.0,0.0,1.3862943611198906,-0.39714285714285724,-1.0,0.0,-0.75,-0.145632485960846,-0.6931471805599453,0.0,-0.16735766348565728,0.5742857142857145,0.16101595048800876,toward_lower_experience,True
Syndra|16.12,Syndra,16.12,16.11,,9,14,False,50,9,3.5555555555555554,1,0.0,2.0,0.8371958507819487,0.6931471805599453,0.0,1.0986122886681098,13,3.0,0,0.0,1.0,0.6593601059000237,0.0,0.0,0.6931471805599453,-0.5555555555555554,-1,0.0,-1.0,-0.177835744881925,-0.6931471805599453,0.0,-0.4054651081081645,1.5470085470085482,0.36747413008782626,toward_lower_experience,False
Tristana|16.12,Tristana,16.12,16.11,,6,12,False,50,5,1.2,0,0.0,1.0,0.4969813299576001,0.0,0.0,0.6931471805599453,9,0.8888888888888888,0,0.0,2.0,0.4301334456564323,0.0,0.0,1.0986122886681098,-0.3111111111111111,0,0.0,1.0,-0.06684788430116778,0.0,0.0,0.4054651081081645,0.6222222222222222,0.1877577830167574,approximately_stable,False
Varus|16.12,Varus,16.12,16.11,,8,7,False,50,8,5.375,0.0,0.0,3.5,0.8451965961005069,0.0,0.0,1.4876606381469317,7,10.857142857142858,3,1.0,17.5,1.6584647583710297,1.3862943611198906,0.6931471805599453,2.612873336856601,5.482142857142858,3.0,1.0,14.0,0.8132681622705228,1.3862943611198906,0.6931471805599453,1.1252126987096691,5.482142857142858,0.8132681622705227,toward_higher_experience,False
Xin Zhao|16.12,Xin Zhao,16.12,16.11,,0,0,False,50,0,,,,,,,,,0,,,,,,,,,,,,,,,,,,,not_computable,False
Yuumi|16.12,Yuumi,16.12,16.11,,5,8,False,50,5,9.0,0,0.0,0.0,0.7657282792978191,0.0,0.0,0.0,8,0.625,0.0,0.0,1.25,0.3612964697370206,0.0,0.0,0.7945134575869863,-8.375,0.0,0.0,1.25,-0.40443180956079844,0.0,0.0,0.7945134575869863,8.824999999999998,0.6875798335675956,toward_lower_experience,False
Aphelios|16.13,Aphelios,16.13,16.12,,8,10,False,50,7,4.285714285714286,0,0.0,7.5,0.9605474915458869,0.0,0.0,1.9756218592907135,9,4.333333333333333,2,1.0,6.0,1.2456376340350628,1.0986122886681098,0.6931471805599453,1.9459101490553132,0.04761904761904745,2,1.0,-1.5,0.28509014248917586,1.0986122886681098,0.6931471805599453,-0.029711710235400313,1.4444444444444442,0.41400487759468524,toward_higher_experience,False
Bard|16.13,Bard,16.13,16.12,,10,14,True,50,7,2.7142857142857144,1,0.0,4.0,0.8376615965140138,0.6931471805599453,0.0,1.3862943611198906,12,1.4166666666666667,0.0,0.0,2.25,0.5722444403718235,0.0,0.0,1.170532806781055,-1.2976190476190477,-1.0,0.0,-1.75,-0.2654171561421903,-0.6931471805599453,0.0,-0.2157615543388356,1.3928571428571428,0.3040328807239204,toward_lower_experience,False
Brand|16.13,Brand,16.13,16.12,,23,25,True,50,17,1.4705882352941178,0,0.0,1.0,0.5169132720901709,0.0,0.0,0.6931471805599453,25,1.48,0,0.0,1.0,0.456972512264545,0.0,0.0,0.6931471805599453,0.00941176470588223,0,0.0,0.0,-0.05994075982562591,0.0,0.0,0.0,0.4188235294117645,0.13461950454427743,approximately_stable,True
Cassiopeia|16.13,Cassiopeia,16.13,16.12,,5,2,False,50,5,1.2,1,0.0,2.0,0.6356107660695891,0.6931471805599453,0.0,1.0986122886681098,2,4.0,4.0,3.5,4.5,1.5890269151739727,1.5890269151739727,1.4876606381469317,1.690393192201014,2.8,3.0,3.5,2.5,0.9534161491043835,0.8958797346140274,1.4876606381469317,0.5917809035329042,2.8,0.9534161491043835,toward_higher_experience,False
Draven|16.13,Draven,16.13,16.12,,8,17,False,50,8,14.75,7.5,3.0,27.75,2.0288967881262643,2.04717228111105,1.2070784343255752,3.357650183752689,16,4.8125,0.5,0.0,4.25,0.9377705696574082,0.34657359027997264,0.0,1.6550183016325888,-9.9375,-7.0,-3.0,-23.5,-1.091126218468856,-1.7005986908310775,-1.2070784343255752,-1.7026318821201003,9.9375,1.091126218468856,toward_lower_experience,False
K'Sante|16.13,K'Sante,16.13,16.12,,0,0,False,50,0,,,,,,,,,0,,,,,,,,,,,,,,,,,,,not_computable,False
Kai'Sa|16.13,Kai'Sa,16.13,16.12,,0,0,False,50,0,,,,,,,,,0,,,,,,,,,,,,,,,,,,,not_computable,False
LeBlanc|16.13,LeBlanc,16.13,16.12,,0,0,False,50,0,,,,,,,,,0,,,,,,,,,,,,,,,,,,,not_computable,False
Olaf|16.13,Olaf,16.13,16.12,,7,9,False,50,6,0.3333333333333333,0.0,0.0,0.75,0.23104906018664842,0.0,0.0,0.5198603854199589,9,0.1111111111111111,0,0.0,0.0,0.07701635339554948,0.0,0.0,0.0,-0.2222222222222222,0.0,0.0,-0.75,-0.15403270679109893,0.0,0.0,-0.5198603854199589,0.2222222222222222,0.15403270679109896,toward_lower_experience,False
Poppy|16.13,Poppy,16.13,16.12,,5,20,False,50,5,1.8,0,0.0,1.0,0.578074351579233,0.0,0.0,0.6931471805599453,20,1.25,0.0,0.0,1.0,0.3923881268736804,0.0,0.0,0.6931471805599453,-0.55,0.0,0.0,0.0,-0.18568622470555263,0.0,0.0,0.0,1.2499999999999998,0.24322263919590864,toward_lower_experience,False
Qiyana|16.13,Qiyana,16.13,16.12,,6,5,False,50,6,6.333333333333333,2.0,1.25,12.5,1.4356594766414243,1.0986122886681098,0.7945134575869863,2.3995630802091896,5,5.8,3,0.0,11.0,1.3287579466295345,1.3862943611198906,0.0,2.4849066497880004,-0.5333333333333332,1.0,-1.25,-1.5,-0.10690153001188984,0.2876820724517808,-0.7945134575869863,0.08534356957881073,2.1333333333333333,0.406813607141921,toward_lower_experience,False
Rek'Sai|16.13,Rek'Sai,16.13,16.12,,0,0,False,50,0,,,,,,,,,0,,,,,,,,,,,,,,,,,,,not_computable,False
Rumble|16.13,Rumble,16.13,16.12,,6,8,False,50,6,0.16666666666666666,0.0,0.0,0.0,0.11552453009332421,0.0,0.0,0.0,6,1.1666666666666667,0.5,0.0,1.75,0.5668662302770259,0.34657359027997264,0.0,0.9972460116410686,1.0,0.5,0.0,1.75,0.4513417001837017,0.34657359027997264,0.0,0.9972460116410686,1.0,0.45134170018370173,toward_higher_experience,False
Senna|16.13,Senna,16.13,16.12,,34,43,True,50,30,1.6333333333333333,0.0,0.0,2.0,0.5683894113882288,0.0,0.0,1.0986122886681098,38,2.0,0.0,0.0,2.0,0.6343166293088432,0.0,0.0,1.0986122886681098,0.3666666666666667,0.0,0.0,0.0,0.0659272179206144,0.0,0.0,0.0,0.5105263157894742,0.08101112918859257,approximately_stable,True
Sion|16.13,Sion,16.13,16.12,,13,14,True,50,12,4.166666666666667,1.0,0.0,3.25,0.9588754080972755,0.6931471805599453,0.0,1.442080248948443,13,1.8461538461538463,0,0.0,2.0,0.5765801495295582,0.0,0.0,1.0986122886681098,-2.3205128205128207,-1.0,0.0,-1.25,-0.3822952585677173,-0.6931471805599453,0.0,-0.3434679602803332,2.3205128205128207,0.3822952585677173,toward_lower_experience,True
Vex|16.13,Vex,16.13,16.12,,5,7,False,50,5,9.4,0,0.0,1.0,0.9086589564540007,0.0,0.0,0.6931471805599453,7,6.285714285714286,0,0.0,0.5,0.639619544925458,0.0,0.0,0.34657359027997264,-3.1142857142857148,0,0.0,-0.5,-0.2690394115285427,0.0,0.0,-0.34657359027997264,3.1142857142857103,0.26903941152854244,toward_lower_experience,False
Zaahen|16.13,Zaahen,16.13,16.12,,8,7,False,50,7,3.4285714285714284,1,0.0,7.0,1.0220879081305232,0.6931471805599453,0.0,2.0794415416798357,5,2.8,0,0.0,3.0,0.7742402021815782,0.0,0.0,1.3862943611198906,-0.6285714285714286,-1,0.0,-4.0,-0.247847705948945,-0.6931471805599453,0.0,-0.6931471805599452,1.6571428571428573,0.3462784488167223,toward_lower_experience,False
Azir|16.14,Azir,16.14,16.13,,6,7,False,50,5,3.6,4,0.0,4.0,1.1233542195333144,1.6094379124341003,0.0,1.6094379124341003,7,10.428571428571429,3,1.0,13.0,1.643371733929906,1.3862943611198906,0.5493061443340549,2.6287476860138907,6.828571428571429,-1,1.0,9.0,0.5200175143965917,-0.2231435513142097,0.5493061443340549,1.0193097735797905,7.22857142857143,0.6129628504158516,toward_higher_experience,False
Corki|16.14,Corki,16.14,16.13,,5,7,False,50,5,1.8,0,0.0,1.0,0.578074351579233,0.0,0.0,0.6931471805599453,7,0.5714285714285714,0,0.0,0.0,0.22991970177630003,0.0,0.0,0.0,-1.2285714285714286,0,0.0,-1.0,-0.348154649802933,0.0,0.0,-0.6931471805599453,1.2285714285714282,0.3481546498029328,toward_lower_experience,False
Garen|16.14,Garen,16.14,16.13,,31,15,True,50,28,2.0714285714285716,0.0,0.0,2.0,0.5597921690169627,0.0,0.0,1.0986122886681098,15,2.4,0,0.0,2.5,0.703720849238388,0.0,0.0,1.1512925464970227,0.3285714285714283,0.0,0.0,0.5,0.14392868022142524,0.0,0.0,0.052680257828912946,0.8428571428571427,0.1859832375921855,toward_higher_experience,True
Jayce|16.14,Jayce,16.14,16.13,,11,15,True,50,11,0.45454545454545453,0,0.0,0.5,0.2520535202036165,0.0,0.0,0.34657359027997264,15,4.333333333333333,1,0.0,3.0,0.8786987553825986,0.6931471805599453,0.0,1.3862943611198906,3.8787878787878785,1,0.0,2.5,0.6266452351789821,0.6931471805599453,0.0,1.0397207708399179,3.878787878787878,0.626645235178982,toward_higher_experience,True
Locke|16.14,Locke,16.14,16.13,,31,20,True,50,29,0.0,0,0.0,0.0,0.0,0.0,0.0,0.0,18,3.3333333333333335,2.5,0.0,5.75,1.067211498415789,1.2424533248940002,0.0,1.9073724790984987,3.3333333333333335,2.5,0.0,5.75,1.067211498415789,1.2424533248940002,0.0,1.9073724790984987,3.333333333333333,1.0672114984157888,toward_higher_experience,True
Mordekaiser|16.14,Mordekaiser,16.14,16.13,,16,29,True,50,14,1.4285714285714286,0.5,0.0,2.75,0.6230879482019649,0.34657359027997264,0.0,1.3143738430069454,24,1.2916666666666667,0.0,0.0,1.0,0.4832439448231472,0.0,0.0,0.6931471805599453,-0.13690476190476186,-0.5,0.0,-1.75,-0.1398440033788177,-0.34657359027997264,0.0,-0.6212266624470001,0.648809523809524,0.2226126626152131,toward_lower_experience,True
Nami|16.14,Nami,16.14,16.13,,17,13,True,50,16,9.3125,3.5,0.75,9.0,1.552452797473844,1.4451858789480823,0.5198603854199589,2.252728336819822,12,8.666666666666666,3.0,0.0,6.5,1.3489534250235333,1.3862943611198906,0.0,2.0087387561255396,-0.6458333333333339,-0.5,-0.75,-2.5,-0.2034993724503107,-0.058891517828191686,-0.5198603854199589,-0.24398958069428245,2.104166666666668,0.288421107754201,toward_lower_experience,True
Senna|16.14,Senna,16.14,16.13,,43,27,True,50,38,2.0,0.0,0.0,2.0,0.6343166293088432,0.0,0.0,1.0986122886681098,25,2.68,1,0.0,3.0,0.7779287197971679,0.6931471805599453,0.0,1.3862943611198906,0.6800000000000002,1.0,0.0,1.0,0.14361209048832468,0.6931471805599453,0.0,0.2876820724517808,0.7810526315789478,0.15144758341389533,toward_higher_experience,True
Seraphine|16.14,Seraphine,16.14,16.13,,48,29,True,50,43,3.7906976744186047,1,0.0,4.0,0.9440264550363833,0.6931471805599453,0.0,1.5890269151739727,28,5.357142857142857,2.0,0.0,6.0,1.2560588403939348,1.0986122886681098,0.0,1.8483157736909592,1.566445182724252,1.0,0.0,2.0,0.3120323853575515,0.4054651081081645,0.0,0.2592888585169866,1.7358803986710962,0.32003776341989115,toward_higher_experience,True
Yunara|16.14,Yunara,16.14,16.13,,15,14,True,50,15,3.3333333333333335,0,0.0,5.0,0.8272523261314575,0.0,0.0,1.6479184330021646,12,3.4166666666666665,0.5,0.0,4.25,0.8851918733203875,0.34657359027997264,0.0,1.5890269151739727,0.08333333333333304,0.5,0.0,-0.75,0.05793954718893002,0.34657359027997264,0.0,-0.05889151782819191,0.6500000000000001,0.11861777805826235,approximately_stable,True
Alistar|16.15,Alistar,16.15,16.14,,10,12,True,50,10,0.5,0.0,0.0,0.75,0.2890371757896165,0.0,0.0,0.5198603854199589,12,1.1666666666666667,0.0,0.0,1.0,0.43984288826920975,0.0,0.0,0.6931471805599453,0.6666666666666667,0.0,0.0,0.25,0.15080571247959323,0.0,0.0,0.17328679513998635,0.7333333333333332,0.1778367196868042,toward_higher_experience,True
Bel'Veth|16.15,Bel'Veth,16.15,16.14,,0,0,False,50,0,,,,,,,,,0,,,,,,,,,,,,,,,,,,,not_computable,False
Kai'Sa|16.15,Kai'Sa,16.15,16.14,,0,0,False,50,0,,,,,,,,,0,,,,,,,,,,,,,,,,,,,not_computable,False
Locke|16.15,Locke,16.15,16.14,,20,17,True,50,18,3.3333333333333335,2.5,0.0,5.75,1.067211498415789,1.2424533248940002,0.0,1.9073724790984987,16,3.0,1.0,0.0,4.0,0.9344838924011681,0.6931471805599453,0.0,1.5595811562598767,-0.3333333333333335,-1.5,0.0,-1.75,-0.13272760601462086,-0.5493061443340549,0.0,-0.347791322838622,0.9999999999999998,0.21687483962458587,toward_lower_experience,True
Maokai|16.15,Maokai,16.15,16.14,,4,8,False,50,4,4.5,3.0,0.75,6.75,1.2624640018123843,1.2424533248940002,0.5198603854199589,1.9850569412864254,8,0.75,0.0,0.0,0.0,0.24323876863191415,0.0,0.0,0.0,-3.75,-3.0,-0.75,-6.75,-1.01922523318047,-1.2424533248940002,-0.5198603854199589,-1.9850569412864254,3.75,1.01922523318047,toward_lower_experience,False
Mordekaiser|16.15,Mordekaiser,16.15,16.14,,29,18,True,50,24,1.2916666666666667,0.0,0.0,1.0,0.4832439448231472,0.0,0.0,0.6931471805599453,18,1.2777777777777777,0.0,0.0,1.75,0.4571061020887491,0.0,0.0,0.9972460116410686,-0.013888888888889062,0.0,0.0,0.75,-0.02613784273439812,0.0,0.0,0.30409883108112334,0.5972222222222222,0.12331074998556736,approximately_stable,True
Naafiri|16.15,Naafiri,16.15,16.14,,11,8,False,50,11,0.9090909090909091,0,0.0,1.5,0.4352265220710951,0.0,0.0,0.8958797346140275,8,0.625,0.0,0.0,1.25,0.3612964697370206,0.0,0.0,0.7945134575869863,-0.28409090909090906,0.0,0.0,-0.25,-0.07393005233407446,0.0,0.0,-0.10136627702704115,0.30681818181818177,0.08968339734680048,approximately_stable,False
Riven|16.15,Riven,16.15,16.14,,9,7,False,50,9,13.333333333333334,2,0.0,13.0,1.6189644412735964,1.0986122886681098,0.0,2.6390573296152584,6,11.5,3.5,0.0,15.25,1.4717571684360993,1.0397207708399179,0.0,2.7281896197947892,-1.833333333333334,1.5,0.0,2.25,-0.14720727283749713,-0.05889151782819191,0.0,0.08913229017953084,3.500000000000001,0.3240508897390629,toward_lower_experience,False
Sylas|16.15,Sylas,16.15,16.14,,37,32,True,50,36,2.638888888888889,1.5,0.0,4.0,0.9321822815302188,0.8958797346140275,0.0,1.6094379124341003,31,2.129032258064516,1,0.0,3.0,0.8385768028505158,0.6931471805599453,0.0,1.3862943611198906,-0.5098566308243728,-0.5,0.0,-1.0,-0.09360547867970292,-0.2027325540540822,0.0,-0.2231435513142097,0.6406810035842292,0.15092074592050375,approximately_stable,True
Volibear|16.15,Volibear,16.15,16.14,,9,10,False,50,9,1.7777777777777777,1,0.0,2.0,0.7932074444383915,0.6931471805599453,0.0,1.0986122886681098,10,3.9,2.0,1.0,5.5,1.2108680299521524,1.0986122886681098,0.6931471805599453,1.86179208990001,2.1222222222222222,1.0,1.0,3.5,0.41766058551376084,0.4054651081081645,0.6931471805599453,0.7631798012319002,2.122222222222222,0.4176605855137609,toward_higher_experience,False
Zac|16.15,Zac,16.15,16.14,,7,7,False,50,7,15.285714285714286,3,0.5,27.0,1.6707495745377405,1.3862943611198906,0.34657359027997264,2.8518912373281005,6,18.0,6.0,2.75,34.75,2.1180502370117744,1.9356005054539454,1.271899083808096,3.3748572527476988,2.7142857142857135,3.0,2.25,7.75,0.4473006624740339,0.5493061443340548,0.9253254935281232,0.5229660154195983,3.904761904761907,0.47238649953542117,toward_higher_experience,False
Azir|16.16,Azir,16.16,16.15,,6,9,False,50,6,11.5,5.5,1.0,13.75,1.7138821523106191,1.844439727056968,0.40235947810852507,2.6447703934621214,9,7.777777777777778,0,0.0,12.0,1.0088513387037852,0.0,0.0,2.5649493574615367,-3.7222222222222223,-5.5,-1.0,-1.75,-0.705030813606834,-1.844439727056968,-0.40235947810852507,-0.07982103600058466,4.166666666666664,0.7151335634016688,toward_lower_experience,False
Bel'Veth|16.16,Bel'Veth,16.16,16.15,,0,0,False,50,0,,,,,,,,,0,,,,,,,,,,,,,,,,,,,not_computable,False
Camille|16.16,Camille,16.16,16.15,,16,14,True,50,15,7.0,0,0.0,9.0,1.0079534123712843,0.0,0.0,2.2154083994216567,14,3.2857142857142856,1.5,0.25,4.0,1.0499248189262393,0.8958797346140275,0.17328679513998632,1.6094379124341003,-3.7142857142857144,1.5,0.25,-5.0,0.041971406554955015,0.8958797346140275,0.17328679513998632,-0.6059704869875564,4.771428571428571,0.5532011726790649,approximately_stable,True
Gwen|16.16,Gwen,16.16,16.15,,2,9,False,50,2,1.0,1.0,0.5,1.5,0.5493061443340549,0.5493061443340549,0.27465307216702745,0.8239592165010823,8,0.875,0.0,0.0,1.0,0.39725672879349316,0.0,0.0,0.6931471805599453,-0.125,-1.0,-0.5,-0.5,-0.15204941554056173,-0.5493061443340549,-0.27465307216702745,-0.130812035941137,0.875,0.32533621068054797,toward_lower_experience,False
Kennen|16.16,Kennen,16.16,16.15,,2,5,False,50,2,0.0,0.0,0.0,0.0,0.0,0.0,0.0,0.0,5,4.4,0,0.0,0.0,0.62709884318583,0.0,0.0,0.0,4.4,0.0,0.0,0.0,0.62709884318583,0.0,0.0,0.0,4.399999999999999,0.6270988431858298,toward_higher_experience,False
Nasus|16.16,Nasus,16.16,16.15,,20,38,True,50,19,1.263157894736842,0,0.0,1.5,0.48880533753222694,0.0,0.0,0.8958797346140275,37,0.4864864864864865,0,0.0,0.0,0.23040976651528147,0.0,0.0,0.0,-0.7766714082503555,0,0.0,-1.5,-0.25839557101694544,0.0,0.0,-0.8958797346140275,0.7766714082503561,0.25839557101694555,toward_lower_experience,True
Poppy|16.16,Poppy,16.16,16.15,,10,15,True,50,10,2.6,0.5,0.0,1.0,0.6269096283706261,0.34657359027997264,0.0,0.6931471805599453,15,1.2,0,0.0,1.0,0.42374051071305946,0.0,0.0,0.6931471805599453,-1.4000000000000001,-0.5,0.0,0.0,-0.20316911765756668,-0.34657359027997264,0.0,0.0,1.4666666666666663,0.22234792248768542,toward_lower_experience,True
Aurelion Sol|16.17,Aurelion Sol,16.17,16.16,,0,0,False,50,0,,,,,,,,,0,,,,,,,,,,,,,,,,,,,not_computable,False
Cho'Gath|16.17,Cho'Gath,16.17,16.16,,0,0,False,50,0,,,,,,,,,0,,,,,,,,,,,,,,,,,,,not_computable,False
Graves|16.17,Graves,16.17,16.16,,24,20,True,50,20,0.85,0.0,0.0,0.25,0.3391096028003396,0.0,0.0,0.17328679513998632,18,2.0,1.5,0.0,3.0,0.8247167431994683,0.8958797346140275,0.0,1.3862943611198906,1.15,1.5,0.0,2.75,0.4856071403991287,0.8958797346140275,0.0,1.2130075659799042,1.238888888888889,0.4993094230504406,toward_higher_experience,True
Irelia|16.17,Irelia,16.17,16.16,,10,14,True,50,10,5.3,0.0,0.0,5.25,0.8019612794400267,0.0,0.0,1.5595811562598767,13,4.153846153846154,0,0.0,2.0,0.6217945083681826,0.0,0.0,1.0986122886681098,-1.1461538461538456,0.0,0.0,-3.25,-0.1801667710718441,0.0,0.0,-0.4609688675917669,2.2538461538461547,0.2230802416734972,toward_lower_experience,True
LeBlanc|16.17,LeBlanc,16.17,16.16,,0,0,False,50,0,,,,,,,,,0,,,,,,,,,,,,,,,,,,,not_computable,False
Nasus|16.17,Nasus,16.17,16.16,,38,31,True,50,37,0.4864864864864865,0,0.0,0.0,0.23040976651528147,0.0,0.0,0.0,29,1.0689655172413792,0,0.0,1.0,0.4573745841268285,0.0,0.0,0.6931471805599453,0.5824790307548927,0,0.0,1.0,0.22696481761154705,0.0,0.0,0.6931471805599453,0.5824790307548929,0.22696481761154716,toward_higher_experience,True
Nocturne|16.17,Nocturne,16.17,16.16,,20,15,True,50,19,2.6315789473684212,0,0.0,2.5,0.6928831042870595,0.0,0.0,1.2424533248940002,14,3.142857142857143,0.5,0.0,2.0,0.7623996981594429,0.34657359027997264,0.0,1.0986122886681098,0.5112781954887216,0.5,0.0,-0.5,0.0695165938723834,0.34657359027997264,0.0,-0.1438410362258904,0.8872180451127814,0.13347640558402937,approximately_stable,True
Qiyana|16.17,Qiyana,16.17,16.16,,9,13,False,50,7,8.0,5,1.0,12.5,1.5904468719443774,1.791759469228055,0.5493061443340549,2.5119402604231382,13,7.3076923076923075,0,0.0,11.0,1.1814231483260882,0.0,0.0,2.4849066497880004,-0.6923076923076925,-5,-1.0,-1.5,-0.4090237236182892,-1.791759469228055,-0.5493061443340549,-0.027033610635137872,3.0439560439560447,0.5105111325019346,toward_lower_experience,False
Thresh|16.17,Thresh,16.17,16.16,,20,18,True,50,18,3.5,0.5,0.0,4.5,0.8819178219317549,0.34657359027997264,0.0,1.690393192201014,17,1.7647058823529411,0,0.0,3.0,0.6238001707497206,0.0,0.0,1.3862943611198906,-1.7352941176470589,-0.5,0.0,-1.5,-0.25811765118203434,-0.34657359027997264,0.0,-0.30409883108112346,1.735294117647059,0.2581176511820344,toward_lower_experience,True
Trundle|16.17,Trundle,16.17,16.16,,5,4,False,50,4,3.0,1.0,0.0,4.0,0.8741268903666202,0.5493061443340549,0.0,1.423433034700675,4,0.25,0.0,0.0,0.25,0.17328679513998632,0.0,0.0,0.17328679513998632,-2.75,-1.0,0.0,-3.75,-0.7008400952266338,-0.5493061443340549,0.0,-1.2501462395606886,2.75,0.7008400952266338,toward_lower_experience,False
Vayne|16.17,Vayne,16.17,16.16,,17,10,True,50,17,3.235294117647059,1,0.0,5.0,1.009109798698947,0.6931471805599453,0.0,1.791759469228055,9,1.2222222222222223,1,0.0,2.0,0.6089598803713323,0.6931471805599453,0.0,1.0986122886681098,-2.0130718954248366,0,0.0,-3.0,-0.4001499183276147,0.0,0.0,-0.6931471805599452,2.0130718954248366,0.40014991832761454,toward_lower_experience,False
Xerath|16.17,Xerath,16.17,16.16,,17,18,True,50,17,3.4705882352941178,0,0.0,2.0,0.6750937279836956,0.0,0.0,1.0986122886681098,18,3.4444444444444446,0.0,0.0,2.75,0.7147981111788355,0.0,0.0,1.3143738430069454,-0.02614379084967311,0.0,0.0,0.75,0.039704383195139914,0.0,0.0,0.2157615543388356,0.5816993464052284,0.12353736544176039,approximately_stable,True
Yasuo|16.17,Yasuo,16.17,16.16,,23,28,True,50,23,4.217391304347826,0,0.0,6.5,0.9704671475002328,0.0,0.0,1.9944920232821373,27,5.7407407407407405,1,0.0,5.5,1.0127277695997565,0.6931471805599453,0.0,1.844439727056968,1.5233494363929143,1,0.0,-1.0,0.04226062209952375,0.6931471805599453,0.0,-0.15005229622516936,2.22866344605475,0.15706086140888623,approximately_stable,True
Yone|16.17,Yone,16.17,16.16,,20,28,True,50,19,1.5263157894736843,1,0.0,1.5,0.6112422648801933,0.6931471805599453,0.0,0.8958797346140275,26,1.2307692307692308,0.0,0.0,2.0,0.5131086146466983,0.0,0.0,1.0986122886681098,-0.29554655870445345,-1.0,0.0,0.5,-0.09813365023349496,-0.6931471805599453,0.0,0.2027325540540823,0.3846153846153851,0.134247951360538,approximately_stable,True
Akshan|16.1,Akshan,16.1,15.24,,8,4,False,100,4,7.5,0.0,0.0,7.5,0.8584968011212866,0.0,0.0,0.8584968011212866,2,21.0,21.0,16.5,25.5,2.9994682809733417,2.9994682809733417,2.7822088192174395,3.216727742729244,13.5,21.0,16.5,18.0,2.1409714798520554,2.9994682809733417,2.7822088192174395,2.3582309416079577,13.5,2.140971479852055,toward_higher_experience,False
Aphelios|16.1,Aphelios,16.1,15.24,,12,19,True,100,3,7.0,3,1.5,10.5,1.4435777800954437,1.3862943611198906,0.6931471805599453,2.1653666701431655,9,9.444444444444445,0,0.0,5.0,1.0226577560192511,0.0,0.0,1.791759469228055,2.4444444444444446,-3,-1.5,-5.5,-0.42092002407619256,-1.3862943611198906,-0.6931471805599453,-0.37360720091511057,8.66666666666667,0.7075128075052636,toward_lower_experience,False
Ashe|16.1,Ashe,16.1,15.24,,24,7,False,100,12,3.0,1.0,0.0,1.0,0.7224785491563769,0.6931471805599453,0.0,0.6931471805599453,5,4.4,1,1.0,2.0,1.0858691257908881,0.6931471805599453,0.6931471805599453,1.0986122886681098,1.4000000000000004,0.0,1.0,1.0,0.36339057663451124,0.0,0.6931471805599453,0.4054651081081645,2.566666666666666,0.41566683644368496,toward_higher_experience,False
Caitlyn|16.1,Caitlyn,16.1,15.24,,22,31,True,100,15,7.4,2,1.0,13.5,1.5537564616179824,1.0986122886681098,0.6931471805599453,2.6735537653587342,15,4.0,1,0.0,5.0,1.0603848892183796,0.6931471805599453,0.0,1.732867951399863,-3.4000000000000004,-1,-1.0,-8.5,-0.49337157239960283,-0.4054651081081645,-0.6931471805599453,-0.9406858139588712,3.4000000000000004,0.49337157239960283,toward_lower_experience,True
Cassiopeia|16.1,Cassiopeia,16.1,15.24,,9,3,False,100,5,4.6,0,0.0,0.0,0.6356107660695891,0.0,0.0,0.0,2,14.5,14.5,7.25,21.75,1.7005986908310777,1.7005986908310777,0.8502993454155389,2.5508980362466165,9.9,14.5,7.25,21.75,1.0649879247614886,1.7005986908310777,0.8502993454155389,2.5508980362466165,9.900000000000002,1.0649879247614886,toward_higher_experience,False
Corki|16.1,Corki,16.1,15.24,,6,5,False,100,3,0.0,0,0.0,0.0,0.0,0.0,0.0,0.0,0,,,,,,,,,,,,,,,,,,,not_computable,False
Draven|16.1,Draven,16.1,15.24,,7,5,False,100,4,14.25,7.0,4.5,16.75,1.9818310900774485,2.0715673631957663,1.4594326117914849,2.59396584148173,4,16.0,12.0,8.0,20.0,2.612613055729498,2.5375869076169133,2.1748786870525483,2.9753212762938634,1.75,5.0,3.5,3.25,0.6307819656520495,0.466019544421147,0.7154460752610634,0.3813554348121335,5.75,0.731117313383125,toward_higher_experience,False
Elise|16.1,Elise,16.1,15.24,,5,4,False,100,2,4.5,4.5,2.75,6.25,1.4451858789480825,1.4451858789480825,1.0691665297540138,1.821205228142151,2,0.5,0.5,0.25,0.75,0.34657359027997264,0.34657359027997264,0.17328679513998632,0.5198603854199589,-4.0,-4.0,-2.5,-5.5,-1.0986122886681098,-1.0986122886681098,-0.8958797346140275,-1.3013448427221919,4.0,1.0986122886681098,toward_lower_experience,False
Gangplank|16.1,Gangplank,16.1,15.24,,2,5,False,100,1,1.0,1,1.0,1.0,0.6931471805599453,0.6931471805599453,0.6931471805599453,0.6931471805599453,5,19.8,0,0.0,1.0,1.0576534061389071,0.0,0.0,0.6931471805599453,18.8,-1,-1.0,0.0,0.36450622557896184,-0.6931471805599453,-0.6931471805599453,0.0,19.999999999999996,1.196282842250896,toward_higher_experience,False
Garen|16.1,Garen,16.1,15.24,,18,15,True,100,10,8.0,2.0,1.0,4.75,1.3729952669602628,1.0986122886681098,0.6931471805599453,1.7461790800295665,10,2.6,0.0,0.0,2.5,0.702108396428914,0.0,0.0,1.2130075659799042,-5.4,-2.0,-1.0,-2.25,-0.6708868705313488,-1.0986122886681098,-0.6931471805599453,-0.5331715140496622,5.399999999999999,0.6708868705313488,toward_lower_experience,True
Graves|16.1,Graves,16.1,15.24,,9,7,False,100,6,5.0,2.0,0.0,9.25,1.144488880743647,0.8047189562170501,0.0,2.2660394654495253,3,1.0,0,0.0,1.5,0.46209812037329684,0.0,0.0,0.6931471805599453,-4.0,-2.0,0.0,-7.75,-0.6823907603703503,-0.8047189562170501,0.0,-1.5728922848895799,4.0,0.6823907603703502,toward_lower_experience,False
Jax|16.1,Jax,16.1,15.24,,19,19,True,100,13,14.615384615384615,2,0.0,13.0,1.6623659241751945,1.0986122886681098,0.0,2.6390573296152584,12,20.583333333333332,4.5,1.5,39.0,1.982376319898827,1.5890269151739727,0.8239592165010823,3.685349968917063,5.967948717948717,2.5,1.5,26.0,0.32001039572363243,0.49041462650586287,0.8239592165010823,1.0462926393018046,6.057692307692312,0.3305806681543336,toward_higher_experience,True
Jhin|16.1,Jhin,16.1,15.24,,30,17,True,100,12,5.333333333333333,2.5,0.75,9.0,1.3583972622097136,1.2424533248940002,0.5198603854199589,2.2891557723675486,12,3.8333333333333335,2.0,0.75,4.25,1.1510649025159296,1.0986122886681098,0.5198603854199589,1.5890269151739727,-1.4999999999999996,-0.5,0.0,-4.75,-0.20733235969378394,-0.1438410362258904,0.0,-0.700128857193576,1.4999999999999998,0.20733235969378397,toward_lower_experience,True
Jinx|16.1,Jinx,16.1,15.24,,16,21,True,100,9,9.11111111111111,4,1.0,13.0,1.7261971139430288,1.6094379124341003,0.6931471805599453,2.6390573296152584,9,9.555555555555555,6,3.0,15.0,2.083950188800734,1.9459101490553132,1.3862943611198906,2.772588722239781,0.44444444444444464,2,2.0,2.0,0.35775307485770513,0.33647223662121295,0.6931471805599453,0.13353139262452274,2.444444444444445,0.42380896896168985,toward_higher_experience,False
Kindred|16.1,Kindred,16.1,15.24,,9,7,False,100,4,5.25,3.5,0.0,8.75,1.1968729356955115,1.0397207708399179,0.0,2.2365937065354293,2,38.5,38.5,19.75,57.25,2.5184763012068148,2.5184763012068148,1.60581174088338,3.4311408615302494,33.25,35.0,19.75,48.5,1.3216033655113033,1.4787555303668969,1.60581174088338,1.1945471549948201,33.25,1.3216033655113033,toward_higher_experience,False
Lucian|16.1,Lucian,16.1,15.24,,17,21,True,100,9,1.4444444444444444,1,0.0,1.0,0.6260877336854721,0.6931471805599453,0.0,0.6931471805599453,7,3.5714285714285716,1,0.0,2.0,0.8478420279456554,0.6931471805599453,0.0,1.0986122886681098,2.1269841269841274,0,0.0,1.0,0.22175429426018334,0.0,0.0,0.4054651081081645,2.444444444444445,0.30283772660399133,toward_higher_experience,False
Miss Fortune|16.1,Miss Fortune,16.1,15.24,,0,0,False,100,0,,,,,,,,,0,,,,,,,,,,,,,,,,,,,not_computable,False
Nilah|16.1,Nilah,16.1,15.24,,3,4,False,100,0,,,,,,,,,3,1.0,1,0.5,1.5,0.5972531564093516,0.6931471805599453,0.34657359027997264,0.8958797346140275,,,,,,,,,,,not_computable,False
Quinn|16.1,Quinn,16.1,15.24,,6,5,False,100,3,4.0,5,3.0,5.5,1.4769389329477711,1.791759469228055,1.2424533248940002,1.868834809141684,3,1.6666666666666667,1,0.5,2.5,0.7675283643313485,0.6931471805599453,0.34657359027997264,1.1512925464970227,-2.333333333333333,-4,-2.5,-3.0,-0.7094105686164226,-1.0986122886681096,-0.8958797346140275,-0.7175422626446613,2.3333333333333335,0.7094105686164226,toward_lower_experience,False
Rengar|16.1,Rengar,16.1,15.24,,8,5,False,100,4,9.25,9.0,0.0,18.25,1.4850428131801077,1.4722194895832201,0.0,2.957262302763328,2,0.0,0.0,0.0,0.0,0.0,0.0,0.0,0.0,-9.25,-9.0,0.0,-18.25,-1.4850428131801077,-1.4722194895832201,0.0,-2.957262302763328,9.25,1.4850428131801077,toward_lower_experience,False
Samira|16.1,Samira,16.1,15.24,,9,4,False,100,7,0.8571428571428571,1,0.0,1.0,0.49510512897138953,0.6931471805599453,0.0,0.6931471805599453,3,0.3333333333333333,0,0.0,0.5,0.23104906018664842,0.0,0.0,0.34657359027997264,-0.5238095238095237,-1,0.0,-0.5,-0.2640560687847411,-0.6931471805599453,0.0,-0.34657359027997264,0.523809523809524,0.2640560687847411,toward_lower_experience,False
Senna|16.1,Senna,16.1,15.24,,13,10,True,100,5,0.4,0,0.0,1.0,0.2772588722239781,0.0,0.0,0.6931471805599453,5,0.4,0,0.0,1.0,0.2772588722239781,0.0,0.0,0.6931471805599453,0.0,0,0.0,0.0,0.0,0.0,0.0,0.0,0.0,0.0,approximately_stable,False
Shaco|16.1,Shaco,16.1,15.24,,9,9,False,100,7,14.714285714285714,2,0.0,5.0,1.2980195383595539,1.0986122886681098,0.0,1.732867951399863,5,20.6,3,1.0,7.0,1.7382965153025858,1.3862943611198906,0.6931471805599453,2.0794415416798357,5.885714285714288,1,1.0,2.0,0.4402769769430319,0.2876820724517808,0.6931471805599453,0.3465735902799727,5.885714285714278,0.4402769769430316,toward_higher_experience,False
Sivir|16.1,Sivir,16.1,15.24,,8,20,False,100,5,4.8,2,1.0,3.0,1.2244985619028772,1.0986122886681098,0.6931471805599453,1.3862943611198906,12,2.4166666666666665,0.0,0.0,2.25,0.5949055833287936,0.0,0.0,1.170532806781055,-2.3833333333333333,-2.0,-1.0,-0.75,-0.6295929785740836,-1.0986122886681098,-0.6931471805599453,-0.2157615543388356,2.716666666666666,0.6462735550002471,toward_lower_experience,False
Smolder|16.1,Smolder,16.1,15.24,,19,18,True,100,12,2.6666666666666665,1.0,0.0,2.75,0.8535677381783123,0.6931471805599453,0.0,1.271899083808096,9,6.333333333333333,2,0.0,6.0,1.130957350990699,1.0986122886681098,0.0,1.9459101490553132,3.6666666666666665,1.0,0.0,3.25,0.2773896128123866,0.4054651081081645,0.0,0.6740110652472173,3.7222222222222237,0.3158977895101613,toward_higher_experience,False
Tristana|16.1,Tristana,16.1,15.24,,18,10,True,100,11,0.5454545454545454,0,0.0,1.0,0.3150669002545206,0.0,0.0,0.6931471805599453,4,0.0,0.0,0.0,0.0,0.0,0.0,0.0,0.0,-0.5454545454545454,0.0,0.0,-1.0,-0.3150669002545206,0.0,0.0,-0.6931471805599453,0.5454545454545455,0.3150669002545206,toward_lower_experience,False
Tryndamere|16.1,Tryndamere,16.1,15.24,,1,8,False,100,0,,,,,,,,,4,0.25,0.0,0.0,0.25,0.17328679513998632,0.0,0.0,0.17328679513998632,,,,,,,,,,,not_computable,False
Twitch|16.1,Twitch,16.1,15.24,,9,16,False,100,4,0.25,0.0,0.0,0.25,0.17328679513998632,0.0,0.0,0.17328679513998632,9,1.4444444444444444,0,0.0,1.0,0.5639082016926474,0.0,0.0,0.6931471805599453,1.1944444444444444,0.0,0.0,0.75,0.3906214065526611,0.0,0.0,0.5198603854199589,1.1944444444444446,0.39062140655266103,toward_higher_experience,False
Viego|16.1,Viego,16.1,15.24,,12,13,True,100,5,18.2,4,1.0,9.0,1.7923758025355365,1.6094379124341003,0.6931471805599453,2.302585092994046,5,20.6,6,2.0,16.0,2.0519524832907043,1.9459101490553132,1.0986122886681098,2.833213344056216,2.400000000000002,2,1.0,7.0,0.2595766807551678,0.33647223662121295,0.4054651081081645,0.5306282510621703,2.4,0.25957668075516743,toward_higher_experience,False
Xayah|16.1,Xayah,16.1,15.24,,12,11,True,100,5,1.6,0,0.0,4.0,0.6437751649736401,0.0,0.0,1.6094379124341003,7,0.42857142857142855,0,0.0,0.5,0.2559656384611507,0.0,0.0,0.34657359027997264,-1.1714285714285715,0,0.0,-3.5,-0.38780952651248934,0.0,0.0,-1.2628643221541276,1.1714285714285715,0.38780952651248946,toward_lower_experience,False
Yasuo|16.1,Yasuo,16.1,15.24,,18,20,True,100,10,9.5,1.5,0.0,13.0,1.3186182890117284,0.8958797346140275,0.0,2.5272694861506872,9,5.888888888888889,2,2.0,4.0,1.343910772131582,1.0986122886681098,1.0986122886681098,1.6094379124341003,-3.6111111111111107,0.5,2.0,-9.0,0.025292483119853548,0.2027325540540823,1.0986122886681098,-0.917831573716587,4.677777777777779,0.453388409113886,approximately_stable,False
Yone|16.1,Yone,16.1,15.24,,21,15,True,100,10,3.5,1.5,0.25,2.75,1.0227308671603783,0.8958797346140275,0.17328679513998632,1.3143738430069454,7,4.285714285714286,1,0.0,6.0,1.0389140560814352,0.6931471805599453,0.0,1.8444397270569683,0.7857142857142856,-0.5,-0.25,3.25,0.016183188921056857,-0.2027325540540822,-0.17328679513998632,0.530065884050023,1.4142857142857146,0.2731813715712326,approximately_stable,False
Yunara|16.1,Yunara,16.1,15.24,,10,12,True,100,3,2.6666666666666665,3,2.0,3.5,1.2296264847046454,1.3862943611198906,1.0397207708399179,1.4978661367769954,4,4.0,4.0,0.75,7.25,1.2424533248940002,1.3862943611198906,0.5198603854199589,2.1088873005939317,1.3333333333333335,1.0,-1.25,3.75,0.01282684018935476,0.0,-0.5198603854199589,0.6110211638169363,2.5,0.5904494906559759,approximately_stable,False
Zeri|16.1,Zeri,16.1,15.24,,7,4,False,100,4,11.25,0.0,0.0,11.25,0.9571603491222738,0.0,0.0,0.9571603491222738,3,8.0,1,0.5,12.0,1.2904003369692971,0.6931471805599453,0.34657359027997264,1.9356005054539456,-3.25,1.0,0.5,0.75,0.33323998784702336,0.6931471805599453,0.34657359027997264,0.9784401563316718,7.750000000000001,0.658533770917598,toward_higher_experience,False
Aatrox|16.2,Aatrox,16.2,16.1,,5,9,False,100,2,2.5,2.5,1.25,3.75,0.8958797346140275,0.8958797346140275,0.44793986730701374,1.3438196019210413,5,2.8,1,0.0,1.0,0.7902487437162854,0.6931471805599453,0.0,0.6931471805599453,0.2999999999999998,-1.5,-1.25,-2.75,-0.10563099089774208,-0.2027325540540822,-0.44793986730701374,-0.650672421361096,2.7,0.5535363823031237,toward_lower_experience,False
Ashe|16.2,Ashe,16.2,16.1,,7,21,False,100,5,4.4,1,1.0,2.0,1.0858691257908881,0.6931471805599453,0.6931471805599453,1.0986122886681098,8,7.375,1.5,0.0,7.5,1.2207004806465926,0.8958797346140275,0.0,1.812481384179497,2.9749999999999996,0.5,-1.0,5.5,0.13483135485570452,0.2027325540540822,-0.6931471805599453,0.7138690955113871,3.3250000000000006,0.3774328680516855,toward_higher_experience,False
Gwen|16.2,Gwen,16.2,16.1,,18,11,True,100,12,1.8333333333333333,0.0,0.0,0.5,0.48475926333026703,0.0,0.0,0.27465307216702745,5,9.4,8,1.0,12.0,1.7502315962724062,2.1972245773362196,0.6931471805599453,2.5649493574615367,7.566666666666667,8.0,1.0,11.5,1.2654723329421391,2.1972245773362196,0.6931471805599453,2.2902962852945095,7.5666666666666655,1.2654723329421391,toward_higher_experience,False
Jayce|16.2,Jayce,16.2,16.1,,12,8,False,100,5,6.4,0,0.0,4.0,0.9953467484841149,0.0,0.0,1.6094379124341003,4,2.25,1.0,0.0,3.25,0.7945134575869863,0.5493061443340549,0.0,1.3438196019210413,-4.15,1.0,0.0,-0.75,-0.20083329089712854,0.5493061443340549,0.0,-0.26561831051305895,4.85,0.46755611155532395,toward_lower_experience,False
Lillia|16.2,Lillia,16.2,16.1,,5,4,False,100,2,1.0,1.0,0.5,1.5,0.5493061443340549,0.5493061443340549,0.27465307216702745,0.8239592165010823,1,0.0,0,0.0,0.0,0.0,0.0,0.0,0.0,-1.0,-1.0,-0.5,-1.5,-0.5493061443340549,-0.5493061443340549,-0.27465307216702745,-0.8239592165010823,1.0,0.5493061443340549,toward_lower_experience,False
Malphite|16.2,Malphite,16.2,16.1,,23,18,True,100,9,2.888888888888889,0,0.0,2.0,0.6810055788956162,0.0,0.0,1.0986122886681098,13,3.4615384615384617,0,0.0,5.0,0.9195792015149435,0.0,0.0,1.791759469228055,0.5726495726495728,0,0.0,3.0,0.23857362261932735,0.0,0.0,0.6931471805599452,1.051282051282052,0.2748558961962279,toward_higher_experience,False
Master Yi|16.2,Master Yi,16.2,16.1,,0,0,False,100,0,,,,,,,,,0,,,,,,,,,,,,,,,,,,,not_computable,False
Nunu & Willump|16.2,Nunu & Willump,16.2,16.1,,0,0,False,100,0,,,,,,,,,0,,,,,,,,,,,,,,,,,,,not_computable,False
Sivir|16.2,Sivir,16.2,16.1,,20,16,True,100,12,2.4166666666666665,0.0,0.0,2.25,0.5949055833287936,0.0,0.0,1.170532806781055,9,2.4444444444444446,1,0.0,2.0,0.873353895274685,0.6931471805599453,0.0,1.0986122886681098,0.027777777777778123,1.0,0.0,-0.25,0.27844831194589137,0.6931471805599453,0.0,-0.0719205181129452,1.5833333333333335,0.3876999472935607,toward_higher_experience,False
Smolder|16.2,Smolder,16.2,16.1,,18,14,True,100,9,6.333333333333333,2,0.0,6.0,1.130957350990699,1.0986122886681098,0.0,1.9459101490553132,8,6.625,5.5,0.0,12.25,1.472907237385862,1.844439727056968,0.0,2.5834763504999674,0.29166666666666696,3.5,0.0,6.25,0.3419498863951631,0.7458274383888581,0.0,0.6375662014446541,4.736111111111112,0.5079975312463234,toward_higher_experience,False
Taliyah|16.2,Taliyah,16.2,16.1,,4,4,False,100,3,0.0,0,0.0,0.0,0.0,0.0,0.0,0.0,4,0.75,0.5,0.0,1.25,0.44793986730701374,0.34657359027997264,0.0,0.7945134575869863,0.75,0.5,0.0,1.25,0.44793986730701374,0.34657359027997264,0.0,0.7945134575869863,0.75,0.44793986730701374,toward_higher_experience,False
Varus|16.2,Varus,16.2,16.1,,5,20,False,100,2,0.5,0.5,0.25,0.75,0.34657359027997264,0.34657359027997264,0.17328679513998632,0.5198603854199589,13,0.6923076923076923,0,0.0,1.0,0.3682685955986189,0.0,0.0,0.6931471805599453,0.1923076923076923,-0.5,-0.25,0.25,0.021695005318646265,-0.34657359027997264,-0.17328679513998632,0.17328679513998635,0.423076923076923,0.18165204698632595,approximately_stable,False
Viego|16.2,Viego,16.2,16.1,,13,19,True,100,5,20.6,6,2.0,16.0,2.0519524832907043,1.9459101490553132,1.0986122886681098,2.833213344056216,10,14.8,2.0,0.0,13.5,1.5043915257970053,1.0397207708399179,0.0,2.6113875453059907,-5.800000000000001,-4.0,-2.0,-2.5,-0.547560957493699,-0.9061893782153954,-1.0986122886681098,-0.22182579875022546,5.799999999999999,0.5475609574936988,toward_lower_experience,False
Zed|16.2,Zed,16.2,16.1,,20,18,True,100,12,11.166666666666666,2.5,1.0,4.25,1.482532973345754,1.2424533248940002,0.6931471805599453,1.6550183016325888,7,18.428571428571427,5,1.5,22.5,1.9193374654057,1.791759469228055,0.6931471805599453,2.9567515028191353,7.261904761904761,2.5,0.5,18.25,0.4368044920599461,0.5493061443340548,0.0,1.3017332011865466,8.833333333333336,0.6183138408231814,toward_higher_experience,False
Ahri|16.3,Ahri,16.3,16.2,,24,23,True,100,11,7.454545454545454,1,0.0,3.5,1.0065114458048043,0.6931471805599453,0.0,1.4978661367769954,11,8.818181818181818,3,1.5,5.5,1.4898570986431807,1.3862943611198906,0.8958797346140275,1.868834809141684,1.3636363636363642,2,1.5,2.0,0.4833456528383764,0.6931471805599453,0.8958797346140275,0.37096867236468856,1.7272727272727268,0.4888557163829816,toward_higher_experience,True
Bel'Veth|16.3,Bel'Veth,16.3,16.2,,0,0,False,100,0,,,,,,,,,0,,,,,,,,,,,,,,,,,,,not_computable,False
Braum|16.3,Braum,16.3,16.2,,15,19,True,100,8,3.625,0.5,0.0,3.75,0.8730895400147832,0.34657359027997264,0.0,1.3996054897495938,11,2.272727272727273,1,0.0,2.0,0.8326789128729479,0.6931471805599453,0.0,1.0986122886681098,-1.352272727272727,0.5,0.0,-1.75,-0.0404106271418353,0.34657359027997264,0.0,-0.300993201081484,1.7840909090909092,0.29395657994811936,approximately_stable,False
Briar|16.3,Briar,16.3,16.2,,5,8,False,100,5,15.4,0,0.0,6.0,1.2445152536142738,0.0,0.0,1.9459101490553132,7,8.285714285714286,1,0.0,1.5,0.9274628335743531,0.6931471805599453,0.0,0.8958797346140275,-7.114285714285714,1,0.0,-4.5,-0.31705242003992073,0.6931471805599453,0.0,-1.0500304144412858,7.457142857142852,0.5547028819461873,toward_lower_experience,False
Diana|16.3,Diana,16.3,16.2,,27,11,True,100,20,8.6,3.0,1.0,9.5,1.5115461177032392,1.3862943611198906,0.6931471805599453,2.324930983277717,7,15.571428571428571,14,3.0,19.5,2.2967533794911517,2.70805020110221,1.3862943611198906,2.995732273553991,6.9714285714285715,11.0,2.0,10.0,0.7852072617879124,1.3217558399823195,0.6931471805599453,0.6708012902762737,7.328571428571429,0.793154438387714,toward_higher_experience,False
Draven|16.3,Draven,16.3,16.2,,5,8,False,100,5,12.0,9,1.0,16.0,1.876858735819924,2.302585092994046,0.6931471805599453,2.833213344056216,5,22.4,5,5.0,47.0,2.4310400630312836,1.791759469228055,1.791759469228055,3.871201010907891,10.399999999999999,-4,4.0,31.0,0.5541813272113596,-0.5108256237659909,1.0986122886681096,1.037987666851675,12.000000000000002,0.7585115767177557,toward_higher_experience,False
Ekko|16.3,Ekko,16.3,16.2,,19,14,True,100,11,6.181818181818182,0,0.0,4.5,1.0333402686174677,0.0,0.0,1.7005986908310775,7,4.571428571428571,2,1.5,4.5,1.28755208105865,1.0986122886681098,0.8958797346140275,1.5890269151739727,-1.6103896103896105,2,1.5,0.0,0.2542118124411823,1.0986122886681098,0.8958797346140275,-0.11157177565710485,3.4805194805194803,0.5846690130396202,toward_higher_experience,False
Ezreal|16.3,Ezreal,16.3,16.2,,12,20,True,100,5,0.4,0,0.0,0.0,0.21972245773362195,0.0,0.0,0.0,9,5.333333333333333,3,0.0,7.0,1.2761498552444437,1.3862943611198906,0.0,2.0794415416798357,4.933333333333333,3,0.0,7.0,1.0564273975108218,1.3862943611198906,0.0,2.0794415416798357,4.933333333333334,1.0564273975108218,toward_higher_experience,False
Hecarim|16.3,Hecarim,16.3,16.2,,4,7,False,100,4,6.0,2.5,0.0,8.5,1.1968729356955115,0.8958797346140275,0.0,2.092752670309539,6,7.333333333333333,4.0,0.25,13.75,1.4417207506699032,1.3862943611198906,0.17328679513998632,2.6447703934621214,1.333333333333333,1.5,0.25,5.25,0.2448478149743918,0.4904146265058631,0.17328679513998632,0.5520177231525825,1.8333333333333335,0.27193430322402107,toward_higher_experience,False
Heimerdinger|16.3,Heimerdinger,16.3,16.2,,9,7,False,100,8,10.5,0.0,0.0,6.0,0.9162187111301889,0.0,0.0,0.8047189562170501,4,22.25,9.0,1.5,29.75,2.052122937935095,1.965912816362163,0.8239592165010823,3.1940765377961764,11.75,9.0,1.5,23.75,1.1359042268049062,1.965912816362163,0.8239592165010823,2.389357581579126,11.75,1.1359042268049064,toward_higher_experience,False
Jayce|16.3,Jayce,16.3,16.2,,8,4,False,100,4,2.25,1.0,0.0,3.25,0.7945134575869863,0.5493061443340549,0.0,1.3438196019210413,1,1.0,1,1.0,1.0,0.6931471805599453,0.6931471805599453,0.6931471805599453,0.6931471805599453,-1.25,0.0,1.0,-2.25,-0.10136627702704104,0.1438410362258904,0.6931471805599453,-0.650672421361096,2.25,0.7945134575869863,toward_lower_experience,False
Kayn|16.3,Kayn,16.3,16.2,,8,9,False,100,7,12.714285714285714,1,0.0,1.5,0.9913219922916439,0.6931471805599453,0.0,0.8958797346140275,5,18.0,2,0.0,2.0,1.3326265391981607,1.0986122886681098,0.0,1.0986122886681098,5.2857142857142865,1,0.0,0.5,0.3413045469065168,0.4054651081081645,0.0,0.2027325540540823,5.285714285714278,0.34130454690651635,toward_higher_experience,False
Maokai|16.3,Maokai,16.3,16.2,,1,4,False,100,0,,,,,,,,,2,2.5,2.5,1.25,3.75,0.8958797346140275,0.8958797346140275,0.44793986730701374,1.3438196019210413,,,,,,,,,,,not_computable,False
Mel|16.3,Mel,16.3,16.2,,12,7,False,100,6,3.0,2.5,1.25,4.5,1.1748758068759726,1.2424533248940002,0.7945134575869863,1.690393192201014,3,0.6666666666666666,1,0.5,1.0,0.46209812037329684,0.6931471805599453,0.34657359027997264,0.6931471805599453,-2.3333333333333335,-1.5,-0.75,-3.5,-0.7127776865026758,-0.5493061443340549,-0.4479398673070137,-0.9972460116410687,2.333333333333333,0.712777686502676,toward_lower_experience,False
Naafiri|16.3,Naafiri,16.3,16.2,,8,7,False,100,7,1.1428571428571428,0,0.0,1.5,0.5119312769223014,0.0,0.0,0.8958797346140275,5,2.0,0,0.0,0.0,0.47957905455967414,0.0,0.0,0.0,0.8571428571428572,0,0.0,-1.5,-0.0323522223626273,0.0,0.0,-0.8958797346140275,1.4857142857142853,0.3540233644261759,approximately_stable,False
Nilah|16.3,Nilah,16.3,16.2,,2,2,False,100,1,2.0,2,2.0,2.0,1.0986122886681098,1.0986122886681098,1.0986122886681098,1.0986122886681098,2,0.0,0.0,0.0,0.0,0.0,0.0,0.0,0.0,-2.0,-2.0,-2.0,-2.0,-1.0986122886681098,-1.0986122886681098,-1.0986122886681098,-1.0986122886681098,2.0,1.0986122886681098,toward_lower_experience,False
Riven|16.3,Riven,16.3,16.2,,9,7,False,100,5,0.8,0,0.0,1.0,0.4158883083359671,0.0,0.0,0.6931471805599453,3,3.0,1,1.0,4.0,1.155245300933242,0.6931471805599453,0.6931471805599453,1.3862943611198906,2.2,1,1.0,3.0,0.7393569925972748,0.6931471805599453,0.6931471805599453,0.6931471805599453,2.2,0.7393569925972749,toward_higher_experience,False
Ryze|16.3,Ryze,16.3,16.2,,16,11,True,100,10,2.9,1.5,0.0,4.0,0.9615805480084347,0.8958797346140275,0.0,1.6094379124341003,10,4.7,4.5,0.25,9.0,1.3251959035175205,1.666102255087602,0.17328679513998632,2.2848989918626064,1.8000000000000003,3.0,0.25,5.0,0.36361535550908575,0.7702225204735744,0.17328679513998632,0.6754610794285061,1.8000000000000003,0.36361535550908575,toward_higher_experience,True
Trundle|16.3,Trundle,16.3,16.2,,5,6,False,100,3,1.0,0,0.0,1.5,0.46209812037329684,0.0,0.0,0.6931471805599453,3,8.666666666666666,0,0.0,13.0,1.0986122886681098,0.0,0.0,1.6479184330021646,7.666666666666666,0,0.0,11.5,0.636514168294813,0.0,0.0,0.9547712524422193,7.666666666666668,0.6365141682948129,toward_higher_experience,False
Tryndamere|16.3,Tryndamere,16.3,16.2,,6,5,False,100,2,1.0,1.0,0.5,1.5,0.5493061443340549,0.5493061443340549,0.27465307216702745,0.8239592165010823,2,0.5,0.5,0.25,0.75,0.34657359027997264,0.34657359027997264,0.17328679513998632,0.5198603854199589,-0.5,-0.5,-0.25,-0.75,-0.20273255405408225,-0.20273255405408225,-0.10136627702704112,-0.30409883108112334,0.5,0.20273255405408225,toward_lower_experience,False
Varus|16.3,Varus,16.3,16.2,,20,14,True,100,13,0.6923076923076923,0,0.0,1.0,0.3682685955986189,0.0,0.0,0.6931471805599453,7,2.7142857142857144,2,1.5,3.0,1.113663790904942,1.0986122886681098,0.8958797346140275,1.354025100551105,2.021978021978022,2,1.5,2.0,0.7453951953063231,1.0986122886681098,0.8958797346140275,0.6608779199911597,2.0219780219780223,0.7453951953063234,toward_higher_experience,False
Vi|16.3,Vi,16.3,16.2,,6,5,False,100,5,1.0,0,0.0,0.0,0.358351893845611,0.0,0.0,0.0,3,1.0,0,0.0,1.5,0.46209812037329684,0.0,0.0,0.6931471805599453,0.0,0,0.0,1.5,0.10374622652768584,0.0,0.0,0.6931471805599453,0.8000000000000002,0.2659322697709517,toward_higher_experience,False
Volibear|16.3,Volibear,16.3,16.2,,18,9,False,100,9,3.3333333333333335,1,0.0,3.0,0.9680844416622458,0.6931471805599453,0.0,1.3862943611198906,6,13.333333333333334,8.0,2.75,23.0,2.048500309385913,2.1383330595080277,1.271899083808096,3.1203800450784027,10.0,7.0,2.75,20.0,1.0804158677236673,1.4451858789480823,1.271899083808096,1.7340856839585121,10.0,1.0804158677236673,toward_higher_experience,False
Xin Zhao|16.3,Xin Zhao,16.3,16.2,,0,0,False,100,0,,,,,,,,,0,,,,,,,,,,,,,,,,,,,not_computable,False
Yone|16.3,Yone,16.3,16.2,,14,20,True,100,5,4.0,2,0.0,9.0,1.1407564949312403,1.0986122886681098,0.0,2.302585092994046,13,1.1538461538461537,0,0.0,2.0,0.5453905258289301,0.0,0.0,1.0986122886681098,-2.8461538461538463,-2,0.0,-7.0,-0.5953659691023102,-1.0986122886681098,0.0,-1.2039728043259361,2.8461538461538463,0.5953659691023101,toward_lower_experience,False
Zaahen|16.3,Zaahen,16.3,16.2,,15,16,True,100,9,5.222222222222222,2,1.0,6.0,1.3945014502000626,1.0986122886681098,0.6931471805599453,1.9459101490553132,7,6.285714285714286,2,1.0,10.0,1.4245829062859627,1.0986122886681098,0.6931471805599453,2.2213256282451583,1.0634920634920633,0,0.0,4.0,0.030081456085900182,0.0,0.0,0.2754154791898451,1.5396825396825395,0.19249998916794142,approximately_stable,False
Zed|16.3,Zed,16.3,16.2,,18,12,True,100,7,18.428571428571427,5,1.5,22.5,1.9193374654057,1.791759469228055,0.6931471805599453,2.9567515028191353,5,24.0,10,3.0,31.0,2.3187461917143346,2.3978952727983707,1.3862943611198906,3.4657359027997265,5.571428571428573,5,1.5,8.5,0.39940872630863455,0.6061358035703157,0.6931471805599453,0.5089843999805912,6.428571428571425,0.42429707085340534,toward_higher_experience,False
Ambessa|16.4,Ambessa,16.4,16.3,,13,8,False,100,8,1.25,0.5,0.0,2.0,0.5852664033905275,0.34657359027997264,0.0,1.0986122886681098,6,4.333333333333333,2.5,0.5,6.0,1.2120663987616744,1.2424533248940002,0.27465307216702745,1.9061547465398494,3.083333333333333,2.0,0.5,4.0,0.626799995371147,0.8958797346140275,0.27465307216702745,0.8075424578717396,3.083333333333333,0.626799995371147,toward_higher_experience,False
Annie|16.4,Annie,16.4,16.3,,5,4,False,100,1,0.0,0,0.0,0.0,0.0,0.0,0.0,0.0,3,0.6666666666666666,1,0.5,1.0,0.46209812037329684,0.6931471805599453,0.34657359027997264,0.6931471805599453,0.6666666666666666,1,0.5,1.0,0.46209812037329684,0.6931471805599453,0.34657359027997264,0.6931471805599453,0.6666666666666667,0.4620981203732969,toward_higher_experience,False
Aphelios|16.4,Aphelios,16.4,16.3,,11,5,False,100,5,26.4,12,3.0,33.0,2.3840510999375812,2.5649493574615367,1.3862943611198906,3.5263605246161616,3,30.333333333333332,3,3.0,44.0,2.4089786728310965,1.3862943611198906,1.3862943611198906,2.920320828686699,3.9333333333333336,-9,0.0,11.0,0.024927572893515215,-1.1786549963416462,0.0,-0.6060396959294625,11.533333333333337,0.7817317265630096,approximately_stable,False
Brand|16.4,Brand,16.4,16.3,,11,10,True,100,6,5.5,2.0,2.0,2.75,1.3168345086654034,1.0986122886681098,1.0986122886681098,1.3143738430069454,6,4.666666666666667,1.0,0.25,3.25,1.0218710815805234,0.6931471805599453,0.17328679513998632,1.3803652294655615,-0.833333333333333,-1.0,-1.75,0.5,-0.29496342708488,-0.4054651081081645,-0.9253254935281234,0.06599138645861613,1.1666666666666665,0.36934461085628323,toward_lower_experience,False
Braum|16.4,Braum,16.4,16.3,,19,14,True,100,11,2.272727272727273,1,0.0,2.0,0.8326789128729479,0.6931471805599453,0.0,1.0986122886681098,4,3.75,4.0,1.75,6.0,1.4208949418346704,1.5222612188617115,0.9972460116410686,1.9459101490553132,1.477272727272727,3.0,1.75,4.0,0.5882160289617224,0.8291140383017662,0.9972460116410686,0.8472978603872034,2.3863636363636367,0.6946735773921916,toward_higher_experience,False
Camille|16.4,Camille,16.4,16.3,,4,4,False,100,1,4.0,4,4.0,4.0,1.6094379124341003,1.6094379124341003,1.6094379124341003,1.6094379124341003,3,1.6666666666666667,0,0.0,2.5,0.5972531564093516,0.0,0.0,0.8958797346140275,-2.333333333333333,-4,-4.0,-1.5,-1.0121847560247486,-1.6094379124341003,-1.6094379124341003,-0.7135581778200728,3.0,1.1337324605540515,toward_lower_experience,False
Darius|16.4,Darius,16.4,16.3,,12,12,True,100,5,11.4,2,0.0,6.0,1.3913090886303139,1.0986122886681098,0.0,1.9459101490553132,6,9.166666666666666,0.5,0.0,4.0,1.0661549425360244,0.34657359027997264,0.0,1.5171063970610277,-2.2333333333333343,-1.5,0.0,-2.0,-0.3251541460942895,-0.7520386983881371,0.0,-0.42880375199428555,2.233333333333333,0.32515414609428933,toward_lower_experience,False
Fizz|16.4,Fizz,16.4,16.3,,6,10,False,100,3,3.0,1,0.5,4.5,0.963457252632055,0.6931471805599453,0.34657359027997264,1.4451858789480825,7,2.0,2,1.0,3.0,0.9398930302871573,1.0986122886681098,0.5493061443340549,1.3862943611198906,-1.0,1,0.5,-1.5,-0.023564222344897634,0.4054651081081645,0.20273255405408225,-0.05889151782819191,2.0476190476190474,0.4533006214238332,approximately_stable,False
Graves|16.4,Graves,16.4,16.3,,8,10,False,100,2,10.5,10.5,5.25,15.75,1.545521226679158,1.545521226679158,0.772760613339579,2.318281840018737,8,2.25,0.0,0.0,0.0,0.36805487239580503,0.0,0.0,0.0,-8.25,-10.5,-5.25,-15.75,-1.177466354283353,-1.545521226679158,-0.772760613339579,-2.318281840018737,8.25,1.177466354283353,toward_lower_experience,False
Gwen|16.4,Gwen,16.4,16.3,,13,9,False,100,8,5.625,0.0,0.0,3.75,0.8443255124359953,0.0,0.0,1.1610977247853431,7,6.0,1,0.5,2.5,1.0389140560814352,0.6931471805599453,0.34657359027997264,1.1512925464970227,0.375,1.0,0.5,-1.25,0.19458854364543987,0.6931471805599453,0.34657359027997264,-0.009805178288320393,2.089285714285715,0.3993409961513191,toward_higher_experience,False
Hwei|16.4,Hwei,16.4,16.3,,3,6,False,100,1,11.0,11,11.0,11.0,2.4849066497880004,2.4849066497880004,2.4849066497880004,2.4849066497880004,5,7.4,1,0.0,2.0,1.0694215061434937,0.6931471805599453,0.0,1.0986122886681098,-3.5999999999999996,-10,-11.0,-9.0,-1.4154851436445066,-1.791759469228055,-2.4849066497880004,-1.3862943611198906,12.799999999999997,1.8436617083250717,toward_lower_experience,False
Illaoi|16.4,Illaoi,16.4,16.3,,3,5,False,100,0,,,,,,,,,3,1.0,0,0.0,1.5,0.46209812037329684,0.0,0.0,0.6931471805599453,,,,,,,,,,,not_computable,False
Jinx|16.4,Jinx,16.4,16.3,,21,16,True,100,11,6.0,4,1.0,8.5,1.4691332043022571,1.6094379124341003,0.6931471805599453,2.2154083994216567,10,6.3,3.5,1.0,9.5,1.4715330386182006,1.4451858789480823,0.6931471805599453,2.347727598932833,0.2999999999999998,-0.5,0.0,1.0,0.002399834315943483,-0.16425203348601802,0.0,0.13231919951117632,0.7363636363636362,0.1161884511941168,approximately_stable,True
Kassadin|16.4,Kassadin,16.4,16.3,,7,2,False,100,2,0.0,0.0,0.0,0.0,0.0,0.0,0.0,0.0,1,0.0,0,0.0,0.0,0.0,0.0,0.0,0.0,0.0,0.0,0.0,0.0,0.0,0.0,0.0,0.0,0.0,0.0,approximately_stable,False
Kayle|16.4,Kayle,16.4,16.3,,11,6,False,100,8,4.25,1.0,0.75,1.0,0.8583666605577353,0.6931471805599453,0.5198603854199589,0.6931471805599453,5,0.0,0,0.0,0.0,0.0,0.0,0.0,0.0,-4.25,-1.0,-0.75,-1.0,-0.8583666605577353,-0.6931471805599453,-0.5198603854199589,-0.6931471805599453,4.25,0.8583666605577351,toward_lower_experience,False
Kennen|16.4,Kennen,16.4,16.3,,5,2,False,100,3,0.6666666666666666,1,0.5,1.0,0.46209812037329684,0.6931471805599453,0.34657359027997264,0.6931471805599453,1,0.0,0,0.0,0.0,0.0,0.0,0.0,0.0,-0.6666666666666666,-1,-0.5,-1.0,-0.46209812037329684,-0.6931471805599453,-0.34657359027997264,-0.6931471805599453,0.6666666666666667,0.4620981203732969,toward_lower_experience,False
Lee Sin|16.4,Lee Sin,16.4,16.3,,0,0,False,100,0,,,,,,,,,0,,,,,,,,,,,,,,,,,,,not_computable,False
Lux|16.4,Lux,16.4,16.3,,19,20,True,100,13,10.923076923076923,1,0.0,5.0,1.2443826295802831,0.6931471805599453,0.0,1.791759469228055,16,11.4375,1.0,0.0,12.75,1.274463059723037,0.6931471805599453,0.0,2.571182067938357,0.5144230769230766,0.0,0.0,7.75,0.030080430142753967,0.0,0.0,0.7794225987103021,4.100961538461537,0.22267815436143223,approximately_stable,True
Maokai|16.4,Maokai,16.4,16.3,,4,7,False,100,2,2.5,2.5,1.25,3.75,0.8958797346140275,0.8958797346140275,0.44793986730701374,1.3438196019210413,3,0.0,0,0.0,0.0,0.0,0.0,0.0,0.0,-2.5,-2.5,-1.25,-3.75,-0.8958797346140275,-0.8958797346140275,-0.44793986730701374,-1.3438196019210413,2.5,0.8958797346140275,toward_lower_experience,False
Naafiri|16.4,Naafiri,16.4,16.3,,7,7,False,100,5,2.0,0,0.0,0.0,0.47957905455967414,0.0,0.0,0.0,6,1.5,1.0,0.25,1.75,0.7127776865026759,0.6931471805599453,0.17328679513998632,0.9972460116410686,-0.5,1.0,0.25,1.75,0.23319863194300178,0.6931471805599453,0.17328679513998632,0.9972460116410686,1.6999999999999997,0.5218627654084578,toward_higher_experience,False
Qiyana|16.4,Qiyana,16.4,16.3,,8,5,False,100,7,3.4285714285714284,0,0.0,5.5,0.8628935301824877,0.0,0.0,1.700598690831078,5,7.6,11,2.0,11.0,1.7552951578692642,2.4849066497880004,1.0986122886681098,2.4849066497880004,4.171428571428571,11,2.0,5.5,0.8924016276867764,2.4849066497880004,1.0986122886681098,0.7843079589569224,4.171428571428572,0.8924016276867763,toward_higher_experience,False
Rengar|16.4,Rengar,16.4,16.3,,5,4,False,100,2,1.5,1.5,0.75,2.25,0.6931471805599453,0.6931471805599453,0.34657359027997264,1.0397207708399179,3,9.0,1,0.5,13.5,1.3296613488547582,0.6931471805599453,0.34657359027997264,1.9944920232821373,7.5,-0.5,-0.25,11.25,0.6365141682948129,0.0,0.0,0.9547712524422194,8.166666666666668,0.8675632284814613,toward_higher_experience,False
Rumble|16.4,Rumble,16.4,16.3,,3,2,False,100,2,29.0,29.0,16.0,42.0,2.70582302592752,2.70582302592752,2.0460586935237055,3.365587358331335,1,51.0,51,51.0,51.0,3.9512437185814275,3.9512437185814275,3.9512437185814275,3.9512437185814275,22.0,22.0,35.0,9.0,1.2454206926539073,1.2454206926539073,1.905185025057722,0.5856563602500926,26.0,1.3195286648076296,toward_higher_experience,False
Ryze|16.4,Ryze,16.4,16.3,,11,4,False,100,10,4.7,4.5,0.25,9.0,1.3251959035175205,1.666102255087602,0.17328679513998632,2.2848989918626064,4,4.0,3.0,0.0,7.0,1.085951355463421,0.9729550745276566,0.0,2.0589064299910778,-0.7000000000000002,-1.5,-0.25,-2.0,-0.23924454805409945,-0.6931471805599453,-0.17328679513998632,-0.2259925618715286,0.7000000000000001,0.23924454805409942,toward_lower_experience,False
Samira|16.4,Samira,16.4,16.3,,5,4,False,100,4,0.5,0.0,0.0,0.5,0.27465307216702745,0.0,0.0,0.27465307216702745,4,0.25,0.0,0.0,0.25,0.17328679513998632,0.0,0.0,0.17328679513998632,-0.25,0.0,0.0,-0.25,-0.10136627702704112,0.0,0.0,-0.10136627702704112,0.25,0.10136627702704112,toward_lower_experience,False
Senna|16.4,Senna,16.4,16.3,,12,15,True,100,7,4.571428571428571,0,0.0,0.5,0.5941261547656673,0.0,0.0,0.34657359027997264,11,3.272727272727273,1,0.0,2.0,0.8478656478423265,0.6931471805599453,0.0,1.0986122886681098,-1.2987012987012982,1,0.0,1.5,0.2537394930766592,0.6931471805599453,0.0,0.7520386983881371,2.701298701298702,0.5075379793147645,toward_higher_experience,False
Swain|16.4,Swain,16.4,16.3,,14,12,True,100,7,5.142857142857143,3,0.5,9.5,1.337555681490924,1.3862943611198906,0.34657359027997264,2.3221954495706862,8,2.875,2.0,0.75,5.25,1.0737124852753732,1.0397207708399179,0.5198603854199589,1.8302971391848697,-2.2678571428571432,-1.0,0.25,-4.25,-0.26384319621555075,-0.3465735902799727,0.1732867951399863,-0.49189831038581655,2.339285714285714,0.31335370911268967,toward_lower_experience,False
Syndra|16.4,Syndra,16.4,16.3,,11,11,True,100,8,19.125,4.5,0.75,23.5,1.8364973494564072,1.5890269151739727,0.5198603854199589,2.8420182720726874,7,15.428571428571429,6,1.5,10.0,1.776104288020597,1.9459101490553132,0.6931471805599453,2.359249435647547,-3.696428571428571,1.5,0.75,-13.5,-0.060393061435810136,0.3568832338813406,0.17328679513998635,-0.48276883642514035,7.982142857142855,0.3940593753103657,approximately_stable,False
Teemo|16.4,Teemo,16.4,16.3,,8,8,False,100,5,20.0,0,0.0,1.0,1.0596634733096075,0.0,0.0,0.6931471805599453,5,20.8,1,0.0,4.0,1.3815510557964275,0.6931471805599453,0.0,1.6094379124341003,0.8000000000000007,1,0.0,3.0,0.3218875824868199,0.6931471805599453,0.0,0.916290731874155,0.8000000000000002,0.3218875824868201,toward_higher_experience,False
Twitch|16.4,Twitch,16.4,16.3,,10,13,True,100,5,1.4,0,0.0,3.0,0.5991464547107982,0.0,0.0,1.3862943611198906,11,1.5454545454545454,0,0.0,3.0,0.6349742109198423,0.0,0.0,1.354025100551105,0.1454545454545455,0,0.0,0.0,0.035827756209044104,0.0,0.0,-0.03226926056878554,0.4727272727272728,0.13854429160463666,approximately_stable,False
Udyr|16.4,Udyr,16.4,16.3,,4,2,False,100,1,0.0,0,0.0,0.0,0.0,0.0,0.0,0.0,2,0.0,0.0,0.0,0.0,0.0,0.0,0.0,0.0,0.0,0.0,0.0,0.0,0.0,0.0,0.0,0.0,0.0,0.0,approximately_stable,False
Xayah|16.4,Xayah,16.4,16.3,,7,10,False,100,3,0.0,0,0.0,0.0,0.0,0.0,0.0,0.0,8,1.625,1.0,0.75,2.25,0.7945134575869864,0.6931471805599453,0.5198603854199589,1.170532806781055,1.625,1.0,0.75,2.25,0.7945134575869864,0.6931471805599453,0.5198603854199589,1.170532806781055,1.625,0.7945134575869864,toward_higher_experience,False
Zac|16.4,Zac,16.4,16.3,,5,6,False,100,3,9.333333333333334,0,0.0,14.0,1.1224319433288248,0.0,0.0,1.683647914993237,3,33.666666666666664,29,18.0,47.0,3.223431221789472,3.4011973816621555,2.7403194616709956,3.7954260618442905,24.33333333333333,29,18.0,33.0,2.1009992784606473,3.4011973816621555,2.7403194616709956,2.1117781468510533,24.333333333333336,2.1009992784606473,toward_higher_experience,False
Akali|16.5,Akali,16.5,16.4,,16,13,True,100,13,5.230769230769231,1,0.0,3.0,1.0221214974073343,0.6931471805599453,0.0,1.3862943611198906,12,7.75,2.5,0.75,4.0,1.3083966975233057,1.2424533248940002,0.5198603854199589,1.6094379124341003,2.519230769230769,1.5,0.75,1.0,0.2862752001159714,0.5493061443340549,0.5198603854199589,0.2231435513142097,2.5192307692307727,0.28627520011597163,toward_higher_experience,True
Azir|16.5,Azir,16.5,16.4,,2,2,False,100,1,0.0,0,0.0,0.0,0.0,0.0,0.0,0.0,0,,,,,,,,,,,,,,,,,,,not_computable,False
Garen|16.5,Garen,16.5,16.4,,10,20,True,100,5,5.2,4,3.0,5.0,1.7317385507379874,1.6094379124341003,1.3862943611198906,1.791759469228055,16,2.1875,0.0,0.0,4.25,0.697763668167542,0.0,0.0,1.6550183016325888,-3.0125,-4.0,-3.0,-0.75,-1.0339748825704453,-1.6094379124341003,-1.3862943611198906,-0.13674116759546617,3.2625,1.0532437175488525,toward_lower_experience,False
Lee Sin|16.5,Lee Sin,16.5,16.4,,0,0,False,100,0,,,,,,,,,0,,,,,,,,,,,,,,,,,,,not_computable,False
Lillia|16.5,Lillia,16.5,16.4,,4,7,False,100,4,3.75,0.0,0.0,3.75,0.6931471805599453,0.0,0.0,0.6931471805599453,4,10.5,8.5,0.75,18.25,1.6961142656594108,1.7631802623080808,0.5198603854199589,2.9394341425475328,6.75,8.5,0.75,14.5,1.0029670850994656,1.7631802623080808,0.5198603854199589,2.2462869619875874,6.75,1.0029670850994656,toward_higher_experience,False
Mel|16.5,Mel,16.5,16.4,,5,11,False,100,5,6.2,2,2.0,12.0,1.5069525314075076,1.0986122886681098,1.0986122886681098,2.5649493574615367,9,2.4444444444444446,2,0.0,3.0,0.8602668913128646,1.0986122886681098,0.0,1.3862943611198906,-3.7555555555555555,0,-2.0,-9.0,-0.646685640094643,0.0,-1.0986122886681098,-1.1786549963416462,3.844444444444444,0.6722573798681344,toward_lower_experience,False
Neeko|16.5,Neeko,16.5,16.4,,10,5,False,100,5,4.8,3,1.0,3.0,1.2712215321391782,1.3862943611198906,0.6931471805599453,1.3862943611198906,5,5.4,5,0.0,5.0,1.294778139270455,1.791759469228055,0.0,1.791759469228055,0.6000000000000005,2,-1.0,2.0,0.02355660713127672,0.4054651081081644,-0.6931471805599453,0.4054651081081644,1.0,0.3008154793552548,approximately_stable,False
Nocturne|16.5,Nocturne,16.5,16.4,,4,10,False,100,4,7.25,5.0,0.0,12.25,1.3484068865880903,1.1989476363991853,0.0,2.5473545229872756,8,4.5,0.5,0.0,7.5,1.01179730562162,0.34657359027997264,0.0,2.100669951156869,-2.75,-4.5,0.0,-4.75,-0.3366095809664702,-0.8523740461192126,0.0,-0.44668457183040644,2.75,0.3366095809664704,toward_lower_experience,False
Orianna|16.5,Orianna,16.5,16.4,,11,15,True,100,5,5.4,0,0.0,1.0,0.7977968093128549,0.0,0.0,0.6931471805599453,10,5.1,1.5,0.25,7.5,1.1877568578558138,0.8958797346140275,0.17328679513998632,2.073512410025507,-0.3000000000000007,1.5,0.25,6.5,0.38996004854295885,0.8958797346140275,0.17328679513998632,1.3803652294655615,3.1000000000000005,0.5675383000134505,toward_higher_experience,False
Samira|16.5,Samira,16.5,16.4,,4,6,False,100,4,0.25,0.0,0.0,0.25,0.17328679513998632,0.0,0.0,0.17328679513998632,5,0.4,0,0.0,0.0,0.21972245773362195,0.0,0.0,0.0,0.15000000000000002,0.0,0.0,-0.25,0.04643566259363563,0.0,0.0,-0.17328679513998632,0.25,0.11575038064963018,approximately_stable,False
Taliyah|16.5,Taliyah,16.5,16.4,,2,2,False,100,2,3.0,3.0,2.0,4.0,1.2424533248940002,1.2424533248940002,0.9678002527269727,1.5171063970610277,1,0.0,0,0.0,0.0,0.0,0.0,0.0,0.0,-3.0,-3.0,-2.0,-4.0,-1.2424533248940002,-1.2424533248940002,-0.9678002527269727,-1.5171063970610277,3.0,1.242453324894,toward_lower_experience,False
Varus|16.5,Varus,16.5,16.4,,10,9,False,100,8,3.875,2.5,0.0,7.5,1.1581035696575315,1.2424533248940002,0.0,2.1352274295083884,8,6.75,7.5,0.75,11.5,1.6002284350101836,2.1383330595080277,0.5198603854199589,2.523444319744815,2.875,5.0,0.75,4.0,0.44212486535265216,0.8958797346140275,0.5198603854199589,0.3882168902364267,2.875,0.4421248653526521,toward_higher_experience,False
Volibear|16.5,Volibear,16.5,16.4,,7,6,False,100,4,15.25,14.0,2.5,26.75,2.2085114102919494,2.3221954495706862,1.2130075659799042,3.3176992938827317,3,10.0,3,3.0,13.5,1.9971548490359938,1.3862943611198906,1.3862943611198906,2.3025850929940455,-5.25,-11.0,0.5,-13.25,-0.2113565612559556,-0.9359010884507957,0.17328679513998635,-1.0151142008886862,6.249999999999999,0.5579301515359282,toward_lower_experience,False
Ahri|16.6,Ahri,16.6,16.5,,20,17,True,100,11,9.545454545454545,1,0.0,9.5,1.195032808690639,0.6931471805599453,0.0,2.1097538525880535,14,5.214285714285714,2.5,1.0,3.75,1.2079943142336933,1.2424533248940002,0.6931471805599453,1.5536520246055479,-4.331168831168831,1.5,1.0,-5.75,0.012961505543054308,0.5493061443340549,0.6931471805599453,-0.5561018279825056,5.344155844155846,0.49914795225929276,approximately_stable,True
Azir|16.6,Azir,16.6,16.5,,2,2,False,100,0,,,,,,,,,1,0.0,0,0.0,0.0,0.0,0.0,0.0,0.0,,,,,,,,,,,not_computable,False
Cassiopeia|16.6,Cassiopeia,16.6,16.5,,2,2,False,100,2,0.0,0.0,0.0,0.0,0.0,0.0,0.0,0.0,1,0.0,0,0.0,0.0,0.0,0.0,0.0,0.0,0.0,0.0,0.0,0.0,0.0,0.0,0.0,0.0,0.0,0.0,approximately_stable,False
Lissandra|16.6,Lissandra,16.6,16.5,,4,7,False,100,4,12.0,4.0,1.5,14.5,1.6895236261069329,1.5222612188617115,0.8239592165010823,2.387825628467562,5,9.2,2,0.0,4.0,1.2843244535613034,1.0986122886681098,0.0,1.6094379124341003,-2.8000000000000007,-2.0,-1.5,-10.5,-0.4051991725456294,-0.4236489301936017,-0.8239592165010823,-0.7783877160334616,2.8000000000000016,0.40519917254562926,toward_lower_experience,False
Olaf|16.6,Olaf,16.6,16.5,,1,5,False,100,0,,,,,,,,,2,9.5,9.5,4.75,14.25,1.4978661367769954,1.4978661367769954,0.7489330683884977,2.2467992051654933,,,,,,,,,,,not_computable,False
Pyke|16.6,Pyke,16.6,16.5,,3,9,False,100,2,3.5,3.5,2.25,4.75,1.3195286648076292,1.3195286648076292,1.0063379226837872,1.6327194069314712,6,1.8333333333333333,1.5,0.25,2.75,0.8283022165960001,0.8958797346140275,0.17328679513998632,1.3143738430069454,-1.6666666666666667,-2.0,-2.0,-2.0,-0.4912264482116291,-0.4236489301936017,-0.8330511275438008,-0.31834556392452584,1.6666666666666667,0.4912264482116292,toward_lower_experience,False
Shen|16.6,Shen,16.6,16.5,,15,13,True,100,11,15.363636363636363,2,1.0,33.0,1.8159657827526237,1.0986122886681098,0.6931471805599453,3.5224525585646855,9,17.444444444444443,7,0.0,22.0,1.9846864928742332,2.0794415416798357,0.0,3.1354942159291497,2.0808080808080796,5,-1.0,-11.0,0.1687207101216095,0.980829253011726,-0.6931471805599453,-0.38695834263553586,5.737373737373737,0.5069650562521013,toward_higher_experience,False
Skarner|16.6,Skarner,16.6,16.5,,0,2,False,100,0,,,,,,,,,2,0.0,0.0,0.0,0.0,0.0,0.0,0.0,0.0,,,,,,,,,,,not_computable,False
Tryndamere|16.6,Tryndamere,16.6,16.5,,0,7,False,100,0,,,,,,,,,6,4.666666666666667,1.5,0.0,3.75,1.0144624544853844,0.6931471805599453,0.0,1.5536520246055479,,,,,,,,,,,not_computable,False
Zaahen|16.6,Zaahen,16.6,16.5,,15,12,True,100,13,8.461538461538462,4,0.0,14.0,1.5839978414816984,1.6094379124341003,0.0,2.70805020110221,9,7.444444444444445,4,0.0,11.0,1.5046105195862565,1.6094379124341003,0.0,2.4849066497880004,-1.017094017094017,0,0.0,-3.0,-0.07938732189544195,0.0,0.0,-0.2231435513142097,1.307692307692307,0.1146570074480314,approximately_stable,False
Cassiopeia|16.7,Cassiopeia,16.7,16.6,,2,2,False,100,1,0.0,0,0.0,0.0,0.0,0.0,0.0,0.0,1,32.0,32,32.0,32.0,3.4965075614664802,3.4965075614664802,3.4965075614664802,3.4965075614664802,32.0,32,32.0,32.0,3.4965075614664802,3.4965075614664802,3.4965075614664802,3.4965075614664802,32.0,3.4965075614664802,toward_higher_experience,False
Graves|16.7,Graves,16.7,16.6,,12,11,True,100,11,5.636363636363637,2,0.5,9.5,1.3319233455573638,1.0986122886681098,0.34657359027997264,2.3221954495706862,8,10.25,4.5,2.25,13.0,1.7433568199991702,1.7005986908310775,1.0397207708399179,2.632015354110207,4.613636363636363,2.5,1.75,3.5,0.41143347444180645,0.6019864021629677,0.6931471805599452,0.3098199045395207,4.613636363636363,0.41143347444180617,toward_higher_experience,False
Kalista|16.7,Kalista,16.7,16.6,,1,0,False,100,1,0.0,0,0.0,0.0,0.0,0.0,0.0,0.0,0,,,,,,,,,,,,,,,,,,,not_computable,False
Karma|16.7,Karma,16.7,16.6,,22,19,True,100,18,8.166666666666666,3.0,0.25,10.5,1.4885635785639773,1.354025100551105,0.17328679513998632,2.439326260589512,15,7.666666666666667,2,1.0,12.5,1.5141976182575665,1.0986122886681098,0.6931471805599453,2.596478425445105,-0.4999999999999991,-1.0,0.75,2.0,0.02563403969358924,-0.25541281188299525,0.5198603854199589,0.15715216485559313,1.9444444444444444,0.16501902574908253,approximately_stable,True
Nami|16.7,Nami,16.7,16.6,,22,20,True,100,11,14.090909090909092,4,2.0,9.0,1.876698667494174,1.6094379124341003,1.0986122886681098,2.2975599250672953,10,21.5,6.0,0.0,37.5,1.908720464939187,1.8444397270569683,0.0,3.6363033412563275,7.409090909090908,2.0,-2.0,28.5,0.03202179744501299,0.23500181462286807,-1.0986122886681098,1.3387434161890321,8.627272727272729,0.6786511207179634,approximately_stable,True
Ornn|16.7,Ornn,16.7,16.6,,11,11,True,100,7,1.1428571428571428,0,0.0,1.5,0.5119312769223014,0.0,0.0,0.8958797346140275,6,2.5,0.5,0.0,1.75,0.7261181377815986,0.34657359027997264,0.0,0.9972460116410686,1.3571428571428572,0.5,0.0,0.25,0.21418686085929717,0.34657359027997264,0.0,0.10136627702704115,1.3571428571428568,0.2141868608592971,toward_higher_experience,False
Rell|16.7,Rell,16.7,16.6,,4,6,False,100,3,7.666666666666667,4,3.0,10.5,1.866140652999458,1.6094379124341003,1.354025100551105,2.2499048351651325,3,9.0,6,4.5,12.0,2.0922144964472147,1.9459101490553132,1.666102255087602,2.445174564110877,1.333333333333333,2,1.5,1.5,0.22607384344775672,0.33647223662121295,0.31207715453649687,0.19526972894574435,1.3333333333333335,0.2260738434477565,toward_higher_experience,False
Shyvana|16.7,Shyvana,16.7,16.6,,15,4,False,100,11,0.5454545454545454,0,0.0,0.5,0.2723392975958174,0.0,0.0,0.34657359027997264,3,5.0,5,2.5,7.5,1.3965515806754751,1.791759469228055,0.8958797346140275,2.0948273710132126,4.454545454545455,5,2.5,7.0,1.1242122830796577,1.791759469228055,0.8958797346140275,1.74825378073324,4.454545454545455,1.124212283079658,toward_higher_experience,False
Singed|16.7,Singed,16.7,16.6,,9,4,False,100,7,3.0,0,0.0,3.5,0.7638725043882097,0.0,0.0,1.3195286648076292,3,14.333333333333334,14,10.5,18.0,2.6409953195703983,2.70805020110221,2.393745871391023,2.92177220851568,11.333333333333334,14,10.5,14.5,1.8771228151821886,2.70805020110221,2.393745871391023,1.6022435437080509,11.333333333333332,1.8771228151821888,toward_higher_experience,False
Veigar|16.7,Veigar,16.7,16.6,,12,11,True,100,10,15.6,2.5,0.25,19.75,1.583986213332615,1.1512925464970227,0.17328679513998632,2.8459318816246366,8,15.0,5.0,0.75,8.5,1.6833504729593398,1.7776740307447068,0.5198603854199589,2.2193454886636914,-0.5999999999999996,2.5,0.5,-11.25,0.0993642596267248,0.626381484247684,0.3465735902799726,-0.6265863929609452,5.300000000000002,0.405345433316499,approximately_stable,False
Dr. Mundo|16.8,Dr. Mundo,16.8,16.7,,0,0,False,100,0,,,,,,,,,0,,,,,,,,,,,,,,,,,,,not_computable,False
Hwei|16.8,Hwei,16.8,16.7,,9,7,False,100,7,4.285714285714286,2,1.0,5.0,1.2137391177417374,1.0986122886681098,0.5493061443340549,1.732867951399863,6,6.0,3.5,2.25,4.0,1.5887373118575494,1.4978661367769954,1.170532806781055,1.6094379124341003,1.7142857142857144,1.5,1.25,-1.0,0.37499819411581203,0.39925384810888565,0.6212266624470001,-0.12343003896576277,2.428571428571428,0.48690382012670114,toward_higher_experience,False
Karma|16.8,Karma,16.8,16.7,,19,12,True,100,15,7.666666666666667,2,1.0,12.5,1.5141976182575665,1.0986122886681098,0.6931471805599453,2.596478425445105,8,15.0,11.5,2.75,25.5,2.3567395811257357,2.5053176470481278,1.3143738430069454,3.2651305039149996,7.333333333333333,9.5,1.75,13.0,0.8425419628681692,1.406705358380018,0.6212266624470001,0.6686520784698944,7.466666666666667,0.8462980797970623,toward_higher_experience,False
Lillia|16.8,Lillia,16.8,16.7,,5,7,False,100,3,5.333333333333333,2,1.5,7.5,1.4769389329477711,1.0986122886681098,0.8958797346140275,1.868834809141684,4,0.5,0.0,0.0,0.5,0.27465307216702745,0.0,0.0,0.27465307216702745,-4.833333333333333,-2.0,-1.5,-7.0,-1.2022858607807436,-1.0986122886681098,-0.8958797346140275,-1.5941817369746565,4.833333333333334,1.2022858607807438,toward_lower_experience,False
Lucian|16.8,Lucian,16.8,16.7,,8,12,False,100,4,3.75,2.0,0.0,5.75,1.023586140555525,0.8047189562170501,0.0,1.8283050967725751,11,2.4545454545454546,1,0.0,5.0,0.9150551274556875,0.6931471805599453,0.0,1.7776740307447068,-1.2954545454545454,-1.0,0.0,-0.75,-0.10853101309983759,-0.11157177565710485,0.0,-0.05063106602786838,1.659090909090909,0.3128653458262414,toward_lower_experience,False
Mel|16.8,Mel,16.8,16.7,,13,11,True,100,11,4.090909090909091,1,0.0,3.0,0.9906126659587646,0.6931471805599453,0.0,1.354025100551105,8,5.75,3.0,2.0,6.5,1.522987965094889,1.354025100551105,1.0986122886681098,2.0087387561255396,1.6590909090909092,2.0,2.0,3.5,0.5323752991361244,0.6608779199911597,1.0986122886681098,0.6547136555744346,2.3636363636363633,0.5802267362672905,toward_higher_experience,False
Tahm Kench|16.8,Tahm Kench,16.8,16.7,,0,0,False,100,0,,,,,,,,,0,,,,,,,,,,,,,,,,,,,not_computable,False
Yuumi|16.8,Yuumi,16.8,16.7,,4,3,False,100,2,23.5,23.5,13.25,33.75,2.596478425445105,2.596478425445105,1.9913863932824978,3.2015704576077124,2,22.0,22.0,11.0,33.0,1.9033312448851598,1.9033312448851598,0.9516656224425799,2.8549968673277397,-1.5,-1.5,-2.25,-0.75,-0.6931471805599454,-0.6931471805599454,-1.0397207708399179,-0.3465735902799727,1.5,0.6931471805599453,toward_lower_experience,False
Zilean|16.8,Zilean,16.8,16.7,,6,6,False,100,3,1.3333333333333333,0,0.0,2.0,0.5364793041447001,0.0,0.0,0.8047189562170501,3,2.3333333333333335,1,0.5,3.5,0.8796857765384195,0.6931471805599453,0.34657359027997264,1.3195286648076292,1.0000000000000002,1,0.5,1.5,0.3432064723937194,0.6931471805599453,0.34657359027997264,0.5148097085905791,1.0,0.34320647239371943,toward_higher_experience,False
Zyra|16.8,Zyra,16.8,16.7,,6,4,False,100,3,16.333333333333332,21,10.5,24.5,2.152779427781597,3.091042453358316,1.545521226679158,3.2291691416723953,3,0.3333333333333333,0,0.0,0.5,0.23104906018664842,0.0,0.0,0.34657359027997264,-15.999999999999998,-21,-10.5,-24.0,-1.9217303675949486,-3.091042453358316,-1.545521226679158,-2.8825955513924226,16.000000000000004,1.9217303675949484,toward_lower_experience,False
Ambessa|16.9,Ambessa,16.9,16.8,,13,10,True,100,9,6.666666666666667,1,0.0,16.0,1.293475944313417,0.6931471805599453,0.0,2.833213344056216,6,8.833333333333334,3.0,1.0,17.0,1.587865470287957,1.2424533248940002,0.6931471805599453,2.7662217073257507,2.166666666666667,2.0,1.0,1.0,0.29438952597454016,0.5493061443340549,0.6931471805599453,-0.06699163673046549,2.1666666666666665,0.2943895259745402,toward_higher_experience,False
Briar|16.9,Briar,16.9,16.8,,2,4,False,100,1,2.0,2,2.0,2.0,1.0986122886681098,1.0986122886681098,1.0986122886681098,1.0986122886681098,2,2.0,2.0,1.0,3.0,0.8047189562170501,0.8047189562170501,0.40235947810852507,1.2070784343255752,0.0,0.0,-1.0,1.0,-0.29389333245105964,-0.29389333245105964,-0.6962528105595847,0.10846614565746537,2.0,0.8047189562170501,toward_lower_experience,False
Ezreal|16.9,Ezreal,16.9,16.8,,21,26,True,100,16,12.5625,8.0,2.75,20.5,2.0945775849517343,2.1910133173369406,1.3143738430069454,3.067265382274855,18,9.333333333333334,3.0,0.0,11.75,1.5514971284263503,1.3862943611198906,0.0,2.5449386805431526,-3.229166666666666,-5.0,-2.75,-8.75,-0.543080456525384,-0.80471895621705,-1.3143738430069454,-0.5223267017317021,3.3263888888888893,0.5461671355281905,toward_lower_experience,True
Gragas|16.9,Gragas,16.9,16.8,,4,5,False,100,4,2.25,2.0,0.0,4.25,0.8502993454155388,0.8047189562170501,0.0,1.6550183016325888,5,3.4,3,1.0,5.0,1.2136851176488221,1.3862943611198906,0.6931471805599453,1.791759469228055,1.15,1.0,1.0,0.75,0.3633857722332834,0.5815754049028404,0.6931471805599453,0.13674116759546617,1.3499999999999996,0.40801448249612515,toward_higher_experience,False
Kennen|16.9,Kennen,16.9,16.8,,5,4,False,100,3,0.3333333333333333,0,0.0,0.5,0.23104906018664842,0.0,0.0,0.34657359027997264,3,0.6666666666666666,0,0.0,1.0,0.3662040962227033,0.0,0.0,0.5493061443340549,0.3333333333333333,0,0.0,0.5,0.13515503603605486,0.0,0.0,0.20273255405408225,0.33333333333333337,0.13515503603605486,toward_higher_experience,False
Shyvana|16.9,Shyvana,16.9,16.8,,7,6,False,100,6,4.5,4.0,0.5,7.5,1.2877756108079403,1.5222612188617115,0.27465307216702745,2.134395970265993,2,6.0,6.0,3.0,9.0,1.2824746787307684,1.2824746787307684,0.6412373393653842,1.9237120180961527,1.5,2.0,2.5,1.5,-0.0053009320771719715,-0.23978654013094314,0.36658426719835674,-0.21068395216984026,2.1666666666666665,0.36090316414553114,approximately_stable,False
Tahm Kench|16.9,Tahm Kench,16.9,16.8,,0,0,False,100,0,,,,,,,,,0,,,,,,,,,,,,,,,,,,,not_computable,False
Taliyah|16.9,Taliyah,16.9,16.8,,4,5,False,100,2,2.0,2.0,1.5,2.5,1.0397207708399179,1.0397207708399179,0.8664339756999315,1.2130075659799042,3,3.0,2,2.0,3.5,1.3296613488547582,1.0986122886681098,1.0986122886681098,1.4451858789480823,1.0,0.0,0.5,1.0,0.2899405780148403,0.05889151782819191,0.23217831296817826,0.23217831296817804,1.3333333333333335,0.38583460216543386,toward_higher_experience,False
Teemo|16.9,Teemo,16.9,16.8,,5,24,False,100,5,28.8,1,1.0,50.0,1.9701438973994947,0.6931471805599453,0.6931471805599453,3.9318256327243257,17,9.529411764705882,1,0.0,2.0,0.981807533416986,0.6931471805599453,0.0,1.0986122886681098,-19.27058823529412,0,-1.0,-48.0,-0.9883363639825087,0.0,-0.6931471805599453,-2.833213344056216,19.529411764705877,1.0003799428141458,toward_lower_experience,False
Udyr|16.9,Udyr,16.9,16.8,,4,4,False,100,3,5.666666666666667,6,5.0,6.5,1.8782632010564164,1.9459101490553132,1.7776740307447068,2.0126758453675744,1,5.0,5,5.0,5.0,1.791759469228055,1.791759469228055,1.791759469228055,1.791759469228055,-0.666666666666667,-1,0.0,-1.5,-0.08650373182836146,-0.15415067982725827,0.0140854384833482,-0.22091637613951942,1.3333333333333335,0.2080514363576646,approximately_stable,False
Warwick|16.9,Warwick,16.9,16.8,,5,11,False,100,4,17.0,5.0,2.25,19.75,1.8858183366763615,1.732867951399863,1.0397207708399179,2.5789655172363064,6,10.666666666666666,0.5,0.0,6.25,1.1526205747718856,0.34657359027997264,0.0,1.821205228142151,-6.333333333333334,-4.5,-2.25,-13.5,-0.7331977619044758,-1.3862943611198904,-1.0397207708399179,-0.7577602890941555,6.500000000000002,0.7528282678472064,toward_lower_experience,False
Xin Zhao|16.9,Xin Zhao,16.9,16.8,,0,0,False,100,0,,,,,,,,,0,,,,,,,,,,,,,,,,,,,not_computable,False
Zeri|16.9,Zeri,16.9,16.8,,5,5,False,100,3,21.0,0,0.0,31.5,1.3862943611198906,0.0,0.0,2.0794415416798357,5,0.4,0,0.0,1.0,0.2772588722239781,0.0,0.0,0.6931471805599453,-20.6,0,0.0,-30.5,-1.1090354888959124,0.0,0.0,-1.3862943611198904,20.733333333333334,1.201455112970572,toward_lower_experience,False
Zoe|16.9,Zoe,16.9,16.8,,3,1,False,100,2,2.5,2.5,1.25,3.75,0.8958797346140275,0.8958797346140275,0.44793986730701374,1.3438196019210413,0,,,,,,,,,,,,,,,,,,,not_computable,False
Ambessa|16.10,Ambessa,16.10,16.9,,10,10,True,100,6,8.833333333333334,3.0,1.0,17.0,1.587865470287957,1.2424533248940002,0.6931471805599453,2.7662217073257507,8,5.25,3.5,0.75,6.0,1.3509632128970017,1.4978661367769954,0.5198603854199589,1.8483157736909592,-3.583333333333334,0.5,-0.25,-11.0,-0.23690225739095538,0.25541281188299525,-0.17328679513998635,-0.9179059336347914,4.083333333333334,0.41018905253094196,toward_lower_experience,False
Anivia|16.10,Anivia,16.10,16.9,,10,11,True,100,6,7.333333333333333,1.0,0.0,2.75,1.0289643506503228,0.5493061443340549,0.0,1.3143738430069454,9,6.888888888888889,1,0.0,2.0,1.0610739641755336,0.6931471805599453,0.0,1.0986122886681098,-0.44444444444444375,0.0,0.0,-0.75,0.0321096135252108,0.1438410362258904,0.0,-0.2157615543388356,2.333333333333332,0.22373317458523875,approximately_stable,False
Ashe|16.10,Ashe,16.10,16.9,,23,31,True,100,19,4.368421052631579,2,0.0,4.5,1.0980359596324099,1.0986122886681098,0.0,1.666102255087602,23,5.043478260869565,1,0.0,6.0,1.1216628960673352,0.6931471805599453,0.0,1.9459101490553132,0.6750572082379867,-1,0.0,1.5,0.023626936434925305,-0.4054651081081645,0.0,0.27980789396771133,1.2334096109839827,0.1604492336624171,approximately_stable,True
Galio|16.10,Galio,16.10,16.9,,15,20,True,100,12,1.5,1.0,0.0,2.0,0.6888041804650276,0.6931471805599453,0.0,1.0986122886681098,17,2.235294117647059,0,0.0,2.0,0.6846280394279876,0.0,0.0,1.0986122886681098,0.7352941176470589,-1.0,0.0,0.0,-0.004176141037040004,-0.6931471805599453,0.0,0.0,1.2254901960784315,0.2799656174316105,approximately_stable,True
Lee Sin|16.10,Lee Sin,16.10,16.9,,0,0,False,100,0,,,,,,,,,0,,,,,,,,,,,,,,,,,,,not_computable,False
Naafiri|16.10,Naafiri,16.10,16.9,,12,8,False,100,7,0.7142857142857143,0,0.0,1.5,0.41291025112802354,0.0,0.0,0.8958797346140275,6,1.5,0.0,0.0,2.25,0.555367418362534,0.0,0.0,1.0397207708399179,0.7857142857142857,0.0,0.0,0.75,0.14245716723451046,0.0,0.0,0.1438410362258904,0.9761904761904762,0.27448520162688095,toward_higher_experience,False
Quinn|16.10,Quinn,16.10,16.9,,3,4,False,100,3,1.3333333333333333,0,0.0,2.0,0.5364793041447001,0.0,0.0,0.8047189562170501,3,1.6666666666666667,1,0.5,2.5,0.7675283643313485,0.6931471805599453,0.34657359027997264,1.1512925464970227,0.3333333333333335,1,0.5,0.5,0.2310490601866484,0.6931471805599453,0.34657359027997264,0.3465735902799726,0.3333333333333333,0.23104906018664842,toward_higher_experience,False
Shyvana|16.10,Shyvana,16.10,16.9,,6,10,False,100,2,6.0,6.0,3.0,9.0,1.2824746787307684,1.2824746787307684,0.6412373393653842,1.9237120180961527,6,5.5,0.0,0.0,0.75,0.6982757903377376,0.0,0.0,0.5198603854199589,-0.5,-6.0,-3.0,-8.25,-0.5841988883930308,-1.2824746787307684,-0.6412373393653842,-1.4038516326761936,7.166666666666666,0.8947182897280119,toward_lower_experience,False
Wukong|16.10,Wukong,16.10,16.9,,0,0,False,100,0,,,,,,,,,0,,,,,,,,,,,,,,,,,,,not_computable,False
Zed|16.10,Zed,16.10,16.9,,12,14,True,100,10,16.7,8.5,3.0,19.25,2.183654381671142,2.178354413344796,1.3862943611198906,2.9952943902942897,12,8.833333333333334,4.0,0.0,16.25,1.53638475693756,1.6094379124341003,0.0,2.8405721511106914,-7.866666666666665,-4.5,-3.0,-3.0,-0.6472696247335821,-0.5689165009106956,-1.3862943611198906,-0.1547222391835983,7.933333333333331,0.6515721928094201,toward_lower_experience,True
Zeri|16.10,Zeri,16.10,16.9,,5,5,False,100,5,0.4,0,0.0,1.0,0.2772588722239781,0.0,0.0,0.6931471805599453,2,3.0,3.0,1.5,4.5,0.9729550745276566,0.9729550745276566,0.4864775372638283,1.4594326117914849,2.6,3.0,1.5,3.5,0.6956962023036786,0.9729550745276566,0.4864775372638283,0.7662854312315396,2.6,0.6956962023036786,toward_higher_experience,False
Brand|16.11,Brand,16.11,16.10,,23,16,True,100,15,2.933333333333333,1,0.0,3.0,0.8714327364687049,0.6931471805599453,0.0,1.354025100551105,10,2.2,1.0,0.0,4.75,0.8525161361065414,0.6931471805599453,0.0,1.7461790800295665,-0.733333333333333,0.0,0.0,1.75,-0.01891660036216347,0.0,0.0,0.3921539794784614,1.733333333333333,0.26997263337883437,approximately_stable,True
Diana|16.11,Diana,16.11,16.10,,13,19,True,100,10,8.7,0.0,0.0,2.0,0.9532858559263421,0.0,0.0,1.0986122886681098,16,5.5,0.0,0.0,5.0,0.8763955991474135,0.0,0.0,1.791759469228055,-3.1999999999999993,0.0,0.0,3.0,-0.07689025677892858,0.0,0.0,0.6931471805599452,4.449999999999999,0.3528546664511099,approximately_stable,True
Ekko|16.11,Ekko,16.11,16.10,,9,16,False,100,7,4.428571428571429,1,0.5,3.5,1.0739315500861473,0.6931471805599453,0.34657359027997264,1.4978661367769954,14,13.071428571428571,3.0,1.0,17.25,1.6627738375515724,1.354025100551105,0.6931471805599453,2.8880365445308773,8.642857142857142,2.0,0.5,13.75,0.5888422874654251,0.6608779199911597,0.34657359027997264,1.390170407753882,8.64285714285714,0.5888422874654248,toward_higher_experience,False
Heimerdinger|16.11,Heimerdinger,16.11,16.10,,6,7,False,100,3,6.0,1,0.5,9.0,1.1945063128187032,0.6931471805599453,0.34657359027997264,1.791759469228055,3,6.0,0,0.0,9.0,0.9814796597221468,0.0,0.0,1.4722194895832201,0.0,-1,-0.5,0.0,-0.21302665309655644,-0.6931471805599453,-0.34657359027997264,-0.3195399796448348,0.6666666666666667,0.24907146727674034,toward_lower_experience,False
Kassadin|16.11,Kassadin,16.11,16.10,,4,4,False,100,3,1.0,1,0.5,1.5,0.5972531564093516,0.6931471805599453,0.34657359027997264,0.8958797346140275,3,0.3333333333333333,0,0.0,0.5,0.23104906018664842,0.0,0.0,0.34657359027997264,-0.6666666666666667,-1,-0.5,-1.0,-0.3662040962227032,-0.6931471805599453,-0.34657359027997264,-0.5493061443340548,0.6666666666666667,0.3662040962227033,toward_lower_experience,False
Quinn|16.11,Quinn,16.11,16.10,,4,2,False,100,3,1.6666666666666667,1,0.5,2.5,0.7675283643313485,0.6931471805599453,0.34657359027997264,1.1512925464970227,2,1.0,1.0,0.5,1.5,0.5493061443340549,0.5493061443340549,0.27465307216702745,0.8239592165010823,-0.6666666666666667,0.0,0.0,-1.0,-0.21822221999729363,-0.1438410362258904,-0.0719205181129452,-0.32733332999594045,1.0,0.35337725603334846,toward_lower_experience,False
Smolder|16.11,Smolder,16.11,16.10,,45,26,True,100,33,5.363636363636363,3,1.0,5.0,1.283543094023833,1.3862943611198906,0.6931471805599453,1.791759469228055,18,8.222222222222221,6.0,2.25,12.25,1.7257558416359098,1.9356005054539454,1.170532806781055,2.5787668154110364,2.858585858585858,3.0,1.25,7.25,0.44221274761207674,0.5493061443340548,0.4773856262211097,0.7870073461829814,4.06060606060606,0.4913334323408921,toward_higher_experience,True
Teemo|16.11,Teemo,16.11,16.10,,21,19,True,100,14,11.214285714285714,1.0,0.0,3.75,1.1032972761998265,0.6931471805599453,0.0,1.5536520246055479,13,8.923076923076923,1,0.0,4.0,1.0585848710688741,0.6931471805599453,0.0,1.6094379124341003,-2.29120879120879,0.0,0.0,0.25,-0.044712405130952426,0.0,0.0,0.05578588782855243,3.225274725274728,0.22152737183717594,approximately_stable,True
Xin Zhao|16.11,Xin Zhao,16.11,16.10,,0,0,False,100,0,,,,,,,,,0,,,,,,,,,,,,,,,,,,,not_computable,False
Aatrox|16.12,Aatrox,16.12,16.11,,14,13,True,100,13,7.461538461538462,1,1.0,4.0,1.3156874096763818,0.6931471805599453,0.6931471805599453,1.6094379124341003,11,6.2727272727272725,1,0.0,3.5,1.0164620451575161,0.6931471805599453,0.0,1.4978661367769954,-1.1888111888111892,0,-1.0,-0.5,-0.2992253645188656,0.0,-0.6931471805599453,-0.11157177565710485,1.8461538461538467,0.3221971537464607,toward_lower_experience,True
Gwen|16.12,Gwen,16.12,16.11,,8,5,False,100,7,5.857142857142857,2,0.0,9.0,1.1602114821072502,1.0986122886681098,0.0,1.965912816362163,5,7.2,1,1.0,12.0,1.4173475869021153,0.6931471805599453,0.6931471805599453,2.5649493574615367,1.3428571428571434,-1,1.0,3.0,0.25713610479486504,-0.4054651081081645,0.6931471805599453,0.5990365410993737,2.371428571428571,0.4421408252767523,toward_higher_experience,False
Hwei|16.12,Hwei,16.12,16.11,,9,12,False,100,8,8.375,8.5,0.0,15.25,1.586984862759011,2.04717228111105,0.0,2.78774487769389,11,8.454545454545455,4,1.5,15.5,1.7508528870103681,1.6094379124341003,0.8958797346140275,2.8029010331479984,0.07954545454545503,-4.5,1.5,0.25,0.16386802425135705,-0.4377343686769499,0.8958797346140275,0.015156155454108422,1.147727272727272,0.2723923247691637,toward_higher_experience,False
Jax|16.12,Jax,16.12,16.11,,15,12,True,100,13,7.615384615384615,1,0.0,5.0,1.1750071196041527,0.6931471805599453,0.0,1.791759469228055,9,8.88888888888889,1,1.0,3.0,1.203716052797122,0.6931471805599453,0.6931471805599453,1.3862943611198906,1.2735042735042743,0,1.0,-2.0,0.0287089331929693,0.0,0.6931471805599453,-0.4054651081081644,3.3760683760683805,0.3145596818662043,approximately_stable,False
Lee Sin|16.12,Lee Sin,16.12,16.11,,0,0,False,100,0,,,,,,,,,0,,,,,,,,,,,,,,,,,,,not_computable,False
Nocturne|16.12,Nocturne,16.12,16.11,,13,12,True,100,12,7.666666666666667,6.5,0.0,13.5,1.5329829240608719,2.0126758453675744,0.0,2.672440177771389,8,8.0,6.0,0.0,14.25,1.4029552638939342,1.2824746787307684,0.0,2.724184831386603,0.33333333333333304,-0.5,0.0,0.75,-0.13002766016693768,-0.730201166636806,0.0,0.05174465361521374,2.166666666666666,0.3392609870163678,toward_lower_experience,False
Orianna|16.12,Orianna,16.12,16.11,,12,12,True,100,12,4.833333333333333,0.0,0.0,4.5,0.8816070912300801,0.0,0.0,1.4651965558664664,11,6.090909090909091,1,1.0,6.5,1.2685763537892814,0.6931471805599453,0.6931471805599453,1.8920948169591307,1.2575757575757578,1.0,1.0,2.0,0.3869692625592013,0.6931471805599453,0.6931471805599453,0.4268982610926644,2.2878787878787876,0.45095144311685165,toward_higher_experience,True
Ryze|16.12,Ryze,16.12,16.11,,2,9,False,100,2,9.5,9.5,6.25,12.75,2.1097538525880535,2.1097538525880535,1.748024106853972,2.471483598322135,8,8.0,0.5,0.0,6.75,1.0981350795674798,0.34657359027997264,0.0,1.775830515631528,-1.5,-9.0,-6.25,-6.0,-1.0116187730205737,-1.7631802623080808,-1.748024106853972,-0.6956530826906071,8.5,1.2714218747074661,toward_lower_experience,False
Sylas|16.12,Sylas,16.12,16.11,,15,28,True,100,13,5.076923076923077,3,0.0,7.0,1.2916008866650572,1.3862943611198906,0.0,2.0794415416798357,21,4.0,2,0.0,7.0,1.0729676792851837,1.0986122886681098,0.0,2.0794415416798357,-1.0769230769230766,-1,0.0,0.0,-0.21863320737987357,-0.2876820724517808,0.0,0.0,1.428571428571428,0.24974315190785543,toward_lower_experience,True
Syndra|16.12,Syndra,16.12,16.11,,9,14,False,100,9,7.333333333333333,1,0.0,2.0,1.0596402525270994,0.6931471805599453,0.0,1.0986122886681098,10,8.1,1.0,0.0,8.75,1.1597854675755532,0.6931471805599453,0.0,2.1383330595080277,0.7666666666666666,0.0,0.0,6.75,0.10014521504845386,0.0,0.0,1.0397207708399179,2.100000000000003,0.2626821399245277,toward_higher_experience,False
Tristana|16.12,Tristana,16.12,16.11,,6,12,False,100,5,1.2,0,0.0,1.0,0.4969813299576001,0.0,0.0,0.6931471805599453,7,1.2857142857142858,0,0.0,1.5,0.47602921573931484,0.0,0.0,0.6931471805599453,0.08571428571428585,0,0.0,0.5,-0.020952114218285245,0.0,0.0,0.0,0.5428571428571428,0.18382039655063537,approximately_stable,False
Varus|16.12,Varus,16.12,16.11,,8,7,False,100,5,13.4,1,0.0,11.0,1.440681104216619,0.6931471805599453,0.0,2.4849066497880004,6,19.666666666666668,5.0,1.5,39.25,2.1378178607464156,1.732867951399863,0.8664339756999315,3.4687296099632032,6.2666666666666675,4.0,1.5,28.25,0.6971367565297966,1.0397207708399177,0.8664339756999315,0.9838229601752029,7.133333333333336,0.7574338414782734,toward_higher_experience,False
Xin Zhao|16.12,Xin Zhao,16.12,16.11,,0,0,False,100,0,,,,,,,,,0,,,,,,,,,,,,,,,,,,,not_computable,False
Yuumi|16.12,Yuumi,16.12,16.11,,5,8,False,100,4,11.25,0.0,0.0,11.25,0.9571603491222738,0.0,0.0,0.9571603491222738,6,1.3333333333333333,0.5,0.0,1.0,0.555367418362534,0.34657359027997264,0.0,0.6931471805599453,-9.916666666666666,0.5,0.0,-10.25,-0.40179293075973976,0.34657359027997264,0.0,-0.2640131685623285,10.416666666666666,0.7483665210397126,toward_lower_experience,False
Aphelios|16.13,Aphelios,16.13,16.12,,8,10,False,100,6,8.166666666666666,7.0,1.75,11.5,1.8416032261953692,2.0036665926162356,0.922219863528484,2.5231858362957453,8,8.875,7.0,0.75,14.5,1.6772517024381608,1.9356005054539454,0.5198603854199589,2.7282260655999413,0.7083333333333339,0.0,-1.0,3.0,-0.1643515237572084,-0.06806608716229023,-0.402359478108525,0.20504022930419596,1.8750000000000002,0.32230803032452354,toward_lower_experience,False
Bard|16.13,Bard,16.13,16.12,,10,14,True,100,6,6.333333333333333,3.0,0.25,9.5,1.343475958822386,1.2424533248940002,0.17328679513998632,2.311619854648014,10,4.0,2.0,0.0,5.25,1.081769611820596,1.0986122886681098,0.0,1.8060062020714576,-2.333333333333333,-1.0,-0.25,-4.25,-0.26170634700178996,-0.1438410362258904,-0.17328679513998632,-0.5056136525765564,2.533333333333333,0.3427993686234232,toward_lower_experience,False
Brand|16.13,Brand,16.13,16.12,,23,25,True,100,14,3.642857142857143,1.0,0.0,6.0,0.9690463656174596,0.5493061443340549,0.0,1.9459101490553132,21,2.3333333333333335,0,0.0,1.0,0.6144690044987515,0.0,0.0,0.6931471805599453,-1.3095238095238093,-1.0,0.0,-5.0,-0.3545773611187081,-0.5493061443340549,0.0,-1.252762968495368,1.8809523809523807,0.3833660155827969,toward_lower_experience,True
Cassiopeia|16.13,Cassiopeia,16.13,16.12,,5,2,False,100,5,8.0,11,2.0,12.0,1.7842114036314858,2.4849066497880004,1.0986122886681098,2.5649493574615367,2,9.5,9.5,7.75,11.25,2.2924837393352857,2.2924837393352857,2.1191969441952994,2.465770534475272,1.5,-1.5,5.75,-0.75,0.5082723357037999,-0.19242291045271465,1.0205846555271896,-0.09917882298626468,3.3000000000000003,0.6694841929001468,toward_higher_experience,False
Draven|16.13,Draven,16.13,16.12,,8,17,False,100,7,26.857142857142858,5,2.0,50.5,2.2359213684005828,1.791759469228055,0.8047189562170501,3.9404021723374507,15,13.266666666666667,5,2.0,15.0,1.8743252612178876,1.791759469228055,1.0397207708399179,2.7647145437557112,-13.59047619047619,0,0.0,-35.5,-0.3615961071826952,0.0,0.23500181462286773,-1.1756876285817395,14.047619047619051,0.5391639537798071,toward_lower_experience,False
K'Sante|16.13,K'Sante,16.13,16.12,,0,0,False,100,0,,,,,,,,,0,,,,,,,,,,,,,,,,,,,not_computable,False
Kai'Sa|16.13,Kai'Sa,16.13,16.12,,0,0,False,100,0,,,,,,,,,0,,,,,,,,,,,,,,,,,,,not_computable,False
LeBlanc|16.13,LeBlanc,16.13,16.12,,0,0,False,100,0,,,,,,,,,0,,,,,,,,,,,,,,,,,,,not_computable,False
Olaf|16.13,Olaf,16.13,16.12,,7,9,False,100,5,0.8,1,0.0,1.0,0.4969813299576001,0.6931471805599453,0.0,0.6931471805599453,7,0.42857142857142855,0,0.0,0.0,0.19804205158855578,0.0,0.0,0.0,-0.3714285714285715,-1,0.0,-1.0,-0.2989392783690443,-0.6931471805599453,0.0,-0.6931471805599453,0.657142857142857,0.38113415621241015,toward_lower_experience,False
Poppy|16.13,Poppy,16.13,16.12,,5,20,False,100,5,5.2,1,0.0,4.0,1.0787255092704724,0.6931471805599453,0.0,1.6094379124341003,19,2.6842105263157894,0,0.0,1.0,0.64689483454292,0.0,0.0,0.6931471805599453,-2.515789473684211,-1,0.0,-3.0,-0.43183067472755243,-0.6931471805599453,0.0,-0.916290731874155,3.084210526315789,0.4604716073560003,toward_lower_experience,False
Qiyana|16.13,Qiyana,16.13,16.12,,6,5,False,100,5,16.4,8,6.0,30.0,2.579048384944179,2.1972245773362196,1.9459101490553132,3.4339872044851463,5,18.0,20,7.0,29.0,2.4161018845109656,3.044522437723423,2.0794415416798357,3.4011973816621555,1.6000000000000014,12,1.0,-1.0,-0.16294650043321335,0.8472978603872034,0.13353139262452252,-0.03278982282299081,4.0,0.5668732163872046,toward_lower_experience,False
Rek'Sai|16.13,Rek'Sai,16.13,16.12,,0,0,False,100,0,,,,,,,,,0,,,,,,,,,,,,,,,,,,,not_computable,False
Rumble|16.13,Rumble,16.13,16.12,,6,8,False,100,6,1.1666666666666667,0.5,0.0,1.0,0.5296756383913243,0.34657359027997264,0.0,0.6931471805599453,4,2.0,1.0,0.0,3.0,0.7611306094308558,0.5493061443340549,0.0,1.3104367537649106,0.8333333333333333,0.5,0.0,2.0,0.2314549710395315,0.20273255405408225,0.0,0.6172895732049654,0.8333333333333335,0.23145497103953155,toward_higher_experience,False
Senna|16.13,Senna,16.13,16.12,,34,43,True,100,27,3.4814814814814814,1,0.0,3.5,0.8744031555586064,0.6931471805599453,0.0,1.4978661367769954,36,3.9166666666666665,1.0,0.0,5.25,1.0042550170908906,0.6931471805599453,0.0,1.8302971391848697,0.4351851851851851,0.0,0.0,1.75,0.12985186153228423,0.0,0.0,0.33243100240787427,0.9537037037037045,0.16467919085291355,toward_higher_experience,True
Sion|16.13,Sion,16.13,16.12,,13,14,True,100,8,8.5,5.5,1.5,9.75,1.6573955523620594,1.868834809141684,0.8239592165010823,2.3681761591109187,12,3.6666666666666665,0.0,0.0,2.0,0.7367511925403244,0.0,0.0,1.0986122886681098,-4.833333333333334,-5.5,-1.5,-7.75,-0.920644359821735,-1.868834809141684,-0.8239592165010823,-1.269563870442809,4.833333333333333,0.9206443598217349,toward_lower_experience,False
Vex|16.13,Vex,16.13,16.12,,5,7,False,100,4,22.25,1.0,0.75,22.5,1.4659077938995244,0.6931471805599453,0.5198603854199589,1.6391945890395108,6,15.333333333333334,0.5,0.0,1.75,1.0485948565930534,0.34657359027997264,0.0,0.9972460116410686,-6.916666666666666,-0.5,-0.75,-20.75,-0.417312937306471,-0.34657359027997264,-0.5198603854199589,-0.6419485773984421,7.750000000000003,0.4923814072751846,toward_lower_experience,False
Zaahen|16.13,Zaahen,16.13,16.12,,8,7,False,100,5,8.0,9,3.0,10.0,1.8062427412157493,2.302585092994046,1.3862943611198906,2.3978952727983707,4,7.75,7.5,1.5,13.75,1.642720740584896,1.868834809141684,0.8239592165010823,2.687596333225498,-0.25,-1.5,-1.5,3.75,-0.16352200063085331,-0.4337502838523619,-0.5623351446188083,0.2897010604271273,2.55,0.3466968721259468,toward_lower_experience,False
Azir|16.14,Azir,16.14,16.13,,6,7,False,100,5,7.4,5,2.0,13.0,1.6839601690815176,1.791759469228055,1.0986122886681098,2.6390573296152584,5,7.8,5,3.0,15.0,1.7567711793287883,1.791759469228055,1.3862943611198906,2.772588722239781,0.39999999999999947,0,1.0,2.0,0.07281101024727077,0.0,0.2876820724517808,0.13353139262452274,0.8,0.09567437578325039,approximately_stable,False
Corki|16.14,Corki,16.14,16.13,,5,7,False,100,5,4.2,0,0.0,3.0,0.8661466680572663,0.0,0.0,1.3862943611198906,5,2.6,0,0.0,0.0,0.5278114659230517,0.0,0.0,0.0,-1.6,0,0.0,-3.0,-0.33833520213421453,0.0,0.0,-1.3862943611198906,1.6,0.3383352021342146,toward_lower_experience,False
Garen|16.14,Garen,16.14,16.13,,31,15,True,100,25,4.04,0,0.0,4.0,0.8103659284458211,0.0,0.0,1.6094379124341003,13,5.230769230769231,1,0.0,4.0,0.9626265698176684,0.6931471805599453,0.0,1.6094379124341003,1.1907692307692308,1,0.0,0.0,0.15226064137184725,0.6931471805599453,0.0,0.0,2.046153846153845,0.21771823501808135,toward_higher_experience,True
Jayce|16.14,Jayce,16.14,16.13,,11,15,True,100,9,1.4444444444444444,1,0.0,2.0,0.646345684440356,0.6931471805599453,0.0,1.0986122886681098,15,8.333333333333334,3,0.0,4.5,1.1713451835077475,1.3862943611198906,0.0,1.7005986908310775,6.888888888888889,2,0.0,2.5,0.5249994990673915,0.6931471805599453,0.0,0.6019864021629677,6.8888888888888875,0.5249994990673914,toward_higher_experience,False
Locke|16.14,Locke,16.14,16.13,,31,20,True,100,24,0.0,0.0,0.0,0.0,0.0,0.0,0.0,0.0,17,3.6470588235294117,2,0.0,7.0,1.0801475947704116,1.0986122886681098,0.0,2.0794415416798357,3.6470588235294117,2.0,0.0,7.0,1.0801475947704116,1.0986122886681098,0.0,2.0794415416798357,3.647058823529412,1.0801475947704118,toward_higher_experience,True
Mordekaiser|16.14,Mordekaiser,16.14,16.13,,16,29,True,100,13,2.3846153846153846,1,0.0,3.0,0.8957211301069559,0.6931471805599453,0.0,1.3862943611198906,23,3.0,1,0.0,3.5,0.8507762869232568,0.6931471805599453,0.0,1.4978661367769954,0.6153846153846154,0,0.0,0.5,-0.04494484318369907,0.0,0.0,0.11157177565710485,1.016722408026756,0.21513481665492498,approximately_stable,True
Nami|16.14,Nami,16.14,16.13,,17,13,True,100,14,17.642857142857142,6.5,3.0,19.25,2.1824454640350566,1.9944920232821373,1.3862943611198906,2.9952943902942897,10,19.6,7.0,3.5,14.25,2.2121975606928466,2.0794415416798357,1.4876606381469317,2.700556281290674,1.957142857142859,0.5,0.5,-5.0,0.029752096657789995,0.08494951839769849,0.10136627702704115,-0.29473810900361563,4.5285714285714285,0.23330835744611145,approximately_stable,True
Senna|16.14,Senna,16.14,16.13,,43,27,True,100,36,3.9166666666666665,1.0,0.0,5.25,1.0042550170908906,0.6931471805599453,0.0,1.8302971391848697,25,5.56,2,0.0,5.0,1.1480006876058826,1.0986122886681098,0.0,1.791759469228055,1.643333333333333,1.0,0.0,-0.25,0.14374567051499199,0.4054651081081645,0.0,-0.038537669956814735,1.685555555555555,0.16223195479064692,toward_higher_experience,True
Seraphine|16.14,Seraphine,16.14,16.13,,48,29,True,100,35,8.457142857142857,3,0.0,10.5,1.393111991804615,1.3862943611198906,0.0,2.4414009612931853,25,9.96,4,1.0,14.0,1.677980937232765,1.6094379124341003,0.6931471805599453,2.70805020110221,1.5028571428571436,1,1.0,3.5,0.2848689454281499,0.2231435513142097,0.6931471805599453,0.2666492398090248,1.9371428571428573,0.3051684520313701,toward_higher_experience,True
Yunara|16.14,Yunara,16.14,16.13,,15,14,True,100,12,4.5,1.0,0.0,8.25,1.086335072298522,0.5493061443340549,0.0,2.2008184956252608,8,5.25,4.0,2.0,5.5,1.5320808664366383,1.6094379124341003,1.0986122886681098,1.8065522525251678,0.75,3.0,2.0,-2.75,0.4457457941381162,1.0601317681000455,1.0986122886681098,-0.39426624310009295,2.1666666666666665,0.6280976239612097,toward_higher_experience,False
Alistar|16.15,Alistar,16.15,16.14,,10,12,True,100,8,0.375,0.0,0.0,0.25,0.22396993365350687,0.0,0.0,0.17328679513998632,12,1.8333333333333333,1.0,0.0,2.0,0.7594123354972945,0.6931471805599453,0.0,1.0986122886681098,1.4583333333333333,1.0,0.0,1.75,0.5354424018437876,0.6931471805599453,0.0,0.9253254935281234,1.4583333333333333,0.5354424018437877,toward_higher_experience,False
Bel'Veth|16.15,Bel'Veth,16.15,16.14,,0,0,False,100,0,,,,,,,,,0,,,,,,,,,,,,,,,,,,,not_computable,False
Kai'Sa|16.15,Kai'Sa,16.15,16.14,,0,0,False,100,0,,,,,,,,,0,,,,,,,,,,,,,,,,,,,not_computable,False
Locke|16.15,Locke,16.15,16.14,,20,17,True,100,17,3.6470588235294117,2,0.0,7.0,1.0801475947704116,1.0986122886681098,0.0,2.0794415416798357,12,5.416666666666667,3.5,1.75,10.0,1.5095315320803346,1.4978661367769954,0.9972460116410686,2.3978952727983707,1.7696078431372553,1.5,1.75,3.0,0.4293839373099231,0.39925384810888565,0.9972460116410686,0.3184537311185349,1.7696078431372546,0.429383937309923,toward_higher_experience,True
Maokai|16.15,Maokai,16.15,16.14,,4,8,False,100,4,8.5,5.0,0.75,12.75,1.5536520246055479,1.4978661367769956,0.5198603854199589,2.5316577759625845,7,0.8571428571428571,0,0.0,0.0,0.277987164150759,0.0,0.0,0.0,-7.642857142857143,-5.0,-0.75,-12.75,-1.2756648604547889,-1.4978661367769956,-0.5198603854199589,-2.5316577759625845,7.642857142857142,1.2756648604547887,toward_lower_experience,False
Mordekaiser|16.15,Mordekaiser,16.15,16.14,,29,18,True,100,23,3.0,1,0.0,3.5,0.8507762869232568,0.6931471805599453,0.0,1.4978661367769954,17,2.176470588235294,0,0.0,1.0,0.602819291694501,0.0,0.0,0.6931471805599453,-0.8235294117647061,-1,0.0,-2.5,-0.2479569952287558,-0.6931471805599453,0.0,-0.8047189562170501,1.2736572890025577,0.2726205069094955,toward_lower_experience,True
Naafiri|16.15,Naafiri,16.15,16.14,,11,8,False,100,11,2.909090909090909,1,0.0,3.5,0.8250188816349714,0.6931471805599453,0.0,1.3195286648076292,7,2.4285714285714284,0,0.0,4.0,0.7250248307476895,0.0,0.0,1.3862943611198906,-0.4805194805194808,-1,0.0,0.5,-0.09999405088728186,-0.6931471805599453,0.0,0.06676569631226137,0.818181818181818,0.16028013165329613,approximately_stable,False
Riven|16.15,Riven,16.15,16.14,,9,7,False,100,9,25.666666666666668,2,0.0,25.0,1.8615405038535882,1.0986122886681098,0.0,3.258096538021482,5,25.2,8,0.0,27.0,2.010243532912093,2.1972245773362196,0.0,3.332204510175204,-0.46666666666666856,6,0.0,2.0,0.14870302905850497,1.0986122886681098,0.0,0.07410797215372167,4.866666666666669,0.3478979289771712,toward_higher_experience,False
Sylas|16.15,Sylas,16.15,16.14,,37,32,True,100,33,4.757575757575758,3,1.0,6.0,1.2497610160245844,1.3862943611198906,0.6931471805599453,1.9459101490553132,28,4.214285714285714,2.0,1.0,5.25,1.2474044291945046,1.0986122886681098,0.6931471805599453,1.8302971391848697,-0.5432900432900434,-1.0,0.0,-0.75,-0.0023565868300798876,-0.2876820724517808,0.0,-0.11561300987044354,1.056277056277056,0.17687287488594244,approximately_stable,True
Volibear|16.15,Volibear,16.15,16.14,,9,10,False,100,8,3.875,1.5,0.75,6.5,1.158387338224349,0.8958797346140275,0.5198603854199589,2.0087387561255396,9,5.0,3,1.0,6.0,1.3158863481987244,1.3862943611198906,0.6931471805599453,1.9459101490553132,1.125,1.5,0.25,-0.5,0.15749900997437538,0.4904146265058631,0.17328679513998635,-0.06282860707022642,1.6250000000000002,0.23036870365901757,toward_higher_experience,False
Zac|16.15,Zac,16.15,16.14,,7,7,False,100,7,30.857142857142858,10,1.0,53.0,2.162983178979558,2.3978952727983707,0.5493061443340549,3.524627420627918,6,35.666666666666664,9.0,5.0,73.0,2.5601651500793268,2.2154083994216567,1.791759469228055,4.067235419106318,4.809523809523807,-1.0,4.0,20.0,0.3971819710997688,-0.182486873376714,1.242453324894,0.5426079984783998,6.000000000000004,0.48878551665691694,toward_higher_experience,False
Azir|16.16,Azir,16.16,16.15,,6,9,False,100,6,26.5,22.5,5.75,27.25,2.469568213757472,3.1513094878724526,1.2809909948508147,3.339996006995226,8,16.625,1.0,0.0,21.5,1.490794842840946,0.5493061443340549,0.0,3.0970985505810322,-9.875,-21.5,-5.75,-5.75,-0.9787733709165258,-2.6020033435383976,-1.2809909948508147,-0.2428974564141937,10.041666666666666,0.9844236295291393,toward_lower_experience,False
Bel'Veth|16.16,Bel'Veth,16.16,16.15,,0,0,False,100,0,,,,,,,,,0,,,,,,,,,,,,,,,,,,,not_computable,False
Camille|16.16,Camille,16.16,16.15,,16,14,True,100,14,11.428571428571429,2.0,0.0,13.0,1.4033352621796193,1.0986122886681098,0.0,2.599301927099795,14,5.214285714285714,2.5,1.0,8.5,1.3637720398063027,1.2424533248940002,0.6931471805599453,2.2467992051654933,-6.214285714285714,0.5,1.0,-4.5,-0.039563222373316664,0.1438410362258904,0.6931471805599453,-0.35250272193430154,7.071428571428569,0.4096013888655779,approximately_stable,True
Gwen|16.16,Gwen,16.16,16.15,,2,9,False,100,2,2.0,2.0,2.0,2.0,1.0986122886681098,1.0986122886681098,1.0986122886681098,1.0986122886681098,8,3.5,0.5,0.0,4.5,0.8923583749931904,0.34657359027997264,0.0,1.6935559715894035,1.5,-1.5,-2.0,2.5,-0.2062539136749194,-0.7520386983881371,-1.0986122886681098,0.5949436829212937,3.75,0.9937246520202315,toward_lower_experience,False
Kennen|16.16,Kennen,16.16,16.15,,2,5,False,100,2,0.0,0.0,0.0,0.0,0.0,0.0,0.0,0.0,3,0.0,0,0.0,0.0,0.0,0.0,0.0,0.0,0.0,0.0,0.0,0.0,0.0,0.0,0.0,0.0,0.0,0.0,approximately_stable,False
Nasus|16.16,Nasus,16.16,16.15,,20,38,True,100,19,3.1578947368421053,0,0.0,2.0,0.7217717821898023,0.0,0.0,1.0986122886681098,33,1.9090909090909092,0,0.0,2.0,0.5849663349515285,0.0,0.0,1.0986122886681098,-1.2488038277511961,0,0.0,0.0,-0.13680544723827381,0.0,0.0,0.0,1.248803827751198,0.13680544723827393,toward_lower_experience,True
Poppy|16.16,Poppy,16.16,16.15,,10,15,True,100,10,4.3,1.0,0.0,1.75,0.788758403166028,0.6931471805599453,0.0,0.9972460116410686,15,3.3333333333333335,0,0.0,2.5,0.7088515853141298,0.0,0.0,1.2424533248940002,-0.9666666666666663,-1.0,0.0,0.75,-0.07990681785189813,-0.6931471805599453,0.0,0.24520731325293155,1.5,0.22986285641691376,approximately_stable,True
Aurelion Sol|16.17,Aurelion Sol,16.17,16.16,,0,0,False,100,0,,,,,,,,,0,,,,,,,,,,,,,,,,,,,not_computable,False
Cho'Gath|16.17,Cho'Gath,16.17,16.16,,0,0,False,100,0,,,,,,,,,0,,,,,,,,,,,,,,,,,,,not_computable,False
Graves|16.17,Graves,16.17,16.16,,24,20,True,100,18,1.6111111111111112,0.5,0.0,2.0,0.6350711931072066,0.34657359027997264,0.0,1.0986122886681098,15,3.066666666666667,2,0.0,5.0,1.0719763893722078,1.0986122886681098,0.0,1.791759469228055,1.4555555555555557,1.5,0.0,3.0,0.43690519626500124,0.7520386983881371,0.0,0.6931471805599452,1.4555555555555553,0.43690519626500146,toward_higher_experience,True
Irelia|16.17,Irelia,16.17,16.16,,10,14,True,100,9,10.444444444444445,0,0.0,9.0,1.0945712302404356,0.0,0.0,2.302585092994046,13,7.461538461538462,0,0.0,2.0,0.7434011245609257,0.0,0.0,1.0986122886681098,-2.982905982905983,0,0.0,-7.0,-0.3511701056795099,0.0,0.0,-1.2039728043259361,4.367521367521374,0.369056229697335,toward_lower_experience,False
LeBlanc|16.17,LeBlanc,16.17,16.16,,0,0,False,100,0,,,,,,,,,0,,,,,,,,,,,,,,,,,,,not_computable,False
Nasus|16.17,Nasus,16.17,16.16,,38,31,True,100,33,1.9090909090909092,0,0.0,2.0,0.5849663349515285,0.0,0.0,1.0986122886681098,29,2.413793103448276,1,0.0,4.0,0.8131304748266033,0.6931471805599453,0.0,1.6094379124341003,0.5047021943573666,1,0.0,2.0,0.22816413987507478,0.6931471805599453,0.0,0.5108256237659905,0.9728317659352141,0.2529209995197878,toward_higher_experience,True
Nocturne|16.17,Nocturne,16.17,16.16,,20,15,True,100,16,6.3125,2.5,0.0,7.5,1.2624618134753451,1.2424533248940002,0.0,2.1352274295083884,13,7.6923076923076925,5,0.0,5.0,1.414296977048288,1.791759469228055,0.0,1.791759469228055,1.3798076923076925,2.5,0.0,-2.5,0.1518351635729429,0.5493061443340548,0.0,-0.34346796028033344,2.1201923076923066,0.23088628181154502,toward_higher_experience,True
Qiyana|16.17,Qiyana,16.17,16.16,,9,13,False,100,6,15.166666666666666,7.5,1.75,29.0,1.933526016394098,2.1383330595080277,0.5198603854199589,3.2574945788172234,12,14.75,5.0,0.0,26.5,1.755059885103751,1.732867951399863,0.0,3.2800136786229395,-0.4166666666666661,-2.5,-1.75,-2.5,-0.17846613129034683,-0.4054651081081646,-0.5198603854199589,0.022519099805716092,3.750000000000001,0.26697524771820214,toward_lower_experience,False
Thresh|16.17,Thresh,16.17,16.16,,20,18,True,100,17,9.294117647058824,2,0.0,10.0,1.3964880937305655,1.0986122886681098,0.0,2.3978952727983707,16,3.3125,1.5,0.0,4.25,1.0449717816640158,0.8958797346140275,0.0,1.6550183016325888,-5.981617647058824,-0.5,0.0,-5.75,-0.35151631206654965,-0.2027325540540823,0.0,-0.7428769711657819,6.18014705882353,0.48912641408947993,toward_lower_experience,True
Trundle|16.17,Trundle,16.17,16.16,,5,4,False,100,4,7.5,4.5,3.0,9.0,1.6230599587551178,1.7005986908310775,1.2070784343255752,2.1165802152606203,4,1.75,1.5,0.0,3.25,0.7489330683884977,0.6931471805599453,0.0,1.442080248948443,-5.75,-3.0,-3.0,-5.75,-0.8741268903666201,-1.0074515102711321,-1.2070784343255752,-0.6744999663121773,5.75,0.8741268903666201,toward_lower_experience,False
Vayne|16.17,Vayne,16.17,16.16,,17,10,True,100,15,5.6,3,0.5,9.0,1.365050934476174,1.3862943611198906,0.34657359027997264,2.282174095733918,9,3.2222222222222223,2,1.0,4.0,1.1337324605540517,1.0986122886681098,0.6931471805599453,1.6094379124341003,-2.3777777777777773,-1,0.5,-5.0,-0.23131847392212235,-0.2876820724517808,0.34657359027997264,-0.6727361832998178,2.4666666666666663,0.2929315566385618,toward_lower_experience,False
Xerath|16.17,Xerath,16.17,16.16,,17,18,True,100,17,7.176470588235294,1,0.0,4.0,1.0086756747402632,0.6931471805599453,0.0,1.6094379124341003,18,7.611111111111111,2.5,0.0,5.75,1.2119273359717788,1.2424533248940002,0.0,1.9073724790984987,0.43464052287581634,1.5,0.0,1.75,0.2032516612315156,0.5493061443340549,0.0,0.29793456666439844,1.0882352941176463,0.23913744390431874,toward_higher_experience,True
Yasuo|16.17,Yasuo,16.17,16.16,,23,28,True,100,22,8.863636363636363,2.0,0.0,12.75,1.4146262262163487,1.0986122886681098,0.0,2.6205303365768278,25,9.16,1,1.0,7.0,1.4172014984477577,0.6931471805599453,0.6931471805599453,2.0794415416798357,0.29636363636363683,-1.0,1.0,-5.75,0.002575272231408965,-0.4054651081081645,0.6931471805599453,-0.541088794896992,3.4927272727272736,0.31478393876961813,approximately_stable,True
Yone|16.17,Yone,16.17,16.16,,20,28,True,100,19,4.105263157894737,2,0.0,4.5,1.0704451605054426,1.0986122886681098,0.0,1.7005986908310775,26,2.9615384615384617,1.5,0.25,3.75,0.9914618595118353,0.8958797346140275,0.17328679513998632,1.5536520246055479,-1.1437246963562755,-0.5,0.25,-0.75,-0.07898330099360729,-0.2027325540540823,0.17328679513998632,-0.14694666622552965,1.3421052631578965,0.216490231550034,approximately_stable,True
