event_id,champion,patch,pre_patch,change_direction,n_pre_users,n_post_users,higher_support_view,window,post_only_n,post_only_mean,post_only_median,post_only_p25,post_only_p75,post_only_mean_log1p,post_only_median_log1p,post_only_p25_log1p,post_only_p75_log1p,both_n,both_mean,both_median,both_p25,both_p75,both_mean_log1p,both_median_log1p,both_p25_log1p,both_p75_log1p,post_only_minus_both_mean,post_only_minus_both_median,post_only_minus_both_mean_log1p,post_only_minus_both_median_log1p,post_only_vs_both_wasserstein_raw,post_only_vs_both_wasserstein_log1p,both_groups_observed
Akshan|16.1,Akshan,16.1,15.24,,8,4,False,50,1,0.0,0,0.0,0.0,0.0,0.0,0.0,0.0,2,13.0,13.0,12.0,14.0,2.6287476860138907,2.6287476860138907,2.5568271679009458,2.7006682041268357,-13.0,-13.0,-2.6287476860138907,-2.6287476860138907,13.0,2.6287476860138907,True
Aphelios|16.1,Aphelios,16.1,15.24,,12,19,True,50,7,5.571428571428571,0,0.0,0.0,0.5269827791591337,0.0,0.0,0.0,6,4.0,0.5,0.0,1.75,0.8138003204310619,0.34657359027997264,0.0,0.9972460116410686,1.5714285714285712,-0.5,-0.28681754127192816,-0.34657359027997264,3.5714285714285703,0.45762811291639083,True
Ashe|16.1,Ashe,16.1,15.24,,24,7,False,50,2,0.0,0.0,0.0,0.0,0.0,0.0,0.0,0.0,3,4.666666666666667,1,0.5,7.0,1.110734836725068,0.6931471805599453,0.34657359027997264,1.666102255087602,-4.666666666666667,-1.0,-1.110734836725068,-0.6931471805599453,4.666666666666667,1.110734836725068,True
Caitlyn|16.1,Caitlyn,16.1,15.24,,22,31,True,50,10,1.2,0.0,0.0,0.0,0.2564949357461537,0.0,0.0,0.0,10,3.5,1.5,1.0,5.25,1.1346540247474626,0.8958797346140275,0.6931471805599453,1.8060062020714576,-2.3,-1.5,-0.8781590890013089,-0.8958797346140275,2.3000000000000003,0.8781590890013091,True
Cassiopeia|16.1,Cassiopeia,16.1,15.24,,9,3,False,50,1,0.0,0,0.0,0.0,0.0,0.0,0.0,0.0,1,20.0,20,20.0,20.0,3.044522437723423,3.044522437723423,3.044522437723423,3.044522437723423,-20.0,-20,-3.044522437723423,-3.044522437723423,20.0,3.044522437723423,True
Corki|16.1,Corki,16.1,15.24,,6,5,False,50,1,0.0,0,0.0,0.0,0.0,0.0,0.0,0.0,1,6.0,6,6.0,6.0,1.9459101490553132,1.9459101490553132,1.9459101490553132,1.9459101490553132,-6.0,-6,-1.9459101490553132,-1.9459101490553132,6.0,1.9459101490553132,True
Draven|16.1,Draven,16.1,15.24,,7,5,False,50,1,10.0,10,10.0,10.0,2.3978952727983707,2.3978952727983707,2.3978952727983707,2.3978952727983707,3,2.3333333333333335,3,1.5,3.5,0.9985774245179969,1.3862943611198906,0.6931471805599453,1.4978661367769954,7.666666666666666,7,1.3993178482803739,1.01160091167848,7.666666666666666,1.3993178482803736,True
Elise|16.1,Elise,16.1,15.24,,5,4,False,50,4,0.0,0.0,0.0,0.0,0.0,0.0,0.0,0.0,0,,,,,,,,,,,,,,,False
Gangplank|16.1,Gangplank,16.1,15.24,,2,5,False,50,5,9.8,0,0.0,0.0,0.7824046010856291,0.0,0.0,0.0,0,,,,,,,,,,,,,,,False
Garen|16.1,Garen,16.1,15.24,,18,15,True,50,9,0.0,0,0.0,0.0,0.0,0.0,0.0,0.0,4,3.0,2.5,0.75,4.75,1.0955066586684703,1.1512925464970227,0.5198603854199589,1.7269388197455342,-3.0,-2.5,-1.0955066586684703,-1.1512925464970227,3.0,1.0955066586684703,True
Graves|16.1,Graves,16.1,15.24,,9,7,False,50,3,0.0,0,0.0,0.0,0.0,0.0,0.0,0.0,1,0.0,0,0.0,0.0,0.0,0.0,0.0,0.0,0.0,0,0.0,0.0,0.0,0.0,True
Jax|16.1,Jax,16.1,15.24,,19,19,True,50,8,3.5,0.0,0.0,0.75,0.5805488623926716,0.0,0.0,0.34657359027997264,7,16.857142857142858,7,4.0,29.5,2.2131034980680195,2.0794415416798357,1.3862943611198906,3.4165158663931003,-13.357142857142858,-7.0,-1.632554635675348,-2.0794415416798357,13.35714285714286,1.6325546356753484,True
Jhin|16.1,Jhin,16.1,15.24,,30,17,True,50,5,0.4,0,0.0,0.0,0.21972245773362195,0.0,0.0,0.0,9,1.5555555555555556,1,0.0,1.0,0.6931471805599453,0.6931471805599453,0.0,0.6931471805599453,-1.1555555555555554,-1,-0.4734247228263233,-0.6931471805599453,1.155555555555556,0.4734247228263234,True
Jinx|16.1,Jinx,16.1,15.24,,16,21,True,50,5,2.8,1,0.0,4.0,0.9210340371976183,0.6931471805599453,0.0,1.6094379124341003,9,2.2222222222222223,2,1.0,3.0,0.9823349233870992,1.0986122886681098,0.6931471805599453,1.3862943611198906,0.5777777777777775,-1,-0.06130088618948082,-0.4054651081081645,1.4666666666666663,0.4013995023339652,True
Kindred|16.1,Kindred,16.1,15.24,,9,7,False,50,1,1.0,1,1.0,1.0,0.6931471805599453,0.6931471805599453,0.6931471805599453,0.6931471805599453,1,34.0,34,34.0,34.0,3.5553480614894135,3.5553480614894135,3.5553480614894135,3.5553480614894135,-33.0,-33,-2.862200880929468,-2.862200880929468,33.0,2.862200880929468,True
Lucian|16.1,Lucian,16.1,15.24,,17,21,True,50,4,0.5,0.0,0.0,0.5,0.27465307216702745,0.0,0.0,0.27465307216702745,6,4.5,2.5,1.0,4.75,1.2701175144730437,1.1512925464970227,0.6931471805599453,1.7461790800295665,-4.0,-2.5,-0.9954644423060162,-1.1512925464970227,4.0,0.9954644423060163,True
Miss Fortune|16.1,Miss Fortune,16.1,15.24,,0,0,False,50,0,,,,,,,,,0,,,,,,,,,,,,,,,False
Nilah|16.1,Nilah,16.1,15.24,,3,4,False,50,2,0.5,0.5,0.25,0.75,0.34657359027997264,0.34657359027997264,0.17328679513998632,0.5198603854199589,2,2.0,2.0,1.5,2.5,1.0397207708399179,1.0397207708399179,0.8664339756999315,1.2130075659799042,-1.5,-1.5,-0.6931471805599452,-0.6931471805599452,1.5,0.6931471805599453,True
Quinn|16.1,Quinn,16.1,15.24,,6,5,False,50,2,0.0,0.0,0.0,0.0,0.0,0.0,0.0,0.0,1,2.0,2,2.0,2.0,1.0986122886681098,1.0986122886681098,1.0986122886681098,1.0986122886681098,-2.0,-2.0,-1.0986122886681098,-1.0986122886681098,2.0,1.0986122886681098,True
Rengar|16.1,Rengar,16.1,15.24,,8,5,False,50,4,1.75,0.0,0.0,1.75,0.5198603854199589,0.0,0.0,0.5198603854199589,0,,,,,,,,,,,,,,,False
Samira|16.1,Samira,16.1,15.24,,9,4,False,50,2,0.0,0.0,0.0,0.0,0.0,0.0,0.0,0.0,1,0.0,0,0.0,0.0,0.0,0.0,0.0,0.0,0.0,0.0,0.0,0.0,0.0,0.0,True
Senna|16.1,Senna,16.1,15.24,,13,10,True,50,7,0.14285714285714285,0,0.0,0.0,0.09902102579427789,0.0,0.0,0.0,1,23.0,23,23.0,23.0,3.1780538303479458,3.1780538303479458,3.1780538303479458,3.1780538303479458,-22.857142857142858,-23,-3.079032804553668,-3.1780538303479458,22.857142857142858,3.079032804553668,True
Shaco|16.1,Shaco,16.1,15.24,,9,9,False,50,2,1.0,1.0,0.5,1.5,0.5493061443340549,0.5493061443340549,0.27465307216702745,0.8239592165010823,4,13.0,2.0,1.75,13.25,1.690393192201014,1.0986122886681098,0.9972460116410686,1.791759469228055,-12.0,-1.0,-1.141087047866959,-0.5493061443340549,12.0,1.141087047866959,True
Sivir|16.1,Sivir,16.1,15.24,,8,20,False,50,10,0.3,0.0,0.0,0.0,0.13862943611198905,0.0,0.0,0.0,4,0.75,0.5,0.0,1.25,0.44793986730701374,0.34657359027997264,0.0,0.7945134575869863,-0.45,-0.5,-0.30931043119502466,-0.34657359027997264,0.65,0.3668468456853809,True
Smolder|16.1,Smolder,16.1,15.24,,19,18,True,50,6,0.16666666666666666,0.0,0.0,0.0,0.11552453009332421,0.0,0.0,0.0,6,5.5,2.0,2.0,6.5,1.4147989528157565,1.0986122886681098,1.0986122886681098,1.922571505169192,-5.333333333333333,-2.0,-1.2992744227224322,-1.0986122886681098,5.333333333333333,1.2992744227224327,True
Tristana|16.1,Tristana,16.1,15.24,,18,10,True,50,6,0.0,0.0,0.0,0.0,0.0,0.0,0.0,0.0,0,,,,,,,,,,,,,,,False
Tryndamere|16.1,Tryndamere,16.1,15.24,,1,8,False,50,6,0.5,0.0,0.0,0.0,0.23104906018664842,0.0,0.0,0.0,0,,,,,,,,,,,,,,,False
Twitch|16.1,Twitch,16.1,15.24,,9,16,False,50,8,0.125,0.0,0.0,0.0,0.08664339756999316,0.0,0.0,0.0,5,1.8,1,0.0,1.0,0.6931471805599452,0.6931471805599453,0.0,0.6931471805599453,-1.675,-1.0,-0.606503782989952,-0.6931471805599453,1.6749999999999998,0.606503782989952,True
Viego|16.1,Viego,16.1,15.24,,12,13,True,50,5,1.4,1,0.0,3.0,0.6931471805599453,0.6931471805599453,0.0,1.3862943611198906,4,20.75,21.5,7.0,35.25,2.5599899472893353,2.92896657724173,1.9002256148855208,3.588730909645544,-19.35,-20.5,-1.8668427667293899,-2.2358193966817845,19.35,1.86684276672939,True
Xayah|16.1,Xayah,16.1,15.24,,12,11,True,50,7,0.0,0,0.0,0.0,0.0,0.0,0.0,0.0,2,1.0,1.0,0.5,1.5,0.5493061443340549,0.5493061443340549,0.27465307216702745,0.8239592165010823,-1.0,-1.0,-0.5493061443340549,-0.5493061443340549,1.0,0.5493061443340549,True
Yasuo|16.1,Yasuo,16.1,15.24,,18,20,True,50,5,0.2,0,0.0,0.0,0.13862943611198905,0.0,0.0,0.0,7,3.7142857142857144,3,1.5,5.0,1.30447102351939,1.3862943611198906,0.8958797346140275,1.7776740307447068,-3.5142857142857142,-3,-1.1658415874074008,-1.3862943611198906,3.5142857142857147,1.165841587407401,True
Yone|16.1,Yone,16.1,15.24,,21,15,True,50,3,0.0,0,0.0,0.0,0.0,0.0,0.0,0.0,6,2.6666666666666665,2.5,1.25,3.75,1.1222336486395599,1.2424533248940002,0.7945134575869863,1.5536520246055479,-2.6666666666666665,-2.5,-1.1222336486395599,-1.2424533248940002,2.666666666666667,1.1222336486395599,True
Yunara|16.1,Yunara,16.1,15.24,,10,12,True,50,6,1.0,0.5,0.0,1.0,0.49928871225899846,0.34657359027997264,0.0,0.6931471805599453,3,2.3333333333333335,1,0.5,3.5,0.8796857765384195,0.6931471805599453,0.34657359027997264,1.3195286648076292,-1.3333333333333335,-0.5,-0.38039706427942105,-0.34657359027997264,1.3333333333333337,0.3803970642794211,True
Zeri|16.1,Zeri,16.1,15.24,,7,4,False,50,3,0.3333333333333333,0,0.0,0.5,0.23104906018664842,0.0,0.0,0.34657359027997264,0,,,,,,,,,,,,,,,False
Aatrox|16.2,Aatrox,16.2,16.1,,5,9,False,50,5,0.2,0,0.0,0.0,0.13862943611198905,0.0,0.0,0.0,1,12.0,12,12.0,12.0,2.5649493574615367,2.5649493574615367,2.5649493574615367,2.5649493574615367,-11.8,-12,-2.4263199213495477,-2.5649493574615367,11.8,2.4263199213495477,True
Ashe|16.2,Ashe,16.2,16.1,,7,21,False,50,13,2.3846153846153846,0,0.0,2.0,0.6800780238833762,0.0,0.0,1.0986122886681098,2,8.5,8.5,4.75,12.25,1.7631802623080808,1.7631802623080808,1.2281637214340129,2.2981968031821487,-6.115384615384615,-8.5,-1.0831022384247047,-1.7631802623080808,6.26923076923077,1.0918958405539274,True
Gwen|16.2,Gwen,16.2,16.1,,18,11,True,50,2,0.0,0.0,0.0,0.0,0.0,0.0,0.0,0.0,4,8.25,6.0,2.5,11.75,1.8566372680993262,1.8444397270569683,1.2130075659799042,2.4880694291763903,-8.25,-6.0,-1.8566372680993262,-1.8444397270569683,8.25,1.8566372680993264,True
Jayce|16.2,Jayce,16.2,16.1,,12,8,False,50,5,1.2,0,0.0,0.0,0.38918202981106265,0.0,0.0,0.0,1,3.0,3,3.0,3.0,1.3862943611198906,1.3862943611198906,1.3862943611198906,1.3862943611198906,-1.8,-3,-0.9971123313088279,-1.3862943611198906,3.0,1.220958646482997,True
Lillia|16.2,Lillia,16.2,16.1,,5,4,False,50,3,0.0,0,0.0,0.0,0.0,0.0,0.0,0.0,0,,,,,,,,,,,,,,,False
Malphite|16.2,Malphite,16.2,16.1,,23,18,True,50,9,1.6666666666666667,0,0.0,0.0,0.3080654135821979,0.0,0.0,0.0,6,2.5,2.0,0.25,3.0,0.9438267466893243,1.0397207708399179,0.17328679513998632,1.3862943611198906,-0.8333333333333333,-2.0,-0.6357613331071263,-1.0397207708399179,2.388888888888889,0.7636200319745845,True
Master Yi|16.2,Master Yi,16.2,16.1,,0,0,False,50,0,,,,,,,,,0,,,,,,,,,,,,,,,False
Nunu & Willump|16.2,Nunu & Willump,16.2,16.1,,0,0,False,50,0,,,,,,,,,0,,,,,,,,,,,,,,,False
Sivir|16.2,Sivir,16.2,16.1,,20,16,True,50,7,0.0,0,0.0,0.0,0.0,0.0,0.0,0.0,5,3.8,2,1.0,7.0,1.2347572207803874,1.0986122886681098,0.6931471805599453,2.0794415416798357,-3.8,-2,-1.2347572207803874,-1.0986122886681098,3.8,1.2347572207803872,True
Smolder|16.2,Smolder,16.2,16.1,,18,14,True,50,6,1.8333333333333333,0.0,0.0,1.5,0.566866230277026,0.0,0.0,0.8239592165010823,3,8.666666666666666,9,6.5,11.0,2.1836934450144683,2.302585092994046,1.9560115027140732,2.470821211304652,-6.833333333333333,-9.0,-1.6168272147374423,-2.302585092994046,6.833333333333334,1.616827214737442,True
Taliyah|16.2,Taliyah,16.2,16.1,,4,4,False,50,4,0.5,0.0,0.0,0.5,0.27465307216702745,0.0,0.0,0.27465307216702745,0,,,,,,,,,,,,,,,False
Varus|16.2,Varus,16.2,16.1,,5,20,False,50,16,0.0,0.0,0.0,0.0,0.0,0.0,0.0,0.0,2,1.5,1.5,1.25,1.75,0.8958797346140275,0.8958797346140275,0.7945134575869863,0.9972460116410686,-1.5,-1.5,-0.8958797346140275,-0.8958797346140275,1.5,0.8958797346140275,True
Viego|16.2,Viego,16.2,16.1,,13,19,True,50,9,2.0,0,0.0,1.0,0.5071497990519818,0.0,0.0,0.6931471805599453,5,10.4,3,2.0,13.0,1.7358624081785343,1.3862943611198906,1.0986122886681098,2.6390573296152584,-8.4,-3,-1.2287126091265526,-1.3862943611198906,8.399999999999999,1.2287126091265526,True
Zed|16.2,Zed,16.2,16.1,,20,18,True,50,6,1.0,0.0,0.0,0.0,0.32431835817588556,0.0,0.0,0.0,7,9.857142857142858,4,2.0,11.0,1.9031406330394778,1.6094379124341003,1.0986122886681098,2.389561746555765,-8.857142857142858,-4.0,-1.5788222748635923,-1.6094379124341003,8.857142857142858,1.5788222748635925,True
Ahri|16.3,Ahri,16.3,16.2,,24,23,True,50,8,0.25,0.0,0.0,0.0,0.13732653608351372,0.0,0.0,0.0,9,5.222222222222222,2,1.0,3.0,1.206213036780684,1.0986122886681098,0.6931471805599453,1.3862943611198906,-4.972222222222222,-2.0,-1.0688865006971704,-1.0986122886681098,4.972222222222223,1.0688865006971704,True
Bel'Veth|16.3,Bel'Veth,16.3,16.2,,0,0,False,50,0,,,,,,,,,0,,,,,,,,,,,,,,,False
Braum|16.3,Braum,16.3,16.2,,15,19,True,50,11,1.6363636363636365,1,0.0,2.0,0.6436387727202355,0.6931471805599453,0.0,1.0986122886681098,5,5.4,2,1.0,4.0,1.2891439638771156,1.0986122886681098,0.6931471805599453,1.6094379124341003,-3.7636363636363637,-1,-0.6455051911568801,-0.4054651081081645,3.763636363636363,0.64550519115688,True
Briar|16.3,Briar,16.3,16.2,,5,8,False,50,3,0.0,0,0.0,0.0,0.0,0.0,0.0,0.0,4,6.5,1.0,0.75,6.75,1.1512925464970227,0.6931471805599453,0.5198603854199589,1.324579341637009,-6.5,-1.0,-1.1512925464970227,-0.6931471805599453,6.5,1.1512925464970227,True
Diana|16.3,Diana,16.3,16.2,,27,11,True,50,1,0.0,0,0.0,0.0,0.0,0.0,0.0,0.0,7,7.857142857142857,3,1.5,12.5,1.7504659326189473,1.3862943611198906,0.8958797346140275,2.6020033435383976,-7.857142857142857,-3,-1.7504659326189473,-1.3862943611198906,7.857142857142858,1.7504659326189476,True
Draven|16.3,Draven,16.3,16.2,,5,8,False,50,3,11.666666666666666,2,1.5,17.0,1.7627556768981785,1.0986122886681098,0.8958797346140275,2.297559925067295,2,12.5,12.5,6.25,18.75,1.629048269010741,1.629048269010741,0.8145241345053705,2.4435724035161117,-0.8333333333333339,-10.5,0.1337074078874374,-0.5304359803426313,6.833333333333332,0.8535354910052281,True
Ekko|16.3,Ekko,16.3,16.2,,19,14,True,50,8,1.5,0.0,0.0,0.0,0.3206186696826921,0.0,0.0,0.0,2,1.5,1.5,1.25,1.75,0.8958797346140275,0.8958797346140275,0.7945134575869863,0.9972460116410686,0.0,-1.5,-0.5752610649313354,-0.8958797346140275,2.5,0.9418453321296922,True
Ezreal|16.3,Ezreal,16.3,16.2,,12,20,True,50,6,0.6666666666666666,0.0,0.0,0.75,0.34657359027997264,0.0,0.0,0.5198603854199589,6,4.166666666666667,4.5,0.75,6.0,1.2793349886714813,1.666102255087602,0.34657359027997264,1.9459101490553132,-3.5000000000000004,-4.5,-0.9327613983915086,-1.666102255087602,3.4999999999999996,0.9327613983915086,True
Hecarim|16.3,Hecarim,16.3,16.2,,4,7,False,50,4,1.5,0.5,0.0,2.0,0.6212266624470001,0.34657359027997264,0.0,0.9678002527269727,2,9.5,9.5,8.25,10.75,2.3221954495706862,2.3221954495706862,2.2008184956252608,2.4435724035161117,-8.0,-9.0,-1.7009687871236863,-1.9756218592907135,8.0,1.700968787123686,True
Heimerdinger|16.3,Heimerdinger,16.3,16.2,,9,7,False,50,2,0.5,0.5,0.25,0.75,0.34657359027997264,0.34657359027997264,0.17328679513998632,0.5198603854199589,4,14.0,6.5,5.0,15.5,2.2154083994216567,2.0126758453675744,1.7340856839585124,2.4939985608307187,-13.5,-6.0,-1.868834809141684,-1.6661022550876017,13.5,1.8688348091416842,True
Jayce|16.3,Jayce,16.3,16.2,,8,4,False,50,2,0.0,0.0,0.0,0.0,0.0,0.0,0.0,0.0,1,1.0,1,1.0,1.0,0.6931471805599453,0.6931471805599453,0.6931471805599453,0.6931471805599453,-1.0,-1.0,-0.6931471805599453,-0.6931471805599453,1.0,0.6931471805599453,True
Kayn|16.3,Kayn,16.3,16.2,,8,9,False,50,3,0.0,0,0.0,0.0,0.0,0.0,0.0,0.0,4,19.75,17.5,1.0,36.25,2.1814580141318913,2.1242476210246792,0.6931471805599453,3.6125584545966256,-19.75,-17.5,-2.1814580141318913,-2.1242476210246792,19.75,2.1814580141318913,True
Maokai|16.3,Maokai,16.3,16.2,,1,4,False,50,3,1.6666666666666667,1,0.5,2.5,0.7675283643313485,0.6931471805599453,0.34657359027997264,1.1512925464970227,0,,,,,,,,,,,,,,,False
Mel|16.3,Mel,16.3,16.2,,12,7,False,50,3,0.0,0,0.0,0.0,0.0,0.0,0.0,0.0,2,4.0,4.0,2.0,6.0,1.0986122886681098,1.0986122886681098,0.5493061443340549,1.6479184330021646,-4.0,-4.0,-1.0986122886681098,-1.0986122886681098,4.0,1.0986122886681098,True
Naafiri|16.3,Naafiri,16.3,16.2,,8,7,False,50,7,1.4285714285714286,0,0.0,0.0,0.34255646754262437,0.0,0.0,0.0,0,,,,,,,,,,,,,,,False
Nilah|16.3,Nilah,16.3,16.2,,2,2,False,50,2,0.0,0.0,0.0,0.0,0.0,0.0,0.0,0.0,0,,,,,,,,,,,,,,,False
Riven|16.3,Riven,16.3,16.2,,9,7,False,50,3,0.0,0,0.0,0.0,0.0,0.0,0.0,0.0,2,27.0,27.0,17.0,37.0,2.9753212762938634,2.9753212762938634,2.5273814089868494,3.4232611436008775,-27.0,-27.0,-2.9753212762938634,-2.9753212762938634,27.0,2.9753212762938634,True
Ryze|16.3,Ryze,16.3,16.2,,16,11,True,50,5,0.4,0,0.0,0.0,0.21972245773362195,0.0,0.0,0.0,5,4.8,6,3.0,7.0,1.6368469548189641,1.9459101490553132,1.3862943611198906,2.0794415416798357,-4.3999999999999995,-6,-1.4171244970853423,-1.9459101490553132,4.4,1.4171244970853423,True
Trundle|16.3,Trundle,16.3,16.2,,5,6,False,50,3,0.0,0,0.0,0.0,0.0,0.0,0.0,0.0,1,25.0,25,25.0,25.0,3.258096538021482,3.258096538021482,3.258096538021482,3.258096538021482,-25.0,-25,-3.258096538021482,-3.258096538021482,25.0,3.258096538021482,True
Tryndamere|16.3,Tryndamere,16.3,16.2,,6,5,False,50,1,0.0,0,0.0,0.0,0.0,0.0,0.0,0.0,2,3.0,3.0,2.0,4.0,1.2424533248940002,1.2424533248940002,0.9678002527269727,1.5171063970610277,-3.0,-3.0,-1.2424533248940002,-1.2424533248940002,3.0,1.242453324894,True
Varus|16.3,Varus,16.3,16.2,,20,14,True,50,4,0.25,0.0,0.0,0.25,0.17328679513998632,0.0,0.0,0.17328679513998632,5,2.4,2,2.0,3.0,1.1772208062900311,1.0986122886681098,1.0986122886681098,1.3862943611198906,-2.15,-2.0,-1.0039340111500448,-1.0986122886681098,2.1500000000000004,1.0039340111500448,True
Vi|16.3,Vi,16.3,16.2,,6,5,False,50,5,0.2,0,0.0,0.0,0.13862943611198905,0.0,0.0,0.0,0,,,,,,,,,,,,,,,False
Volibear|16.3,Volibear,16.3,16.2,,18,9,False,50,4,7.25,1.0,0.0,8.25,1.1077041997108283,0.5493061443340549,0.0,1.6570103440448833,3,7.333333333333333,5,3.5,10.0,1.8876534933786486,1.791759469228055,1.4451858789480823,2.282174095733918,-0.08333333333333304,-4.0,-0.7799492936678203,-1.242453324894,6.083333333333334,1.0597571876355316,True
Xin Zhao|16.3,Xin Zhao,16.3,16.2,,0,0,False,50,0,,,,,,,,,0,,,,,,,,,,,,,,,False
Yone|16.3,Yone,16.3,16.2,,14,20,True,50,13,0.23076923076923078,0,0.0,0.0,0.15995704166767968,0.0,0.0,0.0,6,2.6666666666666665,1.5,1.0,2.75,1.0289643506503228,0.8958797346140275,0.6931471805599453,1.3143738430069454,-2.4358974358974357,-1.5,-0.8690073089826431,-0.8958797346140275,2.435897435897436,0.8690073089826431,True
Zaahen|16.3,Zaahen,16.3,16.2,,15,16,True,50,6,1.0,0.5,0.0,1.0,0.49928871225899846,0.34657359027997264,0.0,0.6931471805599453,5,7.2,6,4.0,10.0,1.9519811648116208,1.9459101490553132,1.6094379124341003,2.3978952727983707,-6.2,-5.5,-1.4526924525526224,-1.5993365587753405,6.2,1.4526924525526226,True
Zed|16.3,Zed,16.3,16.2,,18,12,True,50,4,0.0,0.0,0.0,0.0,0.0,0.0,0.0,0.0,6,16.166666666666668,9.0,6.25,26.75,2.5682405473103183,2.282174095733918,1.9792929972114437,3.2436073335468603,-16.166666666666668,-9.0,-2.5682405473103183,-2.282174095733918,16.166666666666668,2.5682405473103183,True
Ambessa|16.4,Ambessa,16.4,16.3,,13,8,False,50,3,1.6666666666666667,0,0.0,2.5,0.5972531564093516,0.0,0.0,0.8958797346140275,3,2.3333333333333335,2,1.5,3.0,1.1337324605540517,1.0986122886681098,0.8958797346140275,1.354025100551105,-0.6666666666666667,-2,-0.5364793041447001,-1.0986122886681098,1.3333333333333335,0.6580270086740033,True
Annie|16.4,Annie,16.4,16.3,,5,4,False,50,2,0.0,0.0,0.0,0.0,0.0,0.0,0.0,0.0,1,1.0,1,1.0,1.0,0.6931471805599453,0.6931471805599453,0.6931471805599453,0.6931471805599453,-1.0,-1.0,-0.6931471805599453,-0.6931471805599453,1.0,0.6931471805599453,True
Aphelios|16.4,Aphelios,16.4,16.3,,11,5,False,50,2,0.0,0.0,0.0,0.0,0.0,0.0,0.0,0.0,2,24.0,24.0,13.0,35.0,2.474379945189084,2.474379945189084,1.7864961169285969,3.162263773449571,-24.0,-24.0,-2.474379945189084,-2.474379945189084,24.0,2.474379945189084,True
Brand|16.4,Brand,16.4,16.3,,11,10,True,50,4,1.0,0.0,0.0,1.0,0.40235947810852507,0.0,0.0,0.40235947810852507,3,3.6666666666666665,1,0.5,5.5,1.030347484452772,0.6931471805599453,0.34657359027997264,1.545521226679158,-2.6666666666666665,-1.0,-0.6279880063442469,-0.6931471805599453,2.666666666666667,0.627988006344247,True
Braum|16.4,Braum,16.4,16.3,,19,14,True,50,2,3.5,3.5,2.75,4.25,1.4451858789480823,1.4451858789480823,1.271899083808096,1.6184726740880688,7,6.714285714285714,4,2.0,7.0,1.658319377824936,1.6094379124341003,1.0397207708399179,2.0036665926162356,-3.2142857142857144,-0.5,-0.21313349887685384,-0.16425203348601802,4.214285714285715,0.5229656564217855,True
Camille|16.4,Camille,16.4,16.3,,4,4,False,50,2,0.0,0.0,0.0,0.0,0.0,0.0,0.0,0.0,2,9.0,9.0,5.0,13.0,1.791759469228055,1.791759469228055,1.242453324894,2.3410656135621095,-9.0,-9.0,-1.791759469228055,-1.791759469228055,9.0,1.791759469228055,True
Darius|16.4,Darius,16.4,16.3,,12,12,True,50,5,0.2,0,0.0,0.0,0.13862943611198905,0.0,0.0,0.0,6,8.333333333333334,6.5,1.75,11.25,1.7314992280529715,1.9560115027140732,0.922219863528484,2.499358291344664,-8.133333333333335,-6.5,-1.5928697919409824,-1.9560115027140732,8.133333333333333,1.5928697919409824,True
Fizz|16.4,Fizz,16.4,16.3,,6,10,False,50,7,0.7142857142857143,0,0.0,1.0,0.39608410317711157,0.0,0.0,0.6931471805599453,3,1.6666666666666667,1,1.0,2.0,0.9241962407465937,0.6931471805599453,0.6931471805599453,1.0397207708399179,-0.9523809523809524,-1,-0.5281121375694822,-0.6931471805599453,0.9523809523809523,0.528112137569482,True
Graves|16.4,Graves,16.4,16.3,,8,10,False,50,8,0.0,0.0,0.0,0.0,0.0,0.0,0.0,0.0,1,7.0,7,7.0,7.0,2.0794415416798357,2.0794415416798357,2.0794415416798357,2.0794415416798357,-7.0,-7.0,-2.0794415416798357,-2.0794415416798357,7.0,2.0794415416798357,True
Gwen|16.4,Gwen,16.4,16.3,,13,9,False,50,4,0.25,0.0,0.0,0.25,0.17328679513998632,0.0,0.0,0.17328679513998632,3,6.333333333333333,1,0.5,9.5,1.2125287199087953,0.6931471805599453,0.34657359027997264,1.8187930798631928,-6.083333333333333,-1.0,-1.039241924768809,-0.6931471805599453,6.083333333333334,1.039241924768809,True
Hwei|16.4,Hwei,16.4,16.3,,3,6,False,50,5,1.8,0,0.0,1.0,0.578074351579233,0.0,0.0,0.6931471805599453,0,,,,,,,,,,,,,,,False
Illaoi|16.4,Illaoi,16.4,16.3,,3,5,False,50,4,0.5,0.0,0.0,0.5,0.27465307216702745,0.0,0.0,0.27465307216702745,0,,,,,,,,,,,,,,,False
Jinx|16.4,Jinx,16.4,16.3,,21,16,True,50,5,2.0,0,0.0,4.0,0.7110696122978827,0.0,0.0,1.6094379124341003,6,4.666666666666667,2.0,0.25,6.75,1.1849799105120453,1.0397207708399179,0.17328679513998632,1.9944920232821373,-2.666666666666667,-2.0,-0.47391029821416264,-1.0397207708399179,2.8,0.5036627717227239,True
Kassadin|16.4,Kassadin,16.4,16.3,,7,2,False,50,1,0.0,0,0.0,0.0,0.0,0.0,0.0,0.0,1,5.0,5,5.0,5.0,1.791759469228055,1.791759469228055,1.791759469228055,1.791759469228055,-5.0,-5,-1.791759469228055,-1.791759469228055,5.0,1.791759469228055,True
Kayle|16.4,Kayle,16.4,16.3,,11,6,False,50,6,0.0,0.0,0.0,0.0,0.0,0.0,0.0,0.0,0,,,,,,,,,,,,,,,False
Kennen|16.4,Kennen,16.4,16.3,,5,2,False,50,1,0.0,0,0.0,0.0,0.0,0.0,0.0,0.0,0,,,,,,,,,,,,,,,False
Lee Sin|16.4,Lee Sin,16.4,16.3,,0,0,False,50,0,,,,,,,,,0,,,,,,,,,,,,,,,False
Lux|16.4,Lux,16.4,16.3,,19,20,True,50,14,3.142857142857143,0.0,0.0,0.0,0.4409847217072812,0.0,0.0,0.0,6,13.333333333333334,10.5,9.25,13.25,2.2507258548878086,2.4414009612931853,2.3264126379451273,2.6522643132736574,-10.190476190476192,-10.5,-1.8097411331805273,-2.4414009612931853,10.61904761904762,1.8208784962476292,True
Maokai|16.4,Maokai,16.4,16.3,,4,7,False,50,4,0.5,0.0,0.0,0.5,0.27465307216702745,0.0,0.0,0.27465307216702745,2,2.5,2.5,2.25,2.75,1.2424533248940002,1.2424533248940002,1.170532806781055,1.3143738430069454,-2.0,-2.5,-0.9678002527269727,-1.2424533248940002,2.0,0.9678002527269727,True
Naafiri|16.4,Naafiri,16.4,16.3,,7,7,False,50,4,0.5,0.0,0.0,0.5,0.27465307216702745,0.0,0.0,0.27465307216702745,3,1.3333333333333333,1,0.5,2.0,0.6931471805599453,0.6931471805599453,0.34657359027997264,1.0397207708399179,-0.8333333333333333,-1.0,-0.41849410839291784,-0.6931471805599453,0.8333333333333334,0.4184941083929179,True
Qiyana|16.4,Qiyana,16.4,16.3,,8,5,False,50,2,0.0,0.0,0.0,0.0,0.0,0.0,0.0,0.0,3,8.0,9,6.5,10.0,2.1323098850720488,2.302585092994046,1.9560115027140732,2.3937458713910233,-8.0,-9.0,-2.1323098850720488,-2.302585092994046,8.0,2.1323098850720488,True
Rengar|16.4,Rengar,16.4,16.3,,5,4,False,50,2,4.0,4.0,2.0,6.0,1.0986122886681098,1.0986122886681098,0.5493061443340549,1.6479184330021646,1,0.0,0,0.0,0.0,0.0,0.0,0.0,0.0,4.0,4.0,1.0986122886681098,1.0986122886681098,4.0,1.0986122886681098,True
Rumble|16.4,Rumble,16.4,16.3,,3,2,False,50,0,,,,,,,,,1,26.0,26,26.0,26.0,3.295836866004329,3.295836866004329,3.295836866004329,3.295836866004329,,,,,,,False
Ryze|16.4,Ryze,16.4,16.3,,11,4,False,50,2,0.0,0.0,0.0,0.0,0.0,0.0,0.0,0.0,2,6.0,6.0,5.5,6.5,1.9356005054539454,1.9356005054539454,1.8636799873410004,2.0075210235668903,-6.0,-6.0,-1.9356005054539454,-1.9356005054539454,6.0,1.9356005054539454,True
Samira|16.4,Samira,16.4,16.3,,5,4,False,50,4,0.25,0.0,0.0,0.25,0.17328679513998632,0.0,0.0,0.17328679513998632,0,,,,,,,,,,,,,,,False
Senna|16.4,Senna,16.4,16.3,,12,15,True,50,7,0.14285714285714285,0,0.0,0.0,0.09902102579427789,0.0,0.0,0.0,5,4.8,3,1.0,4.0,1.3044185596340303,1.3862943611198906,0.6931471805599453,1.6094379124341003,-4.657142857142857,-3,-1.2053975338397525,-1.3862943611198906,4.657142857142857,1.2053975338397525,True
Swain|16.4,Swain,16.4,16.3,,14,12,True,50,4,0.25,0.0,0.0,0.25,0.17328679513998632,0.0,0.0,0.17328679513998632,5,2.4,2,1.0,4.0,1.038591370178042,1.0986122886681098,0.6931471805599453,1.6094379124341003,-2.15,-2.0,-0.8653045750380557,-1.0986122886681098,2.15,0.8653045750380557,True
Syndra|16.4,Syndra,16.4,16.3,,11,11,True,50,5,0.8,0,0.0,1.0,0.4158883083359671,0.0,0.0,0.6931471805599453,4,13.75,5.0,3.5,15.25,2.109537496018946,1.7776740307447068,1.4817315064926027,2.40548002027105,-12.95,-5.0,-1.6936491876829787,-1.7776740307447068,12.95,1.6936491876829791,True
Teemo|16.4,Teemo,16.4,16.3,,8,8,False,50,3,0.3333333333333333,0,0.0,0.5,0.23104906018664842,0.0,0.0,0.34657359027997264,4,22.0,17.5,4.0,35.5,2.649158683274018,2.5375869076169133,1.6094379124341003,3.5773076784568314,-21.666666666666668,-17.5,-2.4181096230873695,-2.5375869076169133,21.666666666666668,2.41810962308737,True
Twitch|16.4,Twitch,16.4,16.3,,10,13,True,50,8,0.25,0.0,0.0,0.0,0.13732653608351372,0.0,0.0,0.0,3,1.6666666666666667,2,1.0,2.5,0.8283022165960001,1.0986122886681098,0.5493061443340549,1.2424533248940002,-1.4166666666666667,-2.0,-0.6909756805124864,-1.0986122886681098,1.416666666666667,0.6909756805124865,True
Udyr|16.4,Udyr,16.4,16.3,,4,2,False,50,2,0.0,0.0,0.0,0.0,0.0,0.0,0.0,0.0,0,,,,,,,,,,,,,,,False
Xayah|16.4,Xayah,16.4,16.3,,7,10,False,50,5,0.4,0,0.0,1.0,0.2772588722239781,0.0,0.0,0.6931471805599453,4,0.5,0.5,0.0,1.0,0.34657359027997264,0.34657359027997264,0.0,0.6931471805599453,-0.09999999999999998,-0.5,-0.06931471805599454,-0.34657359027997264,0.09999999999999998,0.06931471805599451,True
Zac|16.4,Zac,16.4,16.3,,5,6,False,50,1,1.0,1,1.0,1.0,0.6931471805599453,0.6931471805599453,0.6931471805599453,0.6931471805599453,2,27.5,27.5,17.75,37.25,3.0342127941220554,3.0342127941220554,2.6157186857291372,3.4527069025149735,-26.5,-26.5,-2.34106561356211,-2.34106561356211,26.5,2.34106561356211,True
Akali|16.5,Akali,16.5,16.4,,16,13,True,50,7,2.4285714285714284,0,0.0,1.5,0.6428299529043235,0.0,0.0,0.8958797346140275,5,7.8,2,1.0,2.0,1.2891439638771156,1.0986122886681098,0.6931471805599453,1.0986122886681098,-5.371428571428572,-2,-0.6463140109727921,-1.0986122886681098,5.371428571428569,0.6463140109727918,True
Azir|16.5,Azir,16.5,16.4,,2,2,False,50,1,1.0,1,1.0,1.0,0.6931471805599453,0.6931471805599453,0.6931471805599453,0.6931471805599453,0,,,,,,,,,,,,,,,False
Garen|16.5,Garen,16.5,16.4,,10,20,True,50,13,0.15384615384615385,0,0.0,0.0,0.10663802777845312,0.0,0.0,0.0,5,3.0,4,2.0,4.0,1.3240146413060712,1.6094379124341003,1.0986122886681098,1.6094379124341003,-2.8461538461538463,-4,-1.217376613527618,-1.6094379124341003,2.846153846153846,1.217376613527618,True
Lee Sin|16.5,Lee Sin,16.5,16.4,,0,0,False,50,0,,,,,,,,,0,,,,,,,,,,,,,,,False
Lillia|16.5,Lillia,16.5,16.4,,4,7,False,50,6,7.166666666666667,0.5,0.0,1.75,0.9175552559887272,0.34657359027997264,0.0,0.9972460116410686,1,10.0,10,10.0,10.0,2.3978952727983707,2.3978952727983707,2.3978952727983707,2.3978952727983707,-2.833333333333333,-9.5,-1.4803400168096434,-2.051321682518398,12.833333333333332,1.9188989481116228,True
Mel|16.5,Mel,16.5,16.4,,5,11,False,50,7,1.0,0,0.0,1.0,0.4540076900497065,0.0,0.0,0.6931471805599453,3,2.3333333333333335,2,2.0,2.5,1.1945063128187032,1.0986122886681098,1.0986122886681098,1.2424533248940002,-1.3333333333333335,-2,-0.7404986227689967,-1.0986122886681098,1.9047619047619047,0.8563457965141866,True
Neeko|16.5,Neeko,16.5,16.4,,10,5,False,50,3,1.0,0,0.0,1.5,0.46209812037329684,0.0,0.0,0.6931471805599453,2,2.0,2.0,1.5,2.5,1.0397207708399179,1.0397207708399179,0.8664339756999315,1.2130075659799042,-1.0,-2.0,-0.5776226504666211,-1.0397207708399179,0.9999999999999999,0.577622650466621,True
Nocturne|16.5,Nocturne,16.5,16.4,,4,10,False,50,7,0.0,0,0.0,0.0,0.0,0.0,0.0,0.0,2,8.0,8.0,6.5,9.5,2.1383330595080277,2.1383330595080277,1.9650462643680413,2.311619854648014,-8.0,-8.0,-2.1383330595080277,-2.1383330595080277,8.0,2.1383330595080277,True
Orianna|16.5,Orianna,16.5,16.4,,11,15,True,50,9,1.4444444444444444,0,0.0,1.0,0.5094408309633969,0.0,0.0,0.6931471805599453,5,5.0,3,2.0,7.0,1.5644889458978635,1.3862943611198906,1.0986122886681098,2.0794415416798357,-3.5555555555555554,-3,-1.0550481149344666,-1.3862943611198906,3.5555555555555554,1.0550481149344666,True
Samira|16.5,Samira,16.5,16.4,,4,6,False,50,4,0.0,0.0,0.0,0.0,0.0,0.0,0.0,0.0,1,1.0,1,1.0,1.0,0.6931471805599453,0.6931471805599453,0.6931471805599453,0.6931471805599453,-1.0,-1.0,-0.6931471805599453,-0.6931471805599453,1.0,0.6931471805599453,True
Taliyah|16.5,Taliyah,16.5,16.4,,2,2,False,50,1,0.0,0,0.0,0.0,0.0,0.0,0.0,0.0,0,,,,,,,,,,,,,,,False
Varus|16.5,Varus,16.5,16.4,,10,9,False,50,5,0.6,0,0.0,1.0,0.358351893845611,0.0,0.0,0.6931471805599453,3,11.666666666666666,12,10.5,13.0,2.5251948838525977,2.5649493574615367,2.4337672252277915,2.6364997792818734,-11.066666666666666,-12,-2.1668429900069865,-2.5649493574615367,11.066666666666666,2.1668429900069865,True
Volibear|16.5,Volibear,16.5,16.4,,7,6,False,50,3,3.6666666666666665,3,2.0,5.0,1.3862943611198906,1.3862943611198906,1.0397207708399179,1.732867951399863,1,10.0,10,10.0,10.0,2.3978952727983707,2.3978952727983707,2.3978952727983707,2.3978952727983707,-6.333333333333334,-7,-1.01160091167848,-1.01160091167848,6.333333333333333,1.01160091167848,True
Ahri|16.6,Ahri,16.6,16.5,,20,17,True,50,9,1.2222222222222223,0,0.0,2.0,0.5567372548995839,0.0,0.0,1.0986122886681098,7,6.428571428571429,2,1.5,10.0,1.51747178283495,1.0986122886681098,0.8958797346140275,2.021525633917275,-5.2063492063492065,-2,-0.9607345279353661,-1.0986122886681098,5.2063492063492065,0.9607345279353662,True
Azir|16.6,Azir,16.6,16.5,,2,2,False,50,1,0.0,0,0.0,0.0,0.0,0.0,0.0,0.0,1,1.0,1,1.0,1.0,0.6931471805599453,0.6931471805599453,0.6931471805599453,0.6931471805599453,-1.0,-1,-0.6931471805599453,-0.6931471805599453,1.0,0.6931471805599453,True
Cassiopeia|16.6,Cassiopeia,16.6,16.5,,2,2,False,50,2,0.5,0.5,0.25,0.75,0.34657359027997264,0.34657359027997264,0.17328679513998632,0.5198603854199589,0,,,,,,,,,,,,,,,False
Lissandra|16.6,Lissandra,16.6,16.5,,4,7,False,50,4,0.25,0.0,0.0,0.25,0.17328679513998632,0.0,0.0,0.17328679513998632,2,10.5,10.5,7.25,13.75,2.2499048351651325,2.2499048351651325,1.9296713737996163,2.570138296530648,-10.25,-10.5,-2.076618040025146,-2.2499048351651325,10.25,2.076618040025146,True
Olaf|16.6,Olaf,16.6,16.5,,1,5,False,50,3,1.3333333333333333,0,0.0,2.0,0.5364793041447001,0.0,0.0,0.8047189562170501,1,8.0,8,8.0,8.0,2.1972245773362196,2.1972245773362196,2.1972245773362196,2.1972245773362196,-6.666666666666667,-8,-1.6607452731915195,-2.1972245773362196,6.666666666666666,1.6607452731915193,True
Pyke|16.6,Pyke,16.6,16.5,,3,9,False,50,7,1.0,1,0.0,1.0,0.5269827791591337,0.6931471805599453,0.0,0.6931471805599453,1,1.0,1,1.0,1.0,0.6931471805599453,0.6931471805599453,0.6931471805599453,0.6931471805599453,0.0,0,-0.16616440140081157,0.0,0.8571428571428572,0.42796175336485587,True
Shen|16.6,Shen,16.6,16.5,,15,13,True,50,4,0.25,0.0,0.0,0.25,0.17328679513998632,0.0,0.0,0.17328679513998632,7,12.714285714285714,6,3.0,20.0,2.116402155306153,1.9459101490553132,1.2424533248940002,3.039966597547795,-12.464285714285714,-6.0,-1.9431153601661668,-1.9459101490553132,12.464285714285715,1.943115360166167,True
Skarner|16.6,Skarner,16.6,16.5,,0,2,False,50,2,0.0,0.0,0.0,0.0,0.0,0.0,0.0,0.0,0,,,,,,,,,,,,,,,False
Tryndamere|16.6,Tryndamere,16.6,16.5,,0,7,False,50,7,3.2857142857142856,0,0.0,3.0,0.808994354305135,0.0,0.0,1.3862943611198906,0,,,,,,,,,,,,,,,False
Zaahen|16.6,Zaahen,16.6,16.5,,15,12,True,50,4,0.25,0.0,0.0,0.25,0.17328679513998632,0.0,0.0,0.17328679513998632,7,3.857142857142857,4,0.5,5.0,1.2032689302778565,1.6094379124341003,0.34657359027997264,1.7776740307447068,-3.607142857142857,-4.0,-1.0299821351378702,-1.6094379124341003,3.6071428571428577,1.0299821351378702,True
Cassiopeia|16.7,Cassiopeia,16.7,16.6,,2,2,False,50,1,11.0,11,11.0,11.0,2.4849066497880004,2.4849066497880004,2.4849066497880004,2.4849066497880004,0,,,,,,,,,,,,,,,False
Graves|16.7,Graves,16.7,16.6,,12,11,True,50,5,0.0,0,0.0,0.0,0.0,0.0,0.0,0.0,5,9.0,6,5.0,12.0,2.0891507404272875,1.9459101490553132,1.791759469228055,2.5649493574615367,-9.0,-6,-2.0891507404272875,-1.9459101490553132,9.0,2.0891507404272875,True
Kalista|16.7,Kalista,16.7,16.6,,1,0,False,50,0,,,,,,,,,0,,,,,,,,,,,,,,,False
Karma|16.7,Karma,16.7,16.6,,22,19,True,50,7,0.2857142857142857,0,0.0,0.5,0.19804205158855578,0.0,0.0,0.34657359027997264,10,6.1,2.5,1.25,12.25,1.548740482533162,1.2424533248940002,0.7945134575869863,2.5787668154110364,-5.814285714285714,-2.5,-1.3506984309446064,-1.2424533248940002,5.814285714285715,1.3506984309446064,True
Nami|16.7,Nami,16.7,16.6,,22,20,True,50,6,2.3333333333333335,0.0,0.0,0.0,0.4513417001837017,0.0,0.0,0.0,10,12.6,11.0,2.5,16.75,2.1879771019657834,2.452637389219215,1.2263186946096074,2.876082154436177,-10.266666666666666,-11.0,-1.7366354017820818,-2.452637389219215,10.266666666666666,1.7366354017820818,True
Ornn|16.7,Ornn,16.7,16.6,,11,11,True,50,4,0.0,0.0,0.0,0.0,0.0,0.0,0.0,0.0,3,4.333333333333333,1,0.5,6.5,1.0860321793404941,0.6931471805599453,0.34657359027997264,1.629048269010741,-4.333333333333333,-1.0,-1.0860321793404941,-0.6931471805599453,4.333333333333334,1.0860321793404941,True
Rell|16.7,Rell,16.7,16.6,,4,6,False,50,3,0.6666666666666666,0,0.0,1.0,0.3662040962227033,0.0,0.0,0.5493061443340549,2,4.0,4.0,3.0,5.0,1.5222612188617115,1.5222612188617115,1.3104367537649106,1.7340856839585124,-3.3333333333333335,-4.0,-1.1560571226390082,-1.5222612188617115,3.333333333333333,1.1560571226390082,True
Shyvana|16.7,Shyvana,16.7,16.6,,15,4,False,50,1,0.0,0,0.0,0.0,0.0,0.0,0.0,0.0,3,6.333333333333333,5,4.5,7.5,1.9330308848201752,1.791759469228055,1.7005986908310775,2.0948273710132126,-6.333333333333333,-5,-1.9330308848201752,-1.791759469228055,6.333333333333334,1.9330308848201754,True
Singed|16.7,Singed,16.7,16.6,,9,4,False,50,1,5.0,5,5.0,5.0,1.791759469228055,1.791759469228055,1.791759469228055,1.791759469228055,3,20.0,10,6.0,29.0,2.4627759531923687,2.3978952727983707,1.7482537807332403,3.144857785454499,-15.0,-5,-0.6710164839643138,-0.6061358035703157,17.0,1.1331146043376108,True
Veigar|16.7,Veigar,16.7,16.6,,12,11,True,50,5,1.2,0,0.0,1.0,0.4969813299576001,0.0,0.0,0.6931471805599453,5,12.0,5,3.0,7.0,1.8172273537033754,1.791759469228055,1.3862943611198906,2.0794415416798357,-10.8,-5,-1.3202460237457754,-1.791759469228055,10.799999999999997,1.3202460237457754,True
Dr. Mundo|16.8,Dr. Mundo,16.8,16.7,,0,0,False,50,0,,,,,,,,,0,,,,,,,,,,,,,,,False
Hwei|16.8,Hwei,16.8,16.7,,9,7,False,50,2,0.5,0.5,0.25,0.75,0.34657359027997264,0.34657359027997264,0.17328679513998632,0.5198603854199589,5,4.4,4,2.0,4.0,1.4991083887768513,1.6094379124341003,1.0986122886681098,1.6094379124341003,-3.9000000000000004,-3.5,-1.1525347984968786,-1.2628643221541276,3.8999999999999995,1.1525347984968786,True
Karma|16.8,Karma,16.8,16.7,,19,12,True,50,3,1.3333333333333333,2,1.0,2.0,0.7324081924454066,1.0986122886681098,0.5493061443340549,1.0986122886681098,6,9.833333333333334,9.0,5.25,12.75,2.128386283641543,2.255429753258425,1.8302971391848697,2.6205303365768278,-8.5,-7.0,-1.3959780911961364,-1.156817464590315,8.5,1.3959780911961366,True
Lillia|16.8,Lillia,16.8,16.7,,5,7,False,50,5,0.4,0,0.0,0.0,0.21972245773362195,0.0,0.0,0.0,2,20.0,20.0,10.5,29.5,2.1910133173369406,2.1910133173369406,1.442080248948443,2.9399463857254386,-19.6,-20.0,-1.9712908596033187,-2.1910133173369406,19.6,1.971290859603319,True
Lucian|16.8,Lucian,16.8,16.7,,8,12,False,50,8,0.25,0.0,0.0,0.0,0.13732653608351372,0.0,0.0,0.0,3,0.6666666666666666,1,0.5,1.0,0.46209812037329684,0.6931471805599453,0.34657359027997264,0.6931471805599453,-0.41666666666666663,-1.0,-0.32477158428978314,-0.6931471805599453,0.6666666666666667,0.42613786131682435,True
Mel|16.8,Mel,16.8,16.7,,13,11,True,50,5,1.2,0,0.0,2.0,0.541610040220442,0.0,0.0,1.0986122886681098,5,3.6,1,1.0,6.0,1.146019956594715,0.6931471805599453,0.6931471805599453,1.9459101490553132,-2.4000000000000004,-1,-0.6044099163742729,-0.6931471805599453,2.4,0.6044099163742729,True
Tahm Kench|16.8,Tahm Kench,16.8,16.7,,0,0,False,50,0,,,,,,,,,0,,,,,,,,,,,,,,,False
Yuumi|16.8,Yuumi,16.8,16.7,,4,3,False,50,1,0.0,0,0.0,0.0,0.0,0.0,0.0,0.0,2,19.5,19.5,17.25,21.75,2.995732273553991,2.995732273553991,2.884160497896886,3.1073040492110957,-19.5,-19.5,-2.995732273553991,-2.995732273553991,19.5,2.995732273553991,True
Zilean|16.8,Zilean,16.8,16.7,,6,6,False,50,2,4.5,4.5,2.25,6.75,1.151292546497023,1.151292546497023,0.5756462732485115,1.7269388197455344,2,2.0,2.0,1.5,2.5,1.0397207708399179,1.0397207708399179,0.8664339756999315,1.2130075659799042,2.5,2.5,0.11157177565710508,0.11157177565710508,3.5,0.8047189562170503,True
Zyra|16.8,Zyra,16.8,16.7,,6,4,False,50,2,0.0,0.0,0.0,0.0,0.0,0.0,0.0,0.0,1,1.0,1,1.0,1.0,0.6931471805599453,0.6931471805599453,0.6931471805599453,0.6931471805599453,-1.0,-1.0,-0.6931471805599453,-0.6931471805599453,1.0,0.6931471805599453,True
Ambessa|16.9,Ambessa,16.9,16.8,,13,10,True,50,4,1.25,0.5,0.0,1.75,0.5756462732485114,0.34657359027997264,0.0,0.922219863528484,5,4.4,2,0.0,7.0,1.1634222319926408,1.0986122886681098,0.0,2.0794415416798357,-3.1500000000000004,-1.5,-0.5877759587441295,-0.7520386983881371,3.15,0.5877759587441294,True
Briar|16.9,Briar,16.9,16.8,,2,4,False,50,2,3.0,3.0,1.5,4.5,0.9729550745276566,0.9729550745276566,0.4864775372638283,1.4594326117914849,1,4.0,4,4.0,4.0,1.6094379124341003,1.6094379124341003,1.6094379124341003,1.6094379124341003,-1.0,-1.0,-0.6364828379064437,-0.6364828379064437,3.0,0.9729550745276566,True
Ezreal|16.9,Ezreal,16.9,16.8,,21,26,True,50,11,0.2727272727272727,0,0.0,0.5,0.18904014015271234,0.0,0.0,0.34657359027997264,12,6.25,5.0,2.0,7.75,1.671757028685695,1.791759469228055,1.0986122886681098,2.1590549744594694,-5.9772727272727275,-5.0,-1.4827168885329827,-1.791759469228055,5.9772727272727275,1.4827168885329831,True
Gragas|16.9,Gragas,16.9,16.8,,4,5,False,50,2,0.0,0.0,0.0,0.0,0.0,0.0,0.0,0.0,3,4.333333333333333,3,3.0,5.0,1.617343421306539,1.3862943611198906,1.3862943611198906,1.732867951399863,-4.333333333333333,-3.0,-1.617343421306539,-1.3862943611198906,4.333333333333334,1.617343421306539,True
Kennen|16.9,Kennen,16.9,16.8,,5,4,False,50,3,0.6666666666666666,0,0.0,1.0,0.3662040962227033,0.0,0.0,0.5493061443340549,1,22.0,22,22.0,22.0,3.1354942159291497,3.1354942159291497,3.1354942159291497,3.1354942159291497,-21.333333333333332,-22,-2.7692901197064463,-3.1354942159291497,21.333333333333332,2.7692901197064463,True
Shyvana|16.9,Shyvana,16.9,16.8,,7,6,False,50,3,0.0,0,0.0,0.0,0.0,0.0,0.0,0.0,2,7.0,7.0,4.5,9.5,1.8317808230648231,1.8317808230648231,1.4651965558664664,2.19836509026318,-7.0,-7.0,-1.8317808230648231,-1.8317808230648231,7.0,1.8317808230648231,True
Tahm Kench|16.9,Tahm Kench,16.9,16.8,,0,0,False,50,0,,,,,,,,,0,,,,,,,,,,,,,,,False
Taliyah|16.9,Taliyah,16.9,16.8,,4,5,False,50,2,1.0,1.0,0.5,1.5,0.5493061443340549,0.5493061443340549,0.27465307216702745,0.8239592165010823,2,5.5,5.5,2.75,8.25,1.2424533248940002,1.2424533248940002,0.6212266624470001,1.8636799873410004,-4.5,-4.5,-0.6931471805599453,-0.6931471805599453,4.5,0.6931471805599453,True
Teemo|16.9,Teemo,16.9,16.8,,5,24,False,50,17,1.0,0,0.0,1.0,0.4554354130479871,0.0,0.0,0.6931471805599453,3,20.666666666666668,13,8.0,29.5,2.625166430815069,2.6390573296152584,2.0126758453675744,3.244602465662658,-19.666666666666668,-13,-2.169731017767082,-2.6390573296152584,19.66666666666667,2.169731017767082,True
Udyr|16.9,Udyr,16.9,16.8,,4,4,False,50,2,6.5,6.5,3.25,9.75,1.3195286648076292,1.3195286648076292,0.6597643324038146,1.9792929972114437,1,4.0,4,4.0,4.0,1.6094379124341003,1.6094379124341003,1.6094379124341003,1.6094379124341003,2.5,2.5,-0.2899092476264711,-0.2899092476264711,6.5,1.3195286648076292,True
Warwick|16.9,Warwick,16.9,16.8,,5,11,False,50,5,1.0,0,0.0,0.0,0.358351893845611,0.0,0.0,0.0,3,9.333333333333334,4,3.0,13.0,1.9478481390104534,1.6094379124341003,1.354025100551105,2.372466064181625,-8.333333333333334,-4,-1.5894962451648424,-1.6094379124341003,8.333333333333334,1.5894962451648424,True
Xin Zhao|16.9,Xin Zhao,16.9,16.8,,0,0,False,50,0,,,,,,,,,0,,,,,,,,,,,,,,,False
Zeri|16.9,Zeri,16.9,16.8,,5,5,False,50,4,0.25,0.0,0.0,0.25,0.17328679513998632,0.0,0.0,0.17328679513998632,1,1.0,1,1.0,1.0,0.6931471805599453,0.6931471805599453,0.6931471805599453,0.6931471805599453,-0.75,-1.0,-0.5198603854199589,-0.6931471805599453,0.75,0.5198603854199589,True
Zoe|16.9,Zoe,16.9,16.8,,3,1,False,50,0,,,,,,,,,0,,,,,,,,,,,,,,,False
Ambessa|16.10,Ambessa,16.10,16.9,,10,10,True,50,6,3.1666666666666665,0.0,0.0,0.75,0.6062643599543976,0.0,0.0,0.5198603854199589,4,1.75,2.0,0.75,3.0,0.8664339756999316,1.0397207708399179,0.5198603854199589,1.3862943611198906,1.4166666666666665,-2.0,-0.260169615745534,-1.0397207708399179,3.583333333333333,0.7795511550943839,True
Anivia|16.10,Anivia,16.10,16.9,,10,11,True,50,5,0.4,0,0.0,0.0,0.21972245773362195,0.0,0.0,0.0,5,7.4,1,1.0,15.0,1.5695525074947216,0.6931471805599453,0.6931471805599453,2.772588722239781,-7.0,-1,-1.3498300497610998,-0.6931471805599453,7.0,1.3498300497610998,True
Ashe|16.10,Ashe,16.10,16.9,,23,31,True,50,18,1.5,0.0,0.0,1.5,0.46950296605064956,0.0,0.0,0.8239592165010823,10,5.2,3.0,1.0,4.5,1.3733866568923765,1.3862943611198906,0.6931471805599453,1.690393192201014,-3.7,-3.0,-0.9038836908417269,-1.3862943611198906,3.699999999999999,0.9038836908417268,True
Galio|16.10,Galio,16.10,16.9,,15,20,True,50,12,0.25,0.0,0.0,0.0,0.11552453009332421,0.0,0.0,0.0,6,1.3333333333333333,1.0,0.25,1.75,0.6823907603703501,0.6931471805599453,0.17328679513998632,0.9972460116410686,-1.0833333333333333,-1.0,-0.5668662302770259,-0.6931471805599453,1.083333333333333,0.5668662302770258,True
Lee Sin|16.10,Lee Sin,16.10,16.9,,0,0,False,50,0,,,,,,,,,0,,,,,,,,,,,,,,,False
Naafiri|16.10,Naafiri,16.10,16.9,,12,8,False,50,5,0.4,0,0.0,0.0,0.21972245773362195,0.0,0.0,0.0,2,2.5,2.5,2.25,2.75,1.2424533248940002,1.2424533248940002,1.170532806781055,1.3143738430069454,-2.1,-2.5,-1.0227308671603783,-1.2424533248940002,2.1,1.0227308671603783,True
Quinn|16.10,Quinn,16.10,16.9,,3,4,False,50,3,0.3333333333333333,0,0.0,0.5,0.23104906018664842,0.0,0.0,0.34657359027997264,1,4.0,4,4.0,4.0,1.6094379124341003,1.6094379124341003,1.6094379124341003,1.6094379124341003,-3.6666666666666665,-4,-1.378388852247452,-1.6094379124341003,3.6666666666666665,1.378388852247452,True
Shyvana|16.10,Shyvana,16.10,16.9,,6,10,False,50,6,0.16666666666666666,0.0,0.0,0.0,0.11552453009332421,0.0,0.0,0.0,2,18.5,18.5,11.75,25.25,2.6441335153472676,2.6441335153472676,2.2179464922876613,3.070320538406874,-18.333333333333332,-18.5,-2.5286089852539435,-2.6441335153472676,18.333333333333332,2.5286089852539435,True
Wukong|16.10,Wukong,16.10,16.9,,0,0,False,50,0,,,,,,,,,0,,,,,,,,,,,,,,,False
Zed|16.10,Zed,16.10,16.9,,12,14,True,50,6,0.3333333333333333,0.0,0.0,0.0,0.18310204811135164,0.0,0.0,0.0,7,8.142857142857142,6,4.5,7.5,1.9348235464015495,1.9459101490553132,1.666102255087602,2.1383330595080277,-7.809523809523809,-6.0,-1.7517214982901979,-1.9459101490553132,7.80952380952381,1.7517214982901979,True
Zeri|16.10,Zeri,16.10,16.9,,5,5,False,50,2,0.0,0.0,0.0,0.0,0.0,0.0,0.0,0.0,1,5.0,5,5.0,5.0,1.791759469228055,1.791759469228055,1.791759469228055,1.791759469228055,-5.0,-5.0,-1.791759469228055,-1.791759469228055,5.0,1.791759469228055,True
Brand|16.11,Brand,16.11,16.10,,23,16,True,50,5,0.0,0,0.0,0.0,0.0,0.0,0.0,0.0,6,1.5,1.0,1.0,1.75,0.7979152904636743,0.6931471805599453,0.6931471805599453,0.9972460116410686,-1.5,-1.0,-0.7979152904636743,-0.6931471805599453,1.5,0.7979152904636744,True
Diana|16.11,Diana,16.11,16.10,,13,19,True,50,14,0.14285714285714285,0.0,0.0,0.0,0.09902102579427789,0.0,0.0,0.0,4,11.75,5.0,2.5,14.25,1.942450249000974,1.732867951399863,1.2130075659799042,2.4623106344209327,-11.607142857142858,-5.0,-1.8434292232066962,-1.732867951399863,11.607142857142858,1.843429223206696,True
Ekko|16.11,Ekko,16.11,16.10,,9,16,False,50,9,2.3333333333333335,0,0.0,1.0,0.6700761400290293,0.0,0.0,0.6931471805599453,6,10.833333333333334,6.0,2.0,8.5,1.8868800967858983,1.9356005054539454,0.9678002527269727,2.2467992051654933,-8.5,-6.0,-1.216803956756869,-1.9356005054539454,8.5,1.216803956756869,True
Heimerdinger|16.11,Heimerdinger,16.11,16.10,,6,7,False,50,3,0.0,0,0.0,0.0,0.0,0.0,0.0,0.0,3,9.0,8,7.0,10.5,2.2607306853355973,2.1972245773362196,2.0715673631957663,2.418140953475739,-9.0,-8,-2.2607306853355973,-2.1972245773362196,9.0,2.2607306853355973,True
Kassadin|16.11,Kassadin,16.11,16.10,,4,4,False,50,3,0.3333333333333333,0,0.0,0.5,0.23104906018664842,0.0,0.0,0.34657359027997264,0,,,,,,,,,,,,,,,False
Quinn|16.11,Quinn,16.11,16.10,,4,2,False,50,1,0.0,0,0.0,0.0,0.0,0.0,0.0,0.0,1,2.0,2,2.0,2.0,1.0986122886681098,1.0986122886681098,1.0986122886681098,1.0986122886681098,-2.0,-2,-1.0986122886681098,-1.0986122886681098,2.0,1.0986122886681098,True
Smolder|16.11,Smolder,16.11,16.10,,45,26,True,50,8,0.125,0.0,0.0,0.0,0.08664339756999316,0.0,0.0,0.0,14,4.357142857142857,2.5,1.0,5.75,1.297663153533367,1.1512925464970227,0.6931471805599453,1.9073724790984987,-4.232142857142857,-2.5,-1.2110197559633737,-1.1512925464970227,4.232142857142857,1.2110197559633735,True
Teemo|16.11,Teemo,16.11,16.10,,21,19,True,50,7,0.0,0,0.0,0.0,0.0,0.0,0.0,0.0,9,9.555555555555555,1,1.0,5.0,1.4093382716027874,0.6931471805599453,0.6931471805599453,1.791759469228055,-9.555555555555555,-1,-1.4093382716027874,-0.6931471805599453,9.555555555555557,1.4093382716027874,True
Xin Zhao|16.11,Xin Zhao,16.11,16.10,,0,0,False,50,0,,,,,,,,,0,,,,,,,,,,,,,,,False
Aatrox|16.12,Aatrox,16.12,16.11,,14,13,True,50,5,0.0,0,0.0,0.0,0.0,0.0,0.0,0.0,6,6.333333333333333,2.5,1.25,8.25,1.4519072198459109,1.2424533248940002,0.7945134575869863,2.1449950448787507,-6.333333333333333,-2.5,-1.4519072198459109,-1.2424533248940002,6.333333333333334,1.4519072198459109,True
Gwen|16.12,Gwen,16.12,16.11,,8,5,False,50,2,0.0,0.0,0.0,0.0,0.0,0.0,0.0,0.0,3,5.666666666666667,4,2.5,8.0,1.6225114834851941,1.6094379124341003,1.1512925464970227,2.0871936349478184,-5.666666666666667,-4.0,-1.6225114834851941,-1.6094379124341003,5.666666666666667,1.6225114834851941,True
Hwei|16.12,Hwei,16.12,16.11,,9,12,False,50,6,0.6666666666666666,0.0,0.0,0.0,0.26823965207235007,0.0,0.0,0.0,6,6.833333333333333,6.5,4.25,8.75,1.939779445045965,1.9944920232821373,1.6550183016325888,2.276244964079589,-6.166666666666666,-6.5,-1.6715397929736149,-1.9944920232821373,6.166666666666666,1.671539792973615,True
Jax|16.12,Jax,16.12,16.11,,15,12,True,50,6,0.0,0.0,0.0,0.0,0.0,0.0,0.0,0.0,6,9.166666666666666,3.0,1.0,8.0,1.639557958338597,1.2424533248940002,0.6931471805599453,2.1748786870525483,-9.166666666666666,-3.0,-1.639557958338597,-1.2424533248940002,9.166666666666666,1.6395579583385969,True
Lee Sin|16.12,Lee Sin,16.12,16.11,,0,0,False,50,0,,,,,,,,,0,,,,,,,,,,,,,,,False
Nocturne|16.12,Nocturne,16.12,16.11,,13,12,True,50,6,0.16666666666666666,0.0,0.0,0.0,0.11552453009332421,0.0,0.0,0.0,5,6.4,5,5.0,8.0,1.9576153402049603,1.791759469228055,1.791759469228055,2.1972245773362196,-6.233333333333333,-5.0,-1.842090810111636,-1.791759469228055,6.233333333333334,1.8420908101116356,True
Orianna|16.12,Orianna,16.12,16.11,,12,12,True,50,7,1.0,0,0.0,1.0,0.4540076900497065,0.0,0.0,0.6931471805599453,5,5.6,2,1.0,6.0,1.346680378367472,1.0986122886681098,0.6931471805599453,1.9459101490553132,-4.6,-2,-0.8926726883177654,-1.0986122886681098,4.6,0.8926726883177651,True
Ryze|16.12,Ryze,16.12,16.11,,2,9,False,50,8,3.0,0.0,0.0,1.5,0.6404954974254073,0.0,0.0,0.8664339756999315,1,10.0,10,10.0,10.0,2.3978952727983707,2.3978952727983707,2.3978952727983707,2.3978952727983707,-7.0,-10.0,-1.7573997753729633,-2.3978952727983707,9.5,1.9190565666042263,True
Sylas|16.12,Sylas,16.12,16.11,,15,28,True,50,17,0.5882352941176471,0,0.0,0.0,0.2684910700863433,0.0,0.0,0.0,8,4.875,4.0,2.0,6.5,1.5970637090121476,1.5890269151739727,1.0986122886681098,2.0087387561255396,-4.286764705882353,-4.0,-1.3285726389258041,-1.5890269151739727,4.286764705882353,1.3285726389258041,True
Syndra|16.12,Syndra,16.12,16.11,,9,14,False,50,11,1.3636363636363635,0,0.0,0.5,0.42731639689021966,0.0,0.0,0.34657359027997264,2,12.0,12.0,6.5,17.5,1.9356005054539456,1.9356005054539456,1.3143738430069454,2.5568271679009458,-10.636363636363637,-12.0,-1.508284108563726,-1.9356005054539456,10.636363636363637,1.508284108563726,True
Tristana|16.12,Tristana,16.12,16.11,,6,12,False,50,7,0.42857142857142855,0,0.0,0.0,0.19804205158855578,0.0,0.0,0.0,2,2.5,2.5,2.25,2.75,1.2424533248940002,1.2424533248940002,1.170532806781055,1.3143738430069454,-2.0714285714285716,-2.5,-1.0444112733054445,-1.2424533248940002,2.071428571428571,1.0444112733054443,True
Varus|16.12,Varus,16.12,16.11,,8,7,False,50,2,15.0,15.0,7.5,22.5,1.7169936022425731,1.7169936022425731,0.8584968011212866,2.57549040336386,5,9.2,3,1.0,5.0,1.635053220822412,1.3862943611198906,0.6931471805599453,1.791759469228055,5.800000000000001,12.0,0.08194038142016113,0.33069924112268256,9.6,0.9844892813557267,True
Xin Zhao|16.12,Xin Zhao,16.12,16.11,,0,0,False,50,0,,,,,,,,,0,,,,,,,,,,,,,,,False
Yuumi|16.12,Yuumi,16.12,16.11,,5,8,False,50,7,0.5714285714285714,0,0.0,1.0,0.31388922533374564,0.0,0.0,0.5493061443340549,1,1.0,1,1.0,1.0,0.6931471805599453,0.6931471805599453,0.6931471805599453,0.6931471805599453,-0.4285714285714286,-1,-0.37925795522619965,-0.6931471805599453,1.0,0.6109523027165793,True
Aphelios|16.13,Aphelios,16.13,16.12,,8,10,False,50,5,4.0,4,0.0,6.0,1.1906486668575567,1.6094379124341003,0.0,1.9459101490553132,4,4.75,1.5,1.0,5.25,1.3143738430069454,0.8958797346140275,0.6931471805599453,1.5171063970610277,-0.75,2.5,-0.12372517614938872,0.7135581778200728,2.95,0.6633378053935787,True
Bard|16.13,Bard,16.13,16.12,,10,14,True,50,8,0.875,0.0,0.0,1.25,0.42514967270776943,0.0,0.0,0.7945134575869863,4,2.5,1.5,0.0,4.0,0.8664339756999315,0.6931471805599453,0.0,1.5595811562598767,-1.625,-1.5,-0.4412843029921621,-0.6931471805599453,1.625,0.44128430299216215,True
Brand|16.13,Brand,16.13,16.12,,23,25,True,50,16,0.125,0.0,0.0,0.0,0.08664339756999316,0.0,0.0,0.0,9,3.888888888888889,1,0.0,7.0,1.1153353828326371,0.6931471805599453,0.0,2.0794415416798357,-3.763888888888889,-1.0,-1.028691985262644,-0.6931471805599453,3.763888888888889,1.0286919852626442,True
Cassiopeia|16.13,Cassiopeia,16.13,16.12,,5,2,False,50,0,,,,,,,,,2,4.0,4.0,3.5,4.5,1.5890269151739727,1.5890269151739727,1.4876606381469317,1.690393192201014,,,,,,,False
Draven|16.13,Draven,16.13,16.12,,8,17,False,50,9,1.2222222222222223,0,0.0,1.0,0.4098754949015485,0.0,0.0,0.6931471805599453,7,9.428571428571429,4,1.5,11.0,1.616492808629228,1.6094379124341003,0.6931471805599453,2.34106561356211,-8.206349206349206,-4,-1.2066173137276794,-1.6094379124341003,8.206349206349206,1.2066173137276792,True
K'Sante|16.13,K'Sante,16.13,16.12,,0,0,False,50,0,,,,,,,,,0,,,,,,,,,,,,,,,False
Kai'Sa|16.13,Kai'Sa,16.13,16.12,,0,0,False,50,0,,,,,,,,,0,,,,,,,,,,,,,,,False
LeBlanc|16.13,LeBlanc,16.13,16.12,,0,0,False,50,0,,,,,,,,,0,,,,,,,,,,,,,,,False
Olaf|16.13,Olaf,16.13,16.12,,7,9,False,50,8,0.0,0.0,0.0,0.0,0.0,0.0,0.0,0.0,1,1.0,1,1.0,1.0,0.6931471805599453,0.6931471805599453,0.6931471805599453,0.6931471805599453,-1.0,-1.0,-0.6931471805599453,-0.6931471805599453,1.0,0.6931471805599453,True
Poppy|16.13,Poppy,16.13,16.12,,5,20,False,50,18,0.3333333333333333,0.0,0.0,0.0,0.1925408834888737,0.0,0.0,0.0,2,9.5,9.5,6.75,12.25,2.1910133173369406,2.1910133173369406,1.9002256148855206,2.4818010197883607,-9.166666666666666,-9.5,-1.9984724338480668,-2.1910133173369406,9.166666666666666,1.9984724338480673,True
Qiyana|16.13,Qiyana,16.13,16.12,,6,5,False,50,2,0.0,0.0,0.0,0.0,0.0,0.0,0.0,0.0,3,9.666666666666666,11,7.0,13.0,2.214596577715891,2.4849066497880004,1.9356005054539454,2.6287476860138907,-9.666666666666666,-11.0,-2.214596577715891,-2.4849066497880004,9.666666666666668,2.2145965777158905,True
Rek'Sai|16.13,Rek'Sai,16.13,16.12,,0,0,False,50,0,,,,,,,,,0,,,,,,,,,,,,,,,False
Rumble|16.13,Rumble,16.13,16.12,,6,8,False,50,4,1.0,0.0,0.0,1.0,0.40235947810852507,0.0,0.0,0.40235947810852507,2,1.5,1.5,1.25,1.75,0.8958797346140275,0.8958797346140275,0.7945134575869863,0.9972460116410686,-0.5,-1.5,-0.4935202565055024,-0.8958797346140275,1.5,0.7489330683884977,True
Senna|16.13,Senna,16.13,16.12,,34,43,True,50,22,0.5,0.0,0.0,0.0,0.2491199510609996,0.0,0.0,0.0,16,4.0625,2.0,1.0,3.5,1.1639620618996285,1.0986122886681098,0.6931471805599453,1.4876606381469317,-3.5625,-2.0,-0.9148421108386289,-1.0986122886681098,3.5625,0.9148421108386288,True
Sion|16.13,Sion,16.13,16.12,,13,14,True,50,10,0.5,0.0,0.0,0.0,0.23025850929940456,0.0,0.0,0.0,3,6.333333333333333,3,2.5,8.5,1.7309856169634035,1.3862943611198906,1.2424533248940002,2.04717228111105,-5.833333333333333,-3.0,-1.500727107663999,-1.3862943611198906,5.833333333333334,1.500727107663999,True
Vex|16.13,Vex,16.13,16.12,,5,7,False,50,4,0.0,0.0,0.0,0.0,0.0,0.0,0.0,0.0,3,14.666666666666666,1,0.5,22.0,1.4924456048260686,0.6931471805599453,0.34657359027997264,2.238668407239103,-14.666666666666666,-1.0,-1.4924456048260686,-0.6931471805599453,14.666666666666668,1.4924456048260688,True
Zaahen|16.13,Zaahen,16.13,16.12,,8,7,False,50,3,3.6666666666666665,0,0.0,5.5,0.8283022165960001,0.0,0.0,1.2424533248940002,2,1.5,1.5,0.75,2.25,0.6931471805599453,0.6931471805599453,0.34657359027997264,1.0397207708399179,2.1666666666666665,-1.5,0.13515503603605483,-0.6931471805599453,3.166666666666667,0.5972531564093516,True
Azir|16.14,Azir,16.14,16.13,,6,7,False,50,2,0.0,0.0,0.0,0.0,0.0,0.0,0.0,0.0,5,14.6,11,3.0,15.0,2.3007204275018687,2.4849066497880004,1.3862943611198906,2.772588722239781,-14.6,-11.0,-2.3007204275018687,-2.4849066497880004,14.599999999999998,2.3007204275018687,True
Corki|16.14,Corki,16.14,16.13,,5,7,False,50,5,0.0,0,0.0,0.0,0.0,0.0,0.0,0.0,2,2.0,2.0,1.0,3.0,0.8047189562170501,0.8047189562170501,0.40235947810852507,1.2070784343255752,-2.0,-2.0,-0.8047189562170501,-0.8047189562170501,2.0,0.8047189562170501,True
Garen|16.14,Garen,16.14,16.13,,31,15,True,50,5,0.0,0,0.0,0.0,0.0,0.0,0.0,0.0,10,3.6,1.0,0.25,4.75,1.0555812738575818,0.6931471805599453,0.17328679513998632,1.7461790800295665,-3.6,-1.0,-1.0555812738575818,-0.6931471805599453,3.5999999999999996,1.0555812738575818,True
Jayce|16.14,Jayce,16.14,16.13,,11,15,True,50,10,5.2,0.5,0.0,1.75,0.7699842407396986,0.34657359027997264,0.0,0.9972460116410686,5,2.6,3,1.0,4.0,1.0961277846683983,1.3862943611198906,0.6931471805599453,1.6094379124341003,2.6,-2.5,-0.3261435439286997,-1.0397207708399179,5.399999999999999,0.7335199293809076,True
Locke|16.14,Locke,16.14,16.13,,31,20,True,50,7,0.0,0,0.0,0.0,0.0,0.0,0.0,0.0,11,5.454545454545454,5,3.5,6.5,1.7463460883167456,1.791759469228055,1.4978661367769954,2.0126758453675744,-5.454545454545454,-5,-1.7463460883167456,-1.791759469228055,5.454545454545455,1.7463460883167456,True
Mordekaiser|16.14,Mordekaiser,16.14,16.13,,16,29,True,50,16,0.5625,0.0,0.0,0.0,0.1806482348685103,0.0,0.0,0.0,8,2.75,1.5,1.0,3.75,1.0884353647324212,0.8958797346140275,0.6931471805599453,1.5261983081037462,-2.1875,-1.5,-0.9077871298639109,-0.8958797346140275,2.1875,0.9077871298639107,True
Nami|16.14,Nami,16.14,16.13,,17,13,True,50,5,1.2,0,0.0,0.0,0.38918202981106265,0.0,0.0,0.0,7,14.0,6,3.0,19.0,2.0345044216038697,1.9459101490553132,1.3862943611198906,2.8156058909106827,-12.8,-6,-1.645322391792807,-1.9459101490553132,12.8,1.6453223917928073,True
Senna|16.14,Senna,16.14,16.13,,43,27,True,50,15,0.8,0,0.0,0.5,0.33132088663840004,0.0,0.0,0.34657359027997264,10,5.5,2.5,1.25,6.0,1.4478404695353198,1.2424533248940002,0.7945134575869863,1.9459101490553132,-4.7,-2.5,-1.1165195828969197,-1.2424533248940002,4.699999999999999,1.1165195828969199,True
Seraphine|16.14,Seraphine,16.14,16.13,,48,29,True,50,7,0.0,0,0.0,0.0,0.0,0.0,0.0,0.0,21,7.142857142857143,3,2.0,12.0,1.6747451205252464,1.3862943611198906,1.0986122886681098,2.5649493574615367,-7.142857142857143,-3,-1.6747451205252464,-1.3862943611198906,7.142857142857143,1.6747451205252464,True
Yunara|16.14,Yunara,16.14,16.13,,15,14,True,50,5,0.6,0,0.0,0.0,0.2772588722239781,0.0,0.0,0.0,7,5.428571428571429,2,0.5,8.5,1.3194297312463945,1.0986122886681098,0.34657359027997264,2.2499048351651325,-4.828571428571429,-2,-1.0421708590224164,-1.0986122886681098,4.828571428571429,1.0421708590224164,True
Alistar|16.15,Alistar,16.15,16.14,,10,12,True,50,7,0.0,0,0.0,0.0,0.0,0.0,0.0,0.0,5,2.8,1,1.0,6.0,1.0556229318461035,0.6931471805599453,0.6931471805599453,1.9459101490553132,-2.8,-1,-1.0556229318461035,-0.6931471805599453,2.8,1.0556229318461035,True
Bel'Veth|16.15,Bel'Veth,16.15,16.14,,0,0,False,50,0,,,,,,,,,0,,,,,,,,,,,,,,,False
Kai'Sa|16.15,Kai'Sa,16.15,16.14,,0,0,False,50,0,,,,,,,,,0,,,,,,,,,,,,,,,False
Locke|16.15,Locke,16.15,16.14,,20,17,True,50,8,0.375,0.0,0.0,0.25,0.22396993365350687,0.0,0.0,0.17328679513998632,8,5.625,5.0,1.75,8.25,1.6449978511488295,1.732867951399863,0.9972460116410686,2.2008184956252608,-5.25,-5.0,-1.4210279174953226,-1.732867951399863,5.25,1.4210279174953226,True
Maokai|16.15,Maokai,16.15,16.14,,4,8,False,50,7,0.0,0,0.0,0.0,0.0,0.0,0.0,0.0,1,6.0,6,6.0,6.0,1.9459101490553132,1.9459101490553132,1.9459101490553132,1.9459101490553132,-6.0,-6,-1.9459101490553132,-1.9459101490553132,6.0,1.9459101490553132,True
Mordekaiser|16.15,Mordekaiser,16.15,16.14,,29,18,True,50,10,0.0,0.0,0.0,0.0,0.0,0.0,0.0,0.0,8,2.875,2.0,0.75,3.0,1.0284887296996854,1.0986122886681098,0.5198603854199589,1.3862943611198906,-2.875,-2.0,-1.0284887296996854,-1.0986122886681098,2.875,1.0284887296996854,True
Naafiri|16.15,Naafiri,16.15,16.14,,11,8,False,50,5,0.0,0,0.0,0.0,0.0,0.0,0.0,0.0,3,1.6666666666666667,2,1.5,2.0,0.963457252632055,1.0986122886681098,0.8958797346140275,1.0986122886681098,-1.6666666666666667,-2,-0.963457252632055,-1.0986122886681098,1.6666666666666667,0.9634572526320551,True
Riven|16.15,Riven,16.15,16.14,,9,7,False,50,3,0.0,0,0.0,0.0,0.0,0.0,0.0,0.0,3,23.0,18,12.5,31.0,2.9435143368721985,2.9444389791664403,2.5119402604231382,3.37555073446838,-23.0,-18,-2.9435143368721985,-2.9444389791664403,23.0,2.9435143368721985,True
Sylas|16.15,Sylas,16.15,16.14,,37,32,True,50,16,1.1875,0.0,0.0,2.25,0.5411682971056211,0.0,0.0,1.170532806781055,15,3.1333333333333333,2,1.0,3.0,1.155812542311737,1.0986122886681098,0.6931471805599453,1.3862943611198906,-1.9458333333333333,-2.0,-0.6146442452061158,-1.0986122886681098,1.945833333333333,0.6146442452061157,True
Volibear|16.15,Volibear,16.15,16.14,,9,10,False,50,5,3.6,1,0.0,2.0,0.9128696382935673,0.6931471805599453,0.0,1.0986122886681098,5,4.2,4,2.0,6.0,1.5088664216107377,1.6094379124341003,1.0986122886681098,1.9459101490553132,-0.6000000000000001,-3,-0.5959967833171704,-0.916290731874155,3.3999999999999995,0.8261424412785949,True
Zac|16.15,Zac,16.15,16.14,,7,7,False,50,1,0.0,0,0.0,0.0,0.0,0.0,0.0,0.0,5,21.6,7,5.0,44.0,2.541660284414129,2.0794415416798357,1.791759469228055,3.8066624897703196,-21.6,-7,-2.541660284414129,-2.0794415416798357,21.6,2.541660284414129,True
Azir|16.16,Azir,16.16,16.15,,6,9,False,50,6,0.0,0.0,0.0,0.0,0.0,0.0,0.0,0.0,3,23.333333333333332,14,13.0,29.0,3.0265540161113553,2.70805020110221,2.6364997792818734,3.257356345436265,-23.333333333333332,-14.0,-3.0265540161113553,-2.70805020110221,23.333333333333336,3.0265540161113558,True
Bel'Veth|16.16,Bel'Veth,16.16,16.15,,0,0,False,50,0,,,,,,,,,0,,,,,,,,,,,,,,,False
Camille|16.16,Camille,16.16,16.15,,16,14,True,50,8,2.5,0.5,0.0,4.0,0.7996162069020183,0.34657359027997264,0.0,1.6094379124341003,6,4.333333333333333,2.0,1.25,5.75,1.383669634958534,1.0986122886681098,0.7945134575869863,1.8342342284269042,-1.833333333333333,-1.5,-0.5840534280565157,-0.7520386983881371,1.9999999999999998,0.626622230037015,True
Gwen|16.16,Gwen,16.16,16.15,,2,9,False,50,7,0.2857142857142857,0,0.0,0.5,0.19804205158855578,0.0,0.0,0.34657359027997264,1,5.0,5,5.0,5.0,1.791759469228055,1.791759469228055,1.791759469228055,1.791759469228055,-4.714285714285714,-5,-1.5937174176394993,-1.791759469228055,4.714285714285714,1.593717417639499,True
Kennen|16.16,Kennen,16.16,16.15,,2,5,False,50,5,4.4,0,0.0,0.0,0.62709884318583,0.0,0.0,0.0,0,,,,,,,,,,,,,,,False
Nasus|16.16,Nasus,16.16,16.15,,20,38,True,50,26,0.07692307692307693,0.0,0.0,0.0,0.0422543187949273,0.0,0.0,0.0,11,1.4545454545454546,1,0.0,1.5,0.6751408247633913,0.6931471805599453,0.0,0.8958797346140275,-1.3776223776223777,-1.0,-0.6328865059684641,-0.6931471805599453,1.3776223776223777,0.6328865059684641,True
Poppy|16.16,Poppy,16.16,16.15,,10,15,True,50,10,0.3,0.0,0.0,0.0,0.1791759469228055,0.0,0.0,0.0,5,3.0,1,0.0,3.0,0.9128696382935673,0.6931471805599453,0.0,1.3862943611198906,-2.7,-1.0,-0.7336936913707618,-0.6931471805599453,2.6999999999999997,0.7336936913707617,True
Aurelion Sol|16.17,Aurelion Sol,16.17,16.16,,0,0,False,50,0,,,,,,,,,0,,,,,,,,,,,,,,,False
Cho'Gath|16.17,Cho'Gath,16.17,16.16,,0,0,False,50,0,,,,,,,,,0,,,,,,,,,,,,,,,False
Graves|16.17,Graves,16.17,16.16,,24,20,True,50,7,0.2857142857142857,0,0.0,0.0,0.15694461266687282,0.0,0.0,0.0,11,3.090909090909091,3,1.5,4.5,1.2496626444474837,1.3862943611198906,0.8958797346140275,1.7005986908310775,-2.8051948051948052,-3,-1.0927180317806109,-1.3862943611198906,2.8051948051948057,1.092718031780611,True
Irelia|16.17,Irelia,16.17,16.16,,10,14,True,50,8,0.0,0.0,0.0,0.0,0.0,0.0,0.0,0.0,5,10.8,3,2.0,5.0,1.6166657217572749,1.3862943611198906,1.0986122886681098,1.791759469228055,-10.8,-3.0,-1.6166657217572749,-1.3862943611198906,10.799999999999997,1.616665721757275,True
LeBlanc|16.17,LeBlanc,16.17,16.16,,0,0,False,50,0,,,,,,,,,0,,,,,,,,,,,,,,,False
Nasus|16.17,Nasus,16.17,16.16,,38,31,True,50,14,0.07142857142857142,0.0,0.0,0.0,0.049510512897138946,0.0,0.0,0.0,15,2.0,1,0.5,3.0,0.838047717274539,0.6931471805599453,0.34657359027997264,1.354025100551105,-1.9285714285714286,-1.0,-0.7885372043774,-0.6931471805599453,1.9285714285714288,0.7885372043774,True
Nocturne|16.17,Nocturne,16.17,16.16,,20,15,True,50,8,0.625,0.0,0.0,1.25,0.3612964697370206,0.0,0.0,0.7945134575869863,6,6.5,2.0,0.25,9.0,1.2972040027226728,1.0397207708399179,0.17328679513998632,2.210253577620973,-5.875,-2.0,-0.9359075329856521,-1.0397207708399179,5.875,0.9359075329856521,True
Qiyana|16.17,Qiyana,16.17,16.16,,9,13,False,50,8,1.375,0.0,0.0,0.0,0.31061333122350004,0.0,0.0,0.0,5,16.8,18,8.0,19.0,2.574718855690229,2.9444389791664403,2.1972245773362196,2.995732273553991,-15.425,-18.0,-2.264105524466729,-2.9444389791664403,15.425,2.2641055244667294,True
Thresh|16.17,Thresh,16.17,16.16,,20,18,True,50,10,0.4,0.0,0.0,0.0,0.20794415416798356,0.0,0.0,0.0,7,3.7142857142857144,3,1.0,5.0,1.2178801944379163,1.3862943611198906,0.5493061443340549,1.7776740307447068,-3.3142857142857145,-3.0,-1.0099360402699327,-1.3862943611198906,3.314285714285714,1.0099360402699329,True
Trundle|16.17,Trundle,16.17,16.16,,5,4,False,50,2,0.0,0.0,0.0,0.0,0.0,0.0,0.0,0.0,2,0.5,0.5,0.25,0.75,0.34657359027997264,0.34657359027997264,0.17328679513998632,0.5198603854199589,-0.5,-0.5,-0.34657359027997264,-0.34657359027997264,0.5,0.34657359027997264,True
Vayne|16.17,Vayne,16.17,16.16,,17,10,True,50,5,0.4,0,0.0,1.0,0.2772588722239781,0.0,0.0,0.6931471805599453,4,2.25,2.5,1.5,3.25,1.023586140555525,1.2424533248940002,0.8239592165010823,1.442080248948443,-1.85,-2.5,-0.746327268331547,-1.2424533248940002,1.85,0.746327268331547,True
Xerath|16.17,Xerath,16.17,16.16,,17,18,True,50,11,0.5454545454545454,0,0.0,0.0,0.2520535202036165,0.0,0.0,0.0,7,8.0,2,1.5,5.0,1.4419681827113229,1.0986122886681098,0.8958797346140275,1.732867951399863,-7.454545454545455,-2,-1.1899146625077064,-1.0986122886681098,7.454545454545456,1.1899146625077066,True
Yasuo|16.17,Yasuo,16.17,16.16,,23,28,True,50,14,5.928571428571429,0.0,0.0,1.75,0.7520865754841886,0.0,0.0,0.9972460116410686,13,5.538461538461538,2,0.0,9.0,1.2934182863395987,1.0986122886681098,0.0,2.302585092994046,0.3901098901098905,-2.0,-0.5413317108554101,-1.0986122886681098,5.0054945054945055,0.7276745113673369,True
Yone|16.17,Yone,16.17,16.16,,20,28,True,50,15,0.06666666666666667,0,0.0,0.0,0.046209812037329684,0.0,0.0,0.0,11,2.8181818181818183,2,1.5,3.0,1.1497888000231102,1.0986122886681098,0.8958797346140275,1.3862943611198906,-2.7515151515151515,-2,-1.1035789879857805,-1.0986122886681098,2.751515151515152,1.1035789879857802,True
Akshan|16.1,Akshan,16.1,15.24,,8,4,False,100,0,,,,,,,,,2,21.0,21.0,16.5,25.5,2.9994682809733417,2.9994682809733417,2.7822088192174395,3.216727742729244,,,,,,,False
Aphelios|16.1,Aphelios,16.1,15.24,,12,19,True,100,7,10.428571428571429,0,0.0,2.5,0.8608379962607593,0.0,0.0,0.8958797346140275,2,6.0,6.0,3.5,8.5,1.5890269151739729,1.5890269151739729,1.141087047866959,2.0369667824809867,4.428571428571429,-6.0,-0.7281889189132136,-1.5890269151739729,11.85714285714286,1.2279603060015734,True
Ashe|16.1,Ashe,16.1,15.24,,24,7,False,100,2,0.5,0.5,0.25,0.75,0.34657359027997264,0.34657359027997264,0.17328679513998632,0.5198603854199589,3,7.0,2,1.5,10.0,1.5787328161314986,1.0986122886681098,0.8958797346140275,2.021525633917275,-6.5,-1.5,-1.232159225851526,-0.7520386983881371,6.500000000000001,1.232159225851526,True
Caitlyn|16.1,Caitlyn,16.1,15.24,,22,31,True,100,7,2.142857142857143,0,0.0,1.5,0.6223869752413702,0.0,0.0,0.8958797346140275,8,5.625,2.5,1.0,8.75,1.4436330639482626,1.2424533248940002,0.6931471805599453,2.2365937065354293,-3.482142857142857,-2.5,-0.8212460887068924,-1.2424533248940002,3.4821428571428568,0.8212460887068924,True
Cassiopeia|16.1,Cassiopeia,16.1,15.24,,9,3,False,100,1,0.0,0,0.0,0.0,0.0,0.0,0.0,0.0,1,29.0,29,29.0,29.0,3.4011973816621555,3.4011973816621555,3.4011973816621555,3.4011973816621555,-29.0,-29,-3.4011973816621555,-3.4011973816621555,29.0,3.4011973816621555,True
Corki|16.1,Corki,16.1,15.24,,6,5,False,100,0,,,,,,,,,0,,,,,,,,,,,,,,,False
Draven|16.1,Draven,16.1,15.24,,7,5,False,100,1,35.0,35,35.0,35.0,3.58351893845611,3.58351893845611,3.58351893845611,3.58351893845611,3,9.666666666666666,9,7.0,12.0,2.288977761487294,2.302585092994046,2.0471722811110507,2.5375869076169133,25.333333333333336,26,1.2945411769688158,1.280933845462064,25.333333333333332,1.2945411769688158,True
Elise|16.1,Elise,16.1,15.24,,5,4,False,100,2,0.5,0.5,0.25,0.75,0.34657359027997264,0.34657359027997264,0.17328679513998632,0.5198603854199589,0,,,,,,,,,,,,,,,False
Gangplank|16.1,Gangplank,16.1,15.24,,2,5,False,100,5,19.8,0,0.0,1.0,1.0576534061389071,0.0,0.0,0.6931471805599453,0,,,,,,,,,,,,,,,False
Garen|16.1,Garen,16.1,15.24,,18,15,True,100,6,0.16666666666666666,0.0,0.0,0.0,0.11552453009332421,0.0,0.0,0.0,4,6.25,6.0,2.25,10.0,1.5819841959322987,1.8444397270569683,1.0397207708399179,2.386703152149349,-6.083333333333333,-6.0,-1.4664596658389744,-1.8444397270569683,6.083333333333334,1.4664596658389746,True
Graves|16.1,Graves,16.1,15.24,,9,7,False,100,2,0.0,0.0,0.0,0.0,0.0,0.0,0.0,0.0,1,3.0,3,3.0,3.0,1.3862943611198906,1.3862943611198906,1.3862943611198906,1.3862943611198906,-3.0,-3.0,-1.3862943611198906,-1.3862943611198906,3.0,1.3862943611198906,True
Jax|16.1,Jax,16.1,15.24,,19,19,True,100,6,7.666666666666667,1.0,0.0,5.75,1.135939998345722,0.5493061443340549,0.0,1.8342342284269042,6,33.5,28.0,4.25,49.5,2.828812641451932,3.1567740231385475,1.4451858789480823,3.9205931380583445,-25.833333333333332,-27.0,-1.6928726431062102,-2.6074678788044925,25.833333333333336,1.6928726431062102,True
Jhin|16.1,Jhin,16.1,15.24,,30,17,True,100,4,0.5,0.0,0.0,0.5,0.27465307216702745,0.0,0.0,0.27465307216702745,8,5.5,2.5,2.0,8.0,1.5892708176903805,1.2424533248940002,1.0986122886681098,2.1972245773362196,-5.0,-2.5,-1.314617745523353,-1.2424533248940002,5.0,1.314617745523353,True
Jinx|16.1,Jinx,16.1,15.24,,16,21,True,100,2,15.5,15.5,10.75,20.25,2.6020033435383976,2.6020033435383976,2.2739567462968555,2.93004994077994,7,7.857142857142857,4,3.0,12.0,1.9359350017328298,1.6094379124341003,1.3862943611198906,2.5375869076169133,7.642857142857143,11.5,0.6660683418055677,0.9925654311042973,7.642857142857142,0.6660683418055677,True
Kindred|16.1,Kindred,16.1,15.24,,9,7,False,100,1,1.0,1,1.0,1.0,0.6931471805599453,0.6931471805599453,0.6931471805599453,0.6931471805599453,1,76.0,76,76.0,76.0,4.343805421853684,4.343805421853684,4.343805421853684,4.343805421853684,-75.0,-75,-3.6506582412937387,-3.6506582412937387,75.0,3.6506582412937387,True
Lucian|16.1,Lucian,16.1,15.24,,17,21,True,100,3,0.0,0,0.0,0.0,0.0,0.0,0.0,0.0,4,6.25,2.0,1.75,6.5,1.483723548904897,1.0986122886681098,0.9972460116410686,1.585089825931938,-6.25,-2.0,-1.483723548904897,-1.0986122886681098,6.25,1.483723548904897,True
Miss Fortune|16.1,Miss Fortune,16.1,15.24,,0,0,False,100,0,,,,,,,,,0,,,,,,,,,,,,,,,False
Nilah|16.1,Nilah,16.1,15.24,,3,4,False,100,2,0.5,0.5,0.25,0.75,0.34657359027997264,0.34657359027997264,0.17328679513998632,0.5198603854199589,1,2.0,2,2.0,2.0,1.0986122886681098,1.0986122886681098,1.0986122886681098,1.0986122886681098,-1.5,-1.5,-0.7520386983881371,-0.7520386983881371,1.5,0.7520386983881371,True
Quinn|16.1,Quinn,16.1,15.24,,6,5,False,100,2,0.5,0.5,0.25,0.75,0.34657359027997264,0.34657359027997264,0.17328679513998632,0.5198603854199589,1,4.0,4,4.0,4.0,1.6094379124341003,1.6094379124341003,1.6094379124341003,1.6094379124341003,-3.5,-3.5,-1.2628643221541276,-1.2628643221541276,3.5,1.2628643221541276,True
Rengar|16.1,Rengar,16.1,15.24,,8,5,False,100,2,0.0,0.0,0.0,0.0,0.0,0.0,0.0,0.0,0,,,,,,,,,,,,,,,False
Samira|16.1,Samira,16.1,15.24,,9,4,False,100,2,0.0,0.0,0.0,0.0,0.0,0.0,0.0,0.0,1,1.0,1,1.0,1.0,0.6931471805599453,0.6931471805599453,0.6931471805599453,0.6931471805599453,-1.0,-1.0,-0.6931471805599453,-0.6931471805599453,1.0,0.6931471805599453,True
Senna|16.1,Senna,16.1,15.24,,13,10,True,100,5,0.4,0,0.0,1.0,0.2772588722239781,0.0,0.0,0.6931471805599453,0,,,,,,,,,,,,,,,False
Shaco|16.1,Shaco,16.1,15.24,,9,9,False,100,1,0.0,0,0.0,0.0,0.0,0.0,0.0,0.0,4,25.75,5.0,2.5,28.25,2.172870644128232,1.732867951399863,1.2130075659799042,2.6927310295481908,-25.75,-5.0,-2.172870644128232,-1.732867951399863,25.75,2.1728706441282317,True
Sivir|16.1,Sivir,16.1,15.24,,8,20,False,100,9,2.2222222222222223,0,0.0,0.0,0.3382802708581581,0.0,0.0,0.0,3,3.0,3,2.5,3.5,1.3647815207407001,1.3862943611198906,1.2424533248940002,1.4978661367769954,-0.7777777777777777,-3,-1.026501249882542,-1.3862943611198906,4.333333333333334,1.3454089221690584,True
Smolder|16.1,Smolder,16.1,15.24,,19,18,True,100,5,0.4,0,0.0,0.0,0.21972245773362195,0.0,0.0,0.0,4,13.75,8.0,5.0,16.75,2.2700009675620447,2.171902710926842,1.7340856839585124,2.7078179945303744,-13.35,-8.0,-2.0502785098284226,-2.171902710926842,13.35,2.050278509828423,True
Tristana|16.1,Tristana,16.1,15.24,,18,10,True,100,4,0.0,0.0,0.0,0.0,0.0,0.0,0.0,0.0,0,,,,,,,,,,,,,,,False
Tryndamere|16.1,Tryndamere,16.1,15.24,,1,8,False,100,4,0.25,0.0,0.0,0.25,0.17328679513998632,0.0,0.0,0.17328679513998632,0,,,,,,,,,,,,,,,False
Twitch|16.1,Twitch,16.1,15.24,,9,16,False,100,5,0.8,0,0.0,0.0,0.32188758248682003,0.0,0.0,0.0,4,2.25,1.0,0.75,2.5,0.8664339756999315,0.6931471805599453,0.5198603854199589,1.0397207708399179,-1.45,-1.0,-0.5445463932131115,-0.6931471805599453,1.4500000000000002,0.5445463932131116,True
Viego|16.1,Viego,16.1,15.24,,12,13,True,100,2,3.0,3.0,1.5,4.5,0.9729550745276566,0.9729550745276566,0.4864775372638283,1.4594326117914849,3,32.333333333333336,16,9.0,47.5,2.771284089132736,2.833213344056216,1.965912816362163,3.6076199893650487,-29.333333333333336,-13.0,-1.7983290146050792,-1.8602582695285594,29.333333333333336,1.7983290146050792,True
Xayah|16.1,Xayah,16.1,15.24,,12,11,True,100,6,0.16666666666666666,0.0,0.0,0.0,0.11552453009332421,0.0,0.0,0.0,1,2.0,2,2.0,2.0,1.0986122886681098,1.0986122886681098,1.0986122886681098,1.0986122886681098,-1.8333333333333333,-2.0,-0.9830877585747856,-1.0986122886681098,1.8333333333333335,0.9830877585747856,True
Yasuo|16.1,Yasuo,16.1,15.24,,18,20,True,100,4,1.0,1.0,0.0,2.0,0.5493061443340549,0.5493061443340549,0.0,1.0986122886681098,5,9.8,4,2.0,16.0,1.9795944743696037,1.6094379124341003,1.0986122886681098,2.833213344056216,-8.8,-3.0,-1.4302883300355487,-1.0601317681000455,8.8,1.4302883300355487,True
Yone|16.1,Yone,16.1,15.24,,21,15,True,100,3,0.0,0,0.0,0.0,0.0,0.0,0.0,0.0,4,7.5,6.0,2.5,11.0,1.8180995981425117,1.8444397270569683,1.2130075659799042,2.4495317592195756,-7.5,-6.0,-1.8180995981425117,-1.8444397270569683,7.5,1.8180995981425117,True
Yunara|16.1,Yunara,16.1,15.24,,10,12,True,100,4,4.0,4.0,0.75,7.25,1.2424533248940002,1.3862943611198906,0.5198603854199589,2.1088873005939317,0,,,,,,,,,,,,,,,False
Zeri|16.1,Zeri,16.1,15.24,,7,4,False,100,3,8.0,1,0.5,12.0,1.2904003369692971,0.6931471805599453,0.34657359027997264,1.9356005054539456,0,,,,,,,,,,,,,,,False
Aatrox|16.2,Aatrox,16.2,16.1,,5,9,False,100,4,0.5,0.5,0.0,1.0,0.34657359027997264,0.34657359027997264,0.0,0.6931471805599453,1,12.0,12,12.0,12.0,2.5649493574615367,2.5649493574615367,2.5649493574615367,2.5649493574615367,-11.5,-11.5,-2.218375767181564,-2.218375767181564,11.5,2.218375767181564,True
Ashe|16.2,Ashe,16.2,16.1,,7,21,False,100,6,6.0,0.5,0.0,2.5,0.929324850524386,0.34657359027997264,0.0,1.2130075659799042,2,11.5,11.5,6.75,16.25,2.094827371013213,2.094827371013213,1.5967198298406613,2.5929349121857643,-5.5,-11.0,-1.1655025204888272,-1.7482537807332403,9.166666666666668,1.3006575565248817,True
Gwen|16.2,Gwen,16.2,16.1,,18,11,True,100,1,0.0,0,0.0,0.0,0.0,0.0,0.0,0.0,4,11.75,10.0,6.25,15.5,2.1877894953405077,2.381086967398878,1.821205228142151,2.747671234597235,-11.75,-10.0,-2.1877894953405077,-2.381086967398878,11.75,2.1877894953405077,True
Jayce|16.2,Jayce,16.2,16.1,,12,8,False,100,4,2.25,1.0,0.0,3.25,0.7945134575869863,0.5493061443340549,0.0,1.3438196019210413,0,,,,,,,,,,,,,,,False
Lillia|16.2,Lillia,16.2,16.1,,5,4,False,100,1,0.0,0,0.0,0.0,0.0,0.0,0.0,0.0,0,,,,,,,,,,,,,,,False
Malphite|16.2,Malphite,16.2,16.1,,23,18,True,100,7,2.857142857142857,0,0.0,1.5,0.6109523027165793,0.0,0.0,0.6931471805599453,6,4.166666666666667,4.0,0.75,7.25,1.2796439167797018,1.5890269151739727,0.34657359027997264,2.095858300309178,-1.3095238095238098,-4.0,-0.6686916140631225,-1.5890269151739727,3.595238095238096,0.8366306611780137,True
Master Yi|16.2,Master Yi,16.2,16.1,,0,0,False,100,0,,,,,,,,,0,,,,,,,,,,,,,,,False
Nunu & Willump|16.2,Nunu & Willump,16.2,16.1,,0,0,False,100,0,,,,,,,,,0,,,,,,,,,,,,,,,False
Sivir|16.2,Sivir,16.2,16.1,,20,16,True,100,5,1.2,0,0.0,1.0,0.4969813299576001,0.0,0.0,0.6931471805599453,4,4.0,2.0,1.75,4.25,1.3438196019210413,1.0986122886681098,0.9972460116410686,1.4451858789480823,-2.8,-2.0,-0.8468382719634413,-1.0986122886681098,2.8,0.8468382719634413,True
Smolder|16.2,Smolder,16.2,16.1,,18,14,True,100,5,4.8,0,0.0,7.0,0.9939626599151999,0.0,0.0,2.0794415416798357,3,9.666666666666666,12,8.0,12.5,2.2711481998369654,2.5649493574615367,2.0871936349478184,2.6020033435383976,-4.866666666666666,-12,-1.2771855399217653,-2.5649493574615367,6.466666666666667,1.3777113112341277,True
Taliyah|16.2,Taliyah,16.2,16.1,,4,4,False,100,4,0.75,0.5,0.0,1.25,0.44793986730701374,0.34657359027997264,0.0,0.7945134575869863,0,,,,,,,,,,,,,,,False
Varus|16.2,Varus,16.2,16.1,,5,20,False,100,12,0.6666666666666666,0.0,0.0,1.0,0.34119538018517503,0.0,0.0,0.6931471805599453,1,1.0,1,1.0,1.0,0.6931471805599453,0.6931471805599453,0.6931471805599453,0.6931471805599453,-0.33333333333333337,-1.0,-0.35195180037477025,-0.6931471805599453,1.0,0.5722444403718234,True
Viego|16.2,Viego,16.2,16.1,,13,19,True,100,5,1.2,0,0.0,0.0,0.38918202981106265,0.0,0.0,0.0,5,28.4,16,3.0,45.0,2.6196010217829477,2.833213344056216,1.3862943611198906,3.828641396489095,-27.2,-16,-2.2304189919718853,-2.833213344056216,27.2,2.230418991971885,True
Zed|16.2,Zed,16.2,16.1,,20,18,True,100,2,0.0,0.0,0.0,0.0,0.0,0.0,0.0,0.0,5,25.8,9,5.0,36.0,2.68707245156798,2.302585092994046,1.791759469228055,3.6109179126442243,-25.8,-9.0,-2.68707245156798,-2.302585092994046,25.799999999999997,2.68707245156798,True
Ahri|16.3,Ahri,16.3,16.2,,24,23,True,100,5,1.8,2,0.0,3.0,0.8188689124444201,1.0986122886681098,0.0,1.3862943611198906,6,14.666666666666666,5.5,3.5,8.25,2.049013920475481,1.868834809141684,1.4876606381469317,2.2134163570093626,-12.866666666666665,-3.5,-1.230145008031061,-0.7702225204735742,12.866666666666664,1.230145008031061,True
Bel'Veth|16.3,Bel'Veth,16.3,16.2,,0,0,False,100,0,,,,,,,,,0,,,,,,,,,,,,,,,False
Braum|16.3,Braum,16.3,16.2,,15,19,True,100,7,1.8571428571428572,0,0.0,1.5,0.5985221060037752,0.0,0.0,0.8958797346140275,4,3.0,2.0,1.75,3.25,1.2424533248940002,1.0986122886681098,0.9972460116410686,1.3438196019210413,-1.1428571428571428,-2.0,-0.643931218890225,-1.0986122886681098,2.0,0.7349179992098063,True
Briar|16.3,Briar,16.3,16.2,,5,8,False,100,3,0.0,0,0.0,0.0,0.0,0.0,0.0,0.0,4,14.5,1.5,1.0,15.0,1.623059958755118,0.8958797346140275,0.6931471805599453,1.8257925128092,-14.5,-1.5,-1.623059958755118,-0.8958797346140275,14.5,1.6230599587551178,True
Diana|16.3,Diana,16.3,16.2,,27,11,True,100,0,,,,,,,,,7,15.571428571428571,14,3.0,19.5,2.2967533794911517,2.70805020110221,1.3862943611198906,2.995732273553991,,,,,,,False
Draven|16.3,Draven,16.3,16.2,,5,8,False,100,3,20.0,5,3.0,29.5,2.1640799450068235,1.791759469228055,1.2424533248940002,2.8995463272302633,2,26.0,26.0,15.5,36.5,2.831480240067973,2.831480240067973,2.311619854648014,3.351340625487932,-6.0,-21.0,-0.6674002950611495,-1.039720770839918,10.666666666666666,0.7581550779442024,True
Ekko|16.3,Ekko,16.3,16.2,,19,14,True,100,5,4.8,2,2.0,2.0,1.248055169034154,1.0986122886681098,1.0986122886681098,1.0986122886681098,2,4.0,4.0,2.5,5.5,1.3862943611198906,1.3862943611198906,1.0397207708399179,1.732867951399863,0.7999999999999998,-2.0,-0.13823919208573665,-0.2876820724517808,4.199999999999999,0.7275172319452771,True
Ezreal|16.3,Ezreal,16.3,16.2,,12,20,True,100,5,1.6,1,0.0,3.0,0.7377758908227873,0.6931471805599453,0.0,1.3862943611198906,4,10.0,11.0,5.25,15.75,1.9491173107715143,2.4260151319598084,1.5595811562598767,2.815551286471446,-8.4,-10.0,-1.211341419948727,-1.732867951399863,8.4,1.211341419948727,True
Hecarim|16.3,Hecarim,16.3,16.2,,4,7,False,100,4,5.25,0.5,0.0,5.75,0.9344174045708421,0.34657359027997264,0.0,1.2809909948508147,2,11.5,11.5,9.25,13.75,2.4563274428680257,2.4563274428680257,2.2678844922739305,2.6447703934621214,-6.25,-11.0,-1.5219100382971837,-2.109753852588053,8.25,1.6275645851307874,True
Heimerdinger|16.3,Heimerdinger,16.3,16.2,,9,7,False,100,1,0.0,0,0.0,0.0,0.0,0.0,0.0,0.0,3,29.666666666666668,16,9.0,43.5,2.7361639172467935,2.833213344056216,1.965912816362163,3.5549397315361357,-29.666666666666668,-16,-2.7361639172467935,-2.833213344056216,29.66666666666667,2.736163917246794,True
Jayce|16.3,Jayce,16.3,16.2,,8,4,False,100,0,,,,,,,,,1,1.0,1,1.0,1.0,0.6931471805599453,0.6931471805599453,0.6931471805599453,0.6931471805599453,,,,,,,False
Kayn|16.3,Kayn,16.3,16.2,,8,9,False,100,2,0.0,0.0,0.0,0.0,0.0,0.0,0.0,0.0,3,30.0,2,2.0,44.0,2.2210442319969346,1.0986122886681098,1.0986122886681098,2.782260203661347,-30.0,-2.0,-2.2210442319969346,-1.0986122886681098,30.000000000000004,2.2210442319969346,True
Maokai|16.3,Maokai,16.3,16.2,,1,4,False,100,2,2.5,2.5,1.25,3.75,0.8958797346140275,0.8958797346140275,0.44793986730701374,1.3438196019210413,0,,,,,,,,,,,,,,,False
Mel|16.3,Mel,16.3,16.2,,12,7,False,100,2,0.5,0.5,0.25,0.75,0.34657359027997264,0.34657359027997264,0.17328679513998632,0.5198603854199589,1,1.0,1,1.0,1.0,0.6931471805599453,0.6931471805599453,0.6931471805599453,0.6931471805599453,-0.5,-0.5,-0.34657359027997264,-0.34657359027997264,0.5,0.34657359027997264,True
Naafiri|16.3,Naafiri,16.3,16.2,,8,7,False,100,5,2.0,0,0.0,0.0,0.47957905455967414,0.0,0.0,0.0,0,,,,,,,,,,,,,,,False
Nilah|16.3,Nilah,16.3,16.2,,2,2,False,100,2,0.0,0.0,0.0,0.0,0.0,0.0,0.0,0.0,0,,,,,,,,,,,,,,,False
Riven|16.3,Riven,16.3,16.2,,9,7,False,100,3,3.0,1,1.0,4.0,1.155245300933242,0.6931471805599453,0.6931471805599453,1.3862943611198906,0,,,,,,,,,,,,,,,False
Ryze|16.3,Ryze,16.3,16.2,,16,11,True,100,5,1.8,0,0.0,3.0,0.6664409020350408,0.0,0.0,1.3862943611198906,5,7.6,10,6.0,10.0,1.983950905,2.3978952727983707,1.9459101490553132,2.3978952727983707,-5.8,-10,-1.3175100029649591,-2.3978952727983707,5.8,1.3175100029649593,True
Trundle|16.3,Trundle,16.3,16.2,,5,6,False,100,2,0.0,0.0,0.0,0.0,0.0,0.0,0.0,0.0,1,26.0,26,26.0,26.0,3.295836866004329,3.295836866004329,3.295836866004329,3.295836866004329,-26.0,-26.0,-3.295836866004329,-3.295836866004329,26.0,3.295836866004329,True
Tryndamere|16.3,Tryndamere,16.3,16.2,,6,5,False,100,1,0.0,0,0.0,0.0,0.0,0.0,0.0,0.0,1,1.0,1,1.0,1.0,0.6931471805599453,0.6931471805599453,0.6931471805599453,0.6931471805599453,-1.0,-1,-0.6931471805599453,-0.6931471805599453,1.0,0.6931471805599453,True
Varus|16.3,Varus,16.3,16.2,,20,14,True,100,2,1.0,1.0,0.5,1.5,0.5493061443340549,0.5493061443340549,0.27465307216702745,0.8239592165010823,5,3.4,2,2.0,4.0,1.339406849533297,1.0986122886681098,1.0986122886681098,1.6094379124341003,-2.4,-1.0,-0.790100705199242,-0.5493061443340549,2.4,0.790100705199242,True
Vi|16.3,Vi,16.3,16.2,,6,5,False,100,3,1.0,0,0.0,1.5,0.46209812037329684,0.0,0.0,0.6931471805599453,0,,,,,,,,,,,,,,,False
Volibear|16.3,Volibear,16.3,16.2,,18,9,False,100,3,15.333333333333334,11,5.5,23.0,2.0228085294147036,2.4849066497880004,1.2424533248940002,3.0342127941220554,3,11.333333333333334,5,3.5,16.0,2.074192089357123,1.791759469228055,1.4451858789480823,2.5619819897016294,4.0,6,-0.0513835599424195,0.6931471805599454,5.333333333333334,0.6810246325029871,True
Xin Zhao|16.3,Xin Zhao,16.3,16.2,,0,0,False,100,0,,,,,,,,,0,,,,,,,,,,,,,,,False
Yone|16.3,Yone,16.3,16.2,,14,20,True,100,11,0.8181818181818182,0,0.0,1.0,0.39836605769762556,0.0,0.0,0.6931471805599453,2,3.0,3.0,2.5,3.5,1.354025100551105,1.354025100551105,1.2263186946096074,1.4817315064926027,-2.1818181818181817,-3.0,-0.9556590428534795,-1.354025100551105,2.181818181818182,0.9556590428534795,True
Zaahen|16.3,Zaahen,16.3,16.2,,15,16,True,100,4,1.5,1.0,0.75,1.75,0.7489330683884977,0.6931471805599453,0.5198603854199589,0.922219863528484,3,12.666666666666666,16,9.0,18.0,2.3254493568159162,2.833213344056216,1.965912816362163,2.93886789088982,-11.166666666666666,-15.0,-1.5765162884274186,-2.1400661634962708,11.166666666666668,1.5765162884274186,True
Zed|16.3,Zed,16.3,16.2,,18,12,True,100,2,1.5,1.5,0.75,2.25,0.6931471805599453,0.6931471805599453,0.34657359027997264,1.0397207708399179,3,39.0,31,20.5,53.5,3.4024788658172604,3.4657359027997265,2.931815587799049,3.9047706623267056,-37.5,-29.5,-2.709331685257315,-2.772588722239781,37.5,2.7093316852573155,True
Ambessa|16.4,Ambessa,16.4,16.3,,13,8,False,100,3,2.3333333333333335,0,0.0,3.5,0.6931471805599453,0.0,0.0,1.0397207708399179,3,6.333333333333333,3,2.5,8.5,1.7309856169634035,1.3862943611198906,1.2424533248940002,2.04717228111105,-3.9999999999999996,-3,-1.037838436403458,-1.3862943611198906,4.0,1.037838436403458,True
Annie|16.4,Annie,16.4,16.3,,5,4,False,100,2,0.5,0.5,0.25,0.75,0.34657359027997264,0.34657359027997264,0.17328679513998632,0.5198603854199589,1,1.0,1,1.0,1.0,0.6931471805599453,0.6931471805599453,0.6931471805599453,0.6931471805599453,-0.5,-0.5,-0.34657359027997264,-0.34657359027997264,0.5,0.34657359027997264,True
Aphelios|16.4,Aphelios,16.4,16.3,,11,5,False,100,1,3.0,3,3.0,3.0,1.3862943611198906,1.3862943611198906,1.3862943611198906,1.3862943611198906,2,44.0,44.0,23.5,64.5,2.920320828686699,2.920320828686699,2.1533075949032945,3.687334062470103,-41.0,-41.0,-1.5340264675668085,-1.5340264675668085,41.0,1.5340264675668083,True
Brand|16.4,Brand,16.4,16.3,,11,10,True,100,3,1.3333333333333333,0,0.0,2.0,0.5364793041447001,0.0,0.0,0.8047189562170501,3,8.0,1,1.0,11.5,1.5072628590163468,0.6931471805599453,0.6931471805599453,1.9143206982445475,-6.666666666666667,-1,-0.9707835548716467,-0.6931471805599453,6.666666666666668,0.9707835548716468,True
Braum|16.4,Braum,16.4,16.3,,19,14,True,100,1,2.0,2,2.0,2.0,1.0986122886681098,1.0986122886681098,1.0986122886681098,1.0986122886681098,3,4.333333333333333,6,3.5,6.0,1.5283224928901904,1.9459101490553132,1.3195286648076292,1.9459101490553132,-2.333333333333333,-4,-0.4297102042220806,-0.8472978603872034,3.0000000000000004,0.7000202762941905,True
Camille|16.4,Camille,16.4,16.3,,4,4,False,100,2,0.0,0.0,0.0,0.0,0.0,0.0,0.0,0.0,1,5.0,5,5.0,5.0,1.791759469228055,1.791759469228055,1.791759469228055,1.791759469228055,-5.0,-5.0,-1.791759469228055,-1.791759469228055,5.0,1.791759469228055,True
Darius|16.4,Darius,16.4,16.3,,12,12,True,100,3,0.0,0,0.0,0.0,0.0,0.0,0.0,0.0,3,18.333333333333332,5,3.0,27.0,2.1323098850720488,1.791759469228055,1.2424533248940002,2.8518912373281005,-18.333333333333332,-5,-2.1323098850720488,-1.791759469228055,18.333333333333336,2.1323098850720488,True
Fizz|16.4,Fizz,16.4,16.3,,6,10,False,100,4,1.25,1.0,0.0,2.25,0.6212266624470001,0.5493061443340549,0.0,1.170532806781055,3,3.0,3,2.5,3.5,1.3647815207407001,1.3862943611198906,1.2424533248940002,1.4978661367769954,-1.75,-2.0,-0.7435548582937,-0.8369882167858357,1.75,0.7435548582937002,True
Graves|16.4,Graves,16.4,16.3,,8,10,False,100,7,0.0,0,0.0,0.0,0.0,0.0,0.0,0.0,1,18.0,18,18.0,18.0,2.9444389791664403,2.9444389791664403,2.9444389791664403,2.9444389791664403,-18.0,-18,-2.9444389791664403,-2.9444389791664403,18.0,2.9444389791664403,True
Gwen|16.4,Gwen,16.4,16.3,,13,9,False,100,4,1.25,0.5,0.0,1.75,0.5756462732485114,0.34657359027997264,0.0,0.922219863528484,3,12.333333333333334,1,1.0,18.0,1.6566044331920002,0.6931471805599453,0.6931471805599453,2.1383330595080277,-11.083333333333334,-0.5,-1.080958159943489,-0.34657359027997264,11.083333333333334,1.080958159943489,True
Hwei|16.4,Hwei,16.4,16.3,,3,6,False,100,5,7.4,1,0.0,2.0,1.0694215061434937,0.6931471805599453,0.0,1.0986122886681098,0,,,,,,,,,,,,,,,False
Illaoi|16.4,Illaoi,16.4,16.3,,3,5,False,100,3,1.0,0,0.0,1.5,0.46209812037329684,0.0,0.0,0.6931471805599453,0,,,,,,,,,,,,,,,False
Jinx|16.4,Jinx,16.4,16.3,,21,16,True,100,4,4.75,4.5,0.75,8.5,1.3220667576736338,1.4451858789480825,0.5198603854199589,2.2473922512017572,6,7.333333333333333,3.5,1.25,11.75,1.5711772259145782,1.4451858789480823,0.7945134575869863,2.478977518133671,-2.583333333333333,1.0,-0.2491104682409444,2.220446049250313e-16,3.583333333333333,0.38426550427699924,True
Kassadin|16.4,Kassadin,16.4,16.3,,7,2,False,100,1,0.0,0,0.0,0.0,0.0,0.0,0.0,0.0,0,,,,,,,,,,,,,,,False
Kayle|16.4,Kayle,16.4,16.3,,11,6,False,100,5,0.0,0,0.0,0.0,0.0,0.0,0.0,0.0,0,,,,,,,,,,,,,,,False
Kennen|16.4,Kennen,16.4,16.3,,5,2,False,100,1,0.0,0,0.0,0.0,0.0,0.0,0.0,0.0,0,,,,,,,,,,,,,,,False
Lee Sin|16.4,Lee Sin,16.4,16.3,,0,0,False,100,0,,,,,,,,,0,,,,,,,,,,,,,,,False
Lux|16.4,Lux,16.4,16.3,,19,20,True,100,12,7.5,0.0,0.0,1.0,0.7361704700973165,0.0,0.0,0.6931471805599453,4,23.25,23.5,16.5,30.25,2.8893408286001994,3.1934396596813226,2.6648554302987097,3.417925057982812,-15.75,-23.5,-2.1531703585028827,-3.1934396596813226,21.416666666666668,2.2485902239647713,True
Maokai|16.4,Maokai,16.4,16.3,,4,7,False,100,3,0.0,0,0.0,0.0,0.0,0.0,0.0,0.0,0,,,,,,,,,,,,,,,False
Naafiri|16.4,Naafiri,16.4,16.3,,7,7,False,100,3,0.6666666666666666,0,0.0,1.0,0.3662040962227033,0.0,0.0,0.5493061443340549,3,2.3333333333333335,1,1.0,3.0,1.0593512767826485,0.6931471805599453,0.6931471805599453,1.2424533248940002,-1.666666666666667,-1,-0.6931471805599452,-0.6931471805599453,1.6666666666666665,0.6931471805599453,True
Qiyana|16.4,Qiyana,16.4,16.3,,8,5,False,100,2,1.0,1.0,0.5,1.5,0.5493061443340549,0.5493061443340549,0.27465307216702745,0.8239592165010823,3,12.0,11,11.0,12.5,2.5592878335594036,2.4849066497880004,2.4849066497880004,2.596478425445105,-11.0,-10.0,-2.0099816892253486,-1.9356005054539454,11.0,2.0099816892253486,True
Rengar|16.4,Rengar,16.4,16.3,,5,4,False,100,2,13.0,13.0,6.5,19.5,1.6479184330021646,1.6479184330021646,0.8239592165010823,2.471877649503247,1,1.0,1,1.0,1.0,0.6931471805599453,0.6931471805599453,0.6931471805599453,0.6931471805599453,12.0,12.0,0.9547712524422193,0.9547712524422193,13.0,1.6479184330021646,True
Rumble|16.4,Rumble,16.4,16.3,,3,2,False,100,0,,,,,,,,,1,51.0,51,51.0,51.0,3.9512437185814275,3.9512437185814275,3.9512437185814275,3.9512437185814275,,,,,,,False
Ryze|16.4,Ryze,16.4,16.3,,11,4,False,100,2,0.0,0.0,0.0,0.0,0.0,0.0,0.0,0.0,2,8.0,8.0,7.0,9.0,2.171902710926842,2.171902710926842,2.0589064299910778,2.2848989918626064,-8.0,-8.0,-2.171902710926842,-2.171902710926842,8.0,2.171902710926842,True
Samira|16.4,Samira,16.4,16.3,,5,4,False,100,4,0.25,0.0,0.0,0.25,0.17328679513998632,0.0,0.0,0.17328679513998632,0,,,,,,,,,,,,,,,False
Senna|16.4,Senna,16.4,16.3,,12,15,True,100,7,0.7142857142857143,0,0.0,1.5,0.41291025112802354,0.0,0.0,0.8958797346140275,4,7.75,2.5,1.75,8.5,1.609037592092357,1.2424533248940002,0.9972460116410686,1.8542449053452885,-7.035714285714286,-2.5,-1.1961273409643334,-1.2424533248940002,7.035714285714286,1.1961273409643334,True
Swain|16.4,Swain,16.4,16.3,,14,12,True,100,3,0.3333333333333333,0,0.0,0.5,0.23104906018664842,0.0,0.0,0.34657359027997264,5,4.4,5,3.0,6.0,1.5793105403286078,1.791759469228055,1.3862943611198906,1.9459101490553132,-4.066666666666667,-5,-1.3482614801419595,-1.791759469228055,4.066666666666666,1.3482614801419597,True
Syndra|16.4,Syndra,16.4,16.3,,11,11,True,100,3,1.0,0,0.0,1.5,0.46209812037329684,0.0,0.0,0.6931471805599453,4,26.25,10.0,6.75,29.5,2.761608913756072,2.359249435647547,2.046058693523705,3.074799655879914,-25.25,-10.0,-2.299510793382775,-2.359249435647547,25.25,2.299510793382775,True
Teemo|16.4,Teemo,16.4,16.3,,8,8,False,100,3,0.3333333333333333,0,0.0,0.5,0.23104906018664842,0.0,0.0,0.34657359027997264,2,51.5,51.5,27.75,75.25,3.107304049211096,3.107304049211096,2.358370980822598,3.8562371175995938,-51.166666666666664,-51.5,-2.8762549890244475,-3.107304049211096,51.166666666666664,2.8762549890244475,True
Twitch|16.4,Twitch,16.4,16.3,,10,13,True,100,8,1.125,0.0,0.0,1.0,0.4251496727077694,0.0,0.0,0.40235947810852507,3,2.6666666666666665,2,1.5,3.5,1.1945063128187032,1.0986122886681098,0.8958797346140275,1.4451858789480823,-1.5416666666666665,-2.0,-0.7693566401109339,-1.0986122886681098,1.541666666666667,0.7693566401109339,True
Udyr|16.4,Udyr,16.4,16.3,,4,2,False,100,2,0.0,0.0,0.0,0.0,0.0,0.0,0.0,0.0,0,,,,,,,,,,,,,,,False
Xayah|16.4,Xayah,16.4,16.3,,7,10,False,100,4,1.5,0.5,0.0,2.0,0.6212266624470001,0.34657359027997264,0.0,0.9678002527269727,4,1.75,1.5,1.0,2.25,0.9678002527269727,0.8958797346140275,0.6931471805599453,1.170532806781055,-0.25,-1.0,-0.3465735902799726,-0.5493061443340548,1.25,0.5493061443340548,True
Zac|16.4,Zac,16.4,16.3,,5,6,False,100,1,7.0,7,7.0,7.0,2.0794415416798357,2.0794415416798357,2.0794415416798357,2.0794415416798357,2,47.0,47.0,38.0,56.0,3.7954260618442905,3.7954260618442905,3.598311721753223,3.992540401935358,-40.0,-40.0,-1.7159845201644548,-1.7159845201644548,40.0,1.7159845201644546,True
Akali|16.5,Akali,16.5,16.4,,16,13,True,100,7,3.2857142857142856,2,0.0,3.5,0.9717706804749016,1.0986122886681098,0.0,1.4978661367769954,5,14.0,3,2.0,4.0,1.7796731213910715,1.3862943611198906,1.0986122886681098,1.6094379124341003,-10.714285714285715,-1,-0.8079024409161699,-0.2876820724517808,10.714285714285712,0.8079024409161697,True
Azir|16.5,Azir,16.5,16.4,,2,2,False,100,0,,,,,,,,,0,,,,,,,,,,,,,,,False
Garen|16.5,Garen,16.5,16.4,,10,20,True,100,11,0.18181818181818182,0,0.0,0.0,0.12602676010180824,0.0,0.0,0.0,5,6.6,5,5.0,6.0,1.9555848659121566,1.791759469228055,1.791759469228055,1.9459101490553132,-6.418181818181818,-5,-1.8295581058103485,-1.791759469228055,6.418181818181818,1.829558105810348,True
Lee Sin|16.5,Lee Sin,16.5,16.4,,0,0,False,100,0,,,,,,,,,0,,,,,,,,,,,,,,,False
Lillia|16.5,Lillia,16.5,16.4,,4,7,False,100,3,8.666666666666666,1,0.5,13.0,1.3170812395271425,0.6931471805599453,0.34657359027997264,1.9756218592907138,1,16.0,16,16.0,16.0,2.833213344056216,2.833213344056216,2.833213344056216,2.833213344056216,-7.333333333333334,-15,-1.5161321045290737,-2.1400661634962708,13.333333333333334,1.799387567172584,True
Mel|16.5,Mel,16.5,16.4,,5,11,False,100,6,2.1666666666666665,0.0,0.0,1.5,0.5972531564093516,0.0,0.0,0.8239592165010823,3,3.0,3,3.0,3.0,1.3862943611198906,1.3862943611198906,1.3862943611198906,1.3862943611198906,-0.8333333333333335,-3.0,-0.789041204710539,-1.3862943611198906,3.4999999999999996,1.1552453009332422,True
Neeko|16.5,Neeko,16.5,16.4,,10,5,False,100,3,1.6666666666666667,0,0.0,2.5,0.5972531564093516,0.0,0.0,0.8958797346140275,2,11.0,11.0,8.0,14.0,2.34106561356211,2.34106561356211,2.0664125413950822,2.615718685729137,-9.333333333333334,-11.0,-1.7438124571527585,-2.34106561356211,9.333333333333332,1.743812457152758,True
Nocturne|16.5,Nocturne,16.5,16.4,,4,10,False,100,6,1.1666666666666667,0.0,0.0,0.75,0.43984288826920975,0.0,0.0,0.5198603854199589,2,14.5,14.5,13.25,15.75,2.727660557678851,2.727660557678851,2.6463049575701936,2.8090161577875072,-13.333333333333334,-14.5,-2.287817669409641,-2.727660557678851,13.333333333333334,2.287817669409641,True
Orianna|16.5,Orianna,16.5,16.4,,11,15,True,100,7,3.142857142857143,1,0.0,5.0,0.8819694434145624,0.6931471805599453,0.0,1.4978661367769956,3,9.666666666666666,3,2.5,13.5,1.9012608248854004,1.3862943611198906,1.2424533248940002,2.3025850929940455,-6.523809523809524,-2,-1.019291381470838,-0.6931471805599453,6.523809523809525,1.019291381470838,True
Samira|16.5,Samira,16.5,16.4,,4,6,False,100,4,0.0,0.0,0.0,0.0,0.0,0.0,0.0,0.0,1,2.0,2,2.0,2.0,1.0986122886681098,1.0986122886681098,1.0986122886681098,1.0986122886681098,-2.0,-2.0,-1.0986122886681098,-1.0986122886681098,2.0,1.0986122886681098,True
Taliyah|16.5,Taliyah,16.5,16.4,,2,2,False,100,1,0.0,0,0.0,0.0,0.0,0.0,0.0,0.0,0,,,,,,,,,,,,,,,False
Varus|16.5,Varus,16.5,16.4,,10,9,False,100,5,3.2,1,0.0,7.0,0.9939626599152002,0.6931471805599453,0.0,2.0794415416798357,3,12.666666666666666,13,12.0,13.5,2.610671393501823,2.6390573296152584,2.5619819897016294,2.6735537653587342,-9.466666666666665,-12,-1.616708733586623,-1.945910149055313,9.466666666666667,1.6167087335866228,True
Volibear|16.5,Volibear,16.5,16.4,,7,6,False,100,2,3.0,3.0,3.0,3.0,1.3862943611198906,1.3862943611198906,1.3862943611198906,1.3862943611198906,1,24.0,24,24.0,24.0,3.2188758248682006,3.2188758248682006,3.2188758248682006,3.2188758248682006,-21.0,-21.0,-1.83258146374831,-1.83258146374831,21.0,1.83258146374831,True
Ahri|16.6,Ahri,16.6,16.5,,20,17,True,100,9,2.4444444444444446,1,0.0,3.0,0.8850606192366658,0.6931471805599453,0.0,1.3862943611198906,5,10.2,3,3.0,5.0,1.7892749652283435,1.3862943611198906,1.3862943611198906,1.791759469228055,-7.755555555555555,-2,-0.9042143459916777,-0.6931471805599453,7.755555555555554,0.9042143459916777,True
Azir|16.6,Azir,16.6,16.5,,2,2,False,100,1,0.0,0,0.0,0.0,0.0,0.0,0.0,0.0,0,,,,,,,,,,,,,,,False
Cassiopeia|16.6,Cassiopeia,16.6,16.5,,2,2,False,100,1,0.0,0,0.0,0.0,0.0,0.0,0.0,0.0,0,,,,,,,,,,,,,,,False
Lissandra|16.6,Lissandra,16.6,16.5,,4,7,False,100,3,0.6666666666666666,0,0.0,1.0,0.3662040962227033,0.0,0.0,0.5493061443340549,2,22.0,22.0,13.0,31.0,2.6615049895692042,2.6615049895692042,2.135471451001652,3.1875385281367556,-21.333333333333332,-22.0,-2.295300893346501,-2.6615049895692042,21.333333333333332,2.295300893346501,True
Olaf|16.6,Olaf,16.6,16.5,,1,5,False,100,2,9.5,9.5,4.75,14.25,1.4978661367769954,1.4978661367769954,0.7489330683884977,2.2467992051654933,0,,,,,,,,,,,,,,,False
Pyke|16.6,Pyke,16.6,16.5,,3,9,False,100,5,1.8,1,0.0,3.0,0.7742402021815782,0.6931471805599453,0.0,1.3862943611198906,1,2.0,2,2.0,2.0,1.0986122886681098,1.0986122886681098,1.0986122886681098,1.0986122886681098,-0.19999999999999996,-1,-0.3243720864865316,-0.4054651081081645,1.7999999999999998,0.716703787691222,True
Shen|16.6,Shen,16.6,16.5,,15,13,True,100,3,0.0,0,0.0,0.0,0.0,0.0,0.0,0.0,6,26.166666666666668,18.0,8.75,40.0,2.97702973931135,2.92177220851568,2.2365937065354293,3.671484255264831,-26.166666666666668,-18.0,-2.97702973931135,-2.92177220851568,26.166666666666664,2.9770297393113507,True
Skarner|16.6,Skarner,16.6,16.5,,0,2,False,100,2,0.0,0.0,0.0,0.0,0.0,0.0,0.0,0.0,0,,,,,,,,,,,,,,,False
Tryndamere|16.6,Tryndamere,16.6,16.5,,0,7,False,100,6,4.666666666666667,1.5,0.0,3.75,1.0144624544853844,0.6931471805599453,0.0,1.5536520246055479,0,,,,,,,,,,,,,,,False
Zaahen|16.6,Zaahen,16.6,16.5,,15,12,True,100,2,0.0,0.0,0.0,0.0,0.0,0.0,0.0,0.0,7,9.571428571428571,5,3.5,16.0,1.934499239468044,1.791759469228055,1.4978661367769954,2.787974551573158,-9.571428571428571,-5.0,-1.934499239468044,-1.791759469228055,9.571428571428571,1.934499239468044,True
Cassiopeia|16.7,Cassiopeia,16.7,16.6,,2,2,False,100,1,32.0,32,32.0,32.0,3.4965075614664802,3.4965075614664802,3.4965075614664802,3.4965075614664802,0,,,,,,,,,,,,,,,False
Graves|16.7,Graves,16.7,16.6,,12,11,True,100,3,1.3333333333333333,0,0.0,2.0,0.5364793041447001,0.0,0.0,0.8047189562170501,5,15.6,12,5.0,16.0,2.467483329511852,2.5649493574615367,1.791759469228055,2.833213344056216,-14.266666666666666,-12,-1.931004025367152,-2.5649493574615367,14.266666666666666,1.9310040253671519,True
Kalista|16.7,Kalista,16.7,16.6,,1,0,False,100,0,,,,,,,,,0,,,,,,,,,,,,,,,False
Karma|16.7,Karma,16.7,16.6,,22,19,True,100,5,0.6,0,0.0,1.0,0.358351893845611,0.0,0.0,0.6931471805599453,10,11.2,7.5,2.5,17.0,2.092120480463544,2.04717228111105,1.2263186946096074,2.885341784650383,-10.6,-7.5,-1.733768586617933,-2.04717228111105,10.600000000000001,1.7337685866179333,True
Nami|16.7,Nami,16.7,16.6,,22,20,True,100,5,5.4,0,0.0,0.0,0.6664409020350408,0.0,0.0,0.0,5,37.6,41,9.0,44.0,3.151000027843333,3.7376696182833684,2.302585092994046,3.8066624897703196,-32.2,-41,-2.4845591258082926,-3.7376696182833684,32.2,2.484559125808292,True
Ornn|16.7,Ornn,16.7,16.6,,11,11,True,100,3,0.0,0,0.0,0.0,0.0,0.0,0.0,0.0,3,5.0,2,1.5,7.0,1.4522362755631972,1.0986122886681098,0.8958797346140275,1.8317808230648231,-5.0,-2,-1.4522362755631972,-1.0986122886681098,5.000000000000001,1.4522362755631975,True
Rell|16.7,Rell,16.7,16.6,,4,6,False,100,1,3.0,3,3.0,3.0,1.3862943611198906,1.3862943611198906,1.3862943611198906,1.3862943611198906,2,12.0,12.0,9.0,15.0,2.445174564110877,2.445174564110877,2.195542356583095,2.6948067716386586,-9.0,-9.0,-1.0588802029909863,-1.0588802029909863,9.0,1.058880202990986,True
Shyvana|16.7,Shyvana,16.7,16.6,,15,4,False,100,1,0.0,0,0.0,0.0,0.0,0.0,0.0,0.0,2,7.5,7.5,6.25,8.75,2.0948273710132126,2.0948273710132126,1.943293420120634,2.2463613219057916,-7.5,-7.5,-2.0948273710132126,-2.0948273710132126,7.5,2.0948273710132126,True
Singed|16.7,Singed,16.7,16.6,,9,4,False,100,1,22.0,22,22.0,22.0,3.1354942159291497,3.1354942159291497,3.1354942159291497,3.1354942159291497,2,10.5,10.5,8.75,12.25,2.393745871391023,2.393745871391023,2.2365937065354293,2.5508980362466165,11.5,11.5,0.7417483445381268,0.7417483445381268,11.5,0.7417483445381268,True
Veigar|16.7,Veigar,16.7,16.6,,12,11,True,100,3,2.0,0,0.0,3.0,0.6486367163517711,0.0,0.0,0.9729550745276566,5,22.8,7,4.0,13.0,2.304178726923881,2.0794415416798357,1.6094379124341003,2.6390573296152584,-20.8,-7,-1.65554201057211,-2.0794415416798357,20.799999999999997,1.65554201057211,True
Dr. Mundo|16.8,Dr. Mundo,16.8,16.7,,0,0,False,100,0,,,,,,,,,0,,,,,,,,,,,,,,,False
Hwei|16.8,Hwei,16.8,16.7,,9,7,False,100,1,2.0,2,2.0,2.0,1.0986122886681098,1.0986122886681098,1.0986122886681098,1.0986122886681098,5,6.8,4,3.0,4.0,1.6867623164954373,1.6094379124341003,1.3862943611198906,1.6094379124341003,-4.8,-2,-0.5881500278273275,-0.5108256237659905,5.199999999999999,0.7503360710705932,True
Karma|16.8,Karma,16.8,16.7,,19,12,True,100,2,2.5,2.5,2.25,2.75,1.2424533248940002,1.2424533248940002,1.170532806781055,1.3143738430069454,6,19.166666666666668,18.5,10.25,30.5,2.7281683332029814,2.943052015725078,2.403951370021087,3.4392838510491073,-16.666666666666668,-16.0,-1.4857150083089812,-1.7005986908310777,16.666666666666668,1.485715008308981,True
Lillia|16.8,Lillia,16.8,16.7,,5,7,False,100,4,0.5,0.0,0.0,0.5,0.27465307216702745,0.0,0.0,0.27465307216702745,0,,,,,,,,,,,,,,,False
Lucian|16.8,Lucian,16.8,16.7,,8,12,False,100,8,1.625,0.5,0.0,2.5,0.6683884413396836,0.34657359027997264,0.0,1.2263186946096074,3,4.666666666666667,6,3.5,6.5,1.5728329570983648,1.9459101490553132,1.3195286648076292,2.0126758453675744,-3.041666666666667,-5.5,-0.9044445157586812,-1.5993365587753405,3.041666666666667,0.9044445157586812,True
Mel|16.8,Mel,16.8,16.7,,13,11,True,100,3,3.3333333333333335,2,1.0,5.0,1.0986122886681098,1.0986122886681098,0.5493061443340549,1.6479184330021646,5,7.2,4,2.0,6.0,1.7776133709509565,1.6094379124341003,1.0986122886681098,1.9459101490553132,-3.8666666666666667,-2,-0.6790010822828467,-0.5108256237659905,4.3999999999999995,0.746018263157755,True
Tahm Kench|16.8,Tahm Kench,16.8,16.7,,0,0,False,100,0,,,,,,,,,0,,,,,,,,,,,,,,,False
Yuumi|16.8,Yuumi,16.8,16.7,,4,3,False,100,1,0.0,0,0.0,0.0,0.0,0.0,0.0,0.0,1,44.0,44,44.0,44.0,3.8066624897703196,3.8066624897703196,3.8066624897703196,3.8066624897703196,-44.0,-44,-3.8066624897703196,-3.8066624897703196,44.0,3.8066624897703196,True
Zilean|16.8,Zilean,16.8,16.7,,6,6,False,100,1,0.0,0,0.0,0.0,0.0,0.0,0.0,0.0,2,3.5,3.5,2.25,4.75,1.3195286648076292,1.3195286648076292,1.0063379226837872,1.6327194069314712,-3.5,-3.5,-1.3195286648076292,-1.3195286648076292,3.5,1.3195286648076294,True
Zyra|16.8,Zyra,16.8,16.7,,6,4,False,100,2,0.0,0.0,0.0,0.0,0.0,0.0,0.0,0.0,1,1.0,1,1.0,1.0,0.6931471805599453,0.6931471805599453,0.6931471805599453,0.6931471805599453,-1.0,-1.0,-0.6931471805599453,-0.6931471805599453,1.0,0.6931471805599453,True
Ambessa|16.9,Ambessa,16.9,16.8,,13,10,True,100,2,0.5,0.5,0.25,0.75,0.34657359027997264,0.34657359027997264,0.17328679513998632,0.5198603854199589,4,13.0,13.0,4.0,22.0,2.2085114102919494,2.4414009612931853,1.5171063970610277,3.1328059745241075,-12.5,-12.5,-1.8619378200119767,-2.0948273710132126,12.5,1.8619378200119767,True
Briar|16.9,Briar,16.9,16.8,,2,4,False,100,1,0.0,0,0.0,0.0,0.0,0.0,0.0,0.0,1,4.0,4,4.0,4.0,1.6094379124341003,1.6094379124341003,1.6094379124341003,1.6094379124341003,-4.0,-4,-1.6094379124341003,-1.6094379124341003,4.0,1.6094379124341003,True
Ezreal|16.9,Ezreal,16.9,16.8,,21,26,True,100,8,0.5,0.0,0.0,0.25,0.25993019270997947,0.0,0.0,0.17328679513998632,10,16.4,11.5,8.5,20.75,2.584750676999447,2.5249280036247685,2.2473922512017572,3.0794124494495927,-15.899999999999999,-11.5,-2.3248204842894675,-2.5249280036247685,15.9,2.3248204842894666,True
Gragas|16.9,Gragas,16.9,16.8,,4,5,False,100,2,0.5,0.5,0.25,0.75,0.34657359027997264,0.34657359027997264,0.17328679513998632,0.5198603854199589,3,5.333333333333333,5,4.0,6.5,1.7917594692280552,1.791759469228055,1.5890269151739727,1.9944920232821373,-4.833333333333333,-4.5,-1.4451858789480825,-1.4451858789480823,4.833333333333334,1.4451858789480825,True
Kennen|16.9,Kennen,16.9,16.8,,5,4,False,100,3,0.6666666666666666,0,0.0,1.0,0.3662040962227033,0.0,0.0,0.5493061443340549,0,,,,,,,,,,,,,,,False
Shyvana|16.9,Shyvana,16.9,16.8,,7,6,False,100,1,0.0,0,0.0,0.0,0.0,0.0,0.0,0.0,1,12.0,12,12.0,12.0,2.5649493574615367,2.5649493574615367,2.5649493574615367,2.5649493574615367,-12.0,-12,-2.5649493574615367,-2.5649493574615367,12.0,2.5649493574615367,True
Tahm Kench|16.9,Tahm Kench,16.9,16.8,,0,0,False,100,0,,,,,,,,,0,,,,,,,,,,,,,,,False
Taliyah|16.9,Taliyah,16.9,16.8,,4,5,False,100,2,3.5,3.5,2.75,4.25,1.4451858789480823,1.4451858789480823,1.271899083808096,1.6184726740880688,1,2.0,2,2.0,2.0,1.0986122886681098,1.0986122886681098,1.0986122886681098,1.0986122886681098,1.5,1.5,0.3465735902799725,0.3465735902799725,1.5,0.3465735902799726,True
Teemo|16.9,Teemo,16.9,16.8,,5,24,False,100,14,0.8571428571428571,0.5,0.0,1.75,0.482969483486004,0.34657359027997264,0.0,0.9972460116410686,3,50.0,53,28.0,73.5,3.309718433094902,3.9889840465642745,2.6876392038420827,4.271430469082407,-49.142857142857146,-52.5,-2.826748949608898,-3.642410456284302,49.14285714285715,2.826748949608898,True
Udyr|16.9,Udyr,16.9,16.8,,4,4,False,100,0,,,,,,,,,1,5.0,5,5.0,5.0,1.791759469228055,1.791759469228055,1.791759469228055,1.791759469228055,,,,,,,False
Warwick|16.9,Warwick,16.9,16.8,,5,11,False,100,4,0.25,0.0,0.0,0.25,0.17328679513998632,0.0,0.0,0.17328679513998632,2,31.5,31.5,19.75,43.25,3.111288134035685,3.111288134035685,2.654256355685952,3.5683199123854172,-31.25,-31.5,-2.9380013388956985,-3.111288134035685,31.25,2.938001338895698,True
Xin Zhao|16.9,Xin Zhao,16.9,16.8,,0,0,False,100,0,,,,,,,,,0,,,,,,,,,,,,,,,False
Zeri|16.9,Zeri,16.9,16.8,,5,5,False,100,4,0.25,0.0,0.0,0.25,0.17328679513998632,0.0,0.0,0.17328679513998632,1,1.0,1,1.0,1.0,0.6931471805599453,0.6931471805599453,0.6931471805599453,0.6931471805599453,-0.75,-1.0,-0.5198603854199589,-0.6931471805599453,0.75,0.5198603854199589,True
Zoe|16.9,Zoe,16.9,16.8,,3,1,False,100,0,,,,,,,,,0,,,,,,,,,,,,,,,False
Ambessa|16.10,Ambessa,16.10,16.9,,10,10,True,100,4,5.25,1.5,0.0,6.75,1.0826833350715828,0.6931471805599453,0.0,1.775830515631528,4,5.25,4.0,3.25,6.0,1.6192430907224207,1.6094379124341003,1.3803652294655615,1.8483157736909592,0.0,-2.5,-0.5365597556508379,-0.916290731874155,3.0,0.7263045665032897,True
Anivia|16.10,Anivia,16.10,16.9,,10,11,True,100,5,0.4,0,0.0,0.0,0.21972245773362195,0.0,0.0,0.0,4,15.0,10.5,1.75,23.75,2.112763347227923,2.04717228111105,0.9972460116410686,3.1626896166979046,-14.6,-10.5,-1.8930408894943012,-2.04717228111105,14.6,1.893040889494301,True
Ashe|16.10,Ashe,16.10,16.9,,23,31,True,100,14,2.5,0.0,0.0,1.75,0.6694613729609012,0.0,0.0,0.9972460116410686,9,9.0,3,3.0,11.0,1.8250874875662322,1.3862943611198906,1.3862943611198906,2.4849066497880004,-6.5,-3.0,-1.1556261146053308,-1.3862943611198906,6.500000000000002,1.155626114605331,True
Galio|16.10,Galio,16.10,16.9,,15,20,True,100,11,1.9090909090909092,0,0.0,0.0,0.37221314202019096,0.0,0.0,0.0,6,2.8333333333333335,2.0,2.0,3.5,1.2573886846756148,1.0986122886681098,1.0986122886681098,1.4817315064926027,-0.9242424242424243,-2.0,-0.8851755426554239,-1.0986122886681098,3.287878787878788,1.0760522925642741,True
Lee Sin|16.10,Lee Sin,16.10,16.9,,0,0,False,100,0,,,,,,,,,0,,,,,,,,,,,,,,,False
Naafiri|16.10,Naafiri,16.10,16.9,,12,8,False,100,4,0.0,0.0,0.0,0.0,0.0,0.0,0.0,0.0,2,4.5,4.5,3.75,5.25,1.666102255087602,1.666102255087602,1.5261983081037462,1.8060062020714576,-4.5,-4.5,-1.666102255087602,-1.666102255087602,4.5,1.666102255087602,True
Quinn|16.10,Quinn,16.10,16.9,,3,4,False,100,2,0.5,0.5,0.25,0.75,0.34657359027997264,0.34657359027997264,0.17328679513998632,0.5198603854199589,1,4.0,4,4.0,4.0,1.6094379124341003,1.6094379124341003,1.6094379124341003,1.6094379124341003,-3.5,-3.5,-1.2628643221541276,-1.2628643221541276,3.5,1.2628643221541276,True
Shyvana|16.10,Shyvana,16.10,16.9,,6,10,False,100,5,0.2,0,0.0,0.0,0.13862943611198905,0.0,0.0,0.0,1,32.0,32,32.0,32.0,3.4965075614664802,3.4965075614664802,3.4965075614664802,3.4965075614664802,-31.8,-32,-3.357878125354491,-3.4965075614664802,31.8,3.357878125354491,True
Wukong|16.10,Wukong,16.10,16.9,,0,0,False,100,0,,,,,,,,,0,,,,,,,,,,,,,,,False
Zed|16.10,Zed,16.10,16.9,,12,14,True,100,5,0.2,0,0.0,0.0,0.13862943611198905,0.0,0.0,0.0,7,15.0,15,5.5,20.0,2.5347814146701104,2.772588722239781,1.844439727056968,3.044522437723423,-14.8,-15,-2.3961519785581213,-2.772588722239781,14.800000000000002,2.396151978558122,True
Zeri|16.10,Zeri,16.10,16.9,,5,5,False,100,1,0.0,0,0.0,0.0,0.0,0.0,0.0,0.0,1,6.0,6,6.0,6.0,1.9459101490553132,1.9459101490553132,1.9459101490553132,1.9459101490553132,-6.0,-6,-1.9459101490553132,-1.9459101490553132,6.0,1.9459101490553132,True
Brand|16.11,Brand,16.11,16.10,,23,16,True,100,4,0.0,0.0,0.0,0.0,0.0,0.0,0.0,0.0,6,3.6666666666666665,4.5,1.75,5.0,1.4208602268442359,1.7005986908310775,0.922219863528484,1.791759469228055,-3.6666666666666665,-4.5,-1.4208602268442359,-1.7005986908310775,3.6666666666666665,1.4208602268442359,True
Diana|16.11,Diana,16.11,16.10,,13,19,True,100,13,1.2307692307692308,0,0.0,1.0,0.4646349777905703,0.0,0.0,0.6931471805599453,3,24.0,7,6.0,33.5,2.6606916250270674,2.0794415416798357,1.9356005054539454,3.0951577029265733,-22.76923076923077,-7,-2.196056647236497,-2.0794415416798357,22.76923076923077,2.1960566472364973,True
Ekko|16.11,Ekko,16.11,16.10,,9,16,False,100,8,6.125,1.0,0.0,6.25,1.0970594736682902,0.6931471805599453,0.0,1.5728922848895799,6,22.333333333333332,9.5,4.75,18.0,2.4170596560626154,2.3221954495706862,1.7269388197455342,2.9246291676579514,-16.208333333333332,-8.5,-1.3200001823943253,-1.6290482690107408,16.208333333333332,1.320000182394325,True
Heimerdinger|16.11,Heimerdinger,16.11,16.10,,6,7,False,100,2,0.0,0.0,0.0,0.0,0.0,0.0,0.0,0.0,1,18.0,18,18.0,18.0,2.9444389791664403,2.9444389791664403,2.9444389791664403,2.9444389791664403,-18.0,-18.0,-2.9444389791664403,-2.9444389791664403,18.0,2.9444389791664403,True
Kassadin|16.11,Kassadin,16.11,16.10,,4,4,False,100,3,0.3333333333333333,0,0.0,0.5,0.23104906018664842,0.0,0.0,0.34657359027997264,0,,,,,,,,,,,,,,,False
Quinn|16.11,Quinn,16.11,16.10,,4,2,False,100,1,0.0,0,0.0,0.0,0.0,0.0,0.0,0.0,1,2.0,2,2.0,2.0,1.0986122886681098,1.0986122886681098,1.0986122886681098,1.0986122886681098,-2.0,-2,-1.0986122886681098,-1.0986122886681098,2.0,1.0986122886681098,True
Smolder|16.11,Smolder,16.11,16.10,,45,26,True,100,6,1.3333333333333333,0.0,0.0,2.25,0.5296756383913243,0.0,0.0,1.0397207708399179,12,11.666666666666666,9.0,6.25,17.25,2.3237959432582023,2.2975599250672953,1.9619406343684018,2.8976706213817414,-10.333333333333332,-9.0,-1.794120304866878,-2.2975599250672953,10.333333333333334,1.7941203048668781,True
Teemo|16.11,Teemo,16.11,16.10,,21,19,True,100,6,0.16666666666666666,0.0,0.0,0.0,0.11552453009332421,0.0,0.0,0.0,7,16.428571428571427,4,2.0,6.5,1.866922306190774,1.6094379124341003,1.0986122886681098,2.0126758453675744,-16.26190476190476,-4.0,-1.7513977760974497,-1.6094379124341003,16.261904761904766,1.7513977760974502,True
Xin Zhao|16.11,Xin Zhao,16.11,16.10,,0,0,False,100,0,,,,,,,,,0,,,,,,,,,,,,,,,False
Aatrox|16.12,Aatrox,16.12,16.11,,14,13,True,100,5,0.0,0,0.0,0.0,0.0,0.0,0.0,0.0,6,11.5,3.5,1.5,17.5,1.8635137494554463,1.4978661367769954,0.8664339756999315,2.753980140055387,-11.5,-3.5,-1.8635137494554463,-1.4978661367769954,11.5,1.8635137494554466,True
Gwen|16.12,Gwen,16.12,16.11,,8,5,False,100,2,0.5,0.5,0.25,0.75,0.34657359027997264,0.34657359027997264,0.17328679513998632,0.5198603854199589,3,11.666666666666666,12,6.5,17.0,2.131196917983544,2.5649493574615367,1.629048269010741,2.850221786695343,-11.166666666666666,-11.5,-1.7846233277035712,-2.218375767181564,11.166666666666668,1.7846233277035715,True
Hwei|16.12,Hwei,16.12,16.11,,9,12,False,100,5,1.4,1,0.0,2.0,0.6802394763324311,0.6931471805599453,0.0,1.0986122886681098,6,14.333333333333334,15.5,14.25,16.75,2.6430307292419823,2.8029010331479984,2.724184831386603,2.876082154436177,-12.933333333333334,-14.5,-1.9627912529095513,-2.109753852588053,12.933333333333334,1.9627912529095513,True
Jax|16.12,Jax,16.12,16.11,,15,12,True,100,4,1.0,0.5,0.0,1.5,0.5198603854199589,0.34657359027997264,0.0,0.8664339756999315,5,15.2,2,1.0,7.0,1.7508005866988523,1.0986122886681098,0.6931471805599453,2.0794415416798357,-14.2,-1.5,-1.2309402012788935,-0.7520386983881371,14.199999999999998,1.2309402012788933,True
Lee Sin|16.12,Lee Sin,16.12,16.11,,0,0,False,100,0,,,,,,,,,0,,,,,,,,,,,,,,,False
Nocturne|16.12,Nocturne,16.12,16.11,,13,12,True,100,4,0.0,0.0,0.0,0.0,0.0,0.0,0.0,0.0,4,16.0,14.5,13.5,17.0,2.8059105277878684,2.7403194616709956,2.6722749901920415,2.873954999266822,-16.0,-14.5,-2.8059105277878684,-2.7403194616709956,16.0,2.8059105277878684,True
Orianna|16.12,Orianna,16.12,16.11,,12,12,True,100,6,2.3333333333333335,1.0,0.25,1.75,0.8138003204310618,0.6931471805599453,0.17328679513998632,0.9972460116410686,5,10.6,3,1.0,15.0,1.8143075938191449,1.3862943611198906,0.6931471805599453,2.772588722239781,-8.266666666666666,-2.0,-1.000507273388083,-0.6931471805599453,8.266666666666666,1.000507273388083,True
Ryze|16.12,Ryze,16.12,16.11,,2,9,False,100,7,6.571428571428571,0,0.0,2.0,0.8343773796247712,0.0,0.0,1.0397207708399179,1,18.0,18,18.0,18.0,2.9444389791664403,2.9444389791664403,2.9444389791664403,2.9444389791664403,-11.428571428571429,-18,-2.110061599541669,-2.9444389791664403,18.285714285714285,2.343421924263704,True
Sylas|16.12,Sylas,16.12,16.11,,15,28,True,100,14,1.2857142857142858,0.0,0.0,1.75,0.540005747501559,0.0,0.0,0.9972460116410686,7,9.428571428571429,8,5.0,12.0,2.1388915428524333,2.1972245773362196,1.732867951399863,2.5375869076169133,-8.142857142857142,-8.0,-1.5988857953508742,-2.1972245773362196,8.142857142857144,1.5988857953508742,True
Syndra|16.12,Syndra,16.12,16.11,,9,14,False,100,8,3.375,0.5,0.0,4.25,0.8644654310789143,0.34657359027997264,0.0,1.4451858789480823,2,27.0,27.0,14.0,40.0,2.34106561356211,2.34106561356211,1.5171063970610277,3.1650248300631922,-23.625,-26.5,-1.4766001824831956,-1.9944920232821373,23.625,1.4766001824831956,True
Tristana|16.12,Tristana,16.12,16.11,,6,12,False,100,6,1.0,0.0,0.0,0.0,0.32431835817588556,0.0,0.0,0.0,1,3.0,3,3.0,3.0,1.3862943611198906,1.3862943611198906,1.3862943611198906,1.3862943611198906,-2.0,-3.0,-1.061976002944005,-1.3862943611198906,3.0,1.2485145989224793,True
Varus|16.12,Varus,16.12,16.11,,8,7,False,100,1,50.0,50,50.0,50.0,3.9318256327243257,3.9318256327243257,3.9318256327243257,3.9318256327243257,5,13.6,3,1.0,7.0,1.7790163063508335,1.3862943611198906,0.6931471805599453,2.0794415416798357,36.4,47,2.152809326373492,2.5455312716044354,38.800000000000004,2.197299580417582,True
Xin Zhao|16.12,Xin Zhao,16.12,16.11,,0,0,False,100,0,,,,,,,,,0,,,,,,,,,,,,,,,False
Yuumi|16.12,Yuumi,16.12,16.11,,5,8,False,100,5,1.4,0,0.0,1.0,0.5278114659230517,0.0,0.0,0.6931471805599453,1,1.0,1,1.0,1.0,0.6931471805599453,0.6931471805599453,0.6931471805599453,0.6931471805599453,0.3999999999999999,-1,-0.16533571463689356,-0.6931471805599453,1.5999999999999996,0.6664409020350408,True
Aphelios|16.13,Aphelios,16.13,16.12,,8,10,False,100,4,8.0,6.5,0.0,14.5,1.4086974007923123,1.3195286648076292,0.0,2.7282260655999413,4,9.75,7.0,2.5,14.25,1.9458060040840093,1.9356005054539454,1.2130075659799042,2.6683989435580506,-1.75,-0.5,-0.537108603291697,-0.6160718406463161,2.75,0.6141839432053259,True
Bard|16.13,Bard,16.13,16.12,,10,14,True,100,6,2.3333333333333335,1.0,0.0,2.0,0.7658533083557651,0.5493061443340549,0.0,1.0986122886681098,4,6.5,4.5,2.25,8.75,1.555644067017842,1.666102255087602,1.0397207708399179,2.182025551265526,-4.166666666666666,-3.5,-0.7897907586620768,-1.1167961107535471,4.166666666666667,0.789790758662077,True
Brand|16.13,Brand,16.13,16.12,,23,25,True,100,13,0.46153846153846156,0,0.0,0.0,0.2444656792575343,0.0,0.0,0.0,8,5.375,1.0,0.75,7.5,1.2157244080157295,0.6931471805599453,0.5198603854199589,2.100669951156869,-4.913461538461538,-1.0,-0.9712587287581952,-0.6931471805599453,4.913461538461538,0.9712587287581953,True
Cassiopeia|16.13,Cassiopeia,16.13,16.12,,5,2,False,100,0,,,,,,,,,2,9.5,9.5,7.75,11.25,2.2924837393352857,2.2924837393352857,2.1191969441952994,2.465770534475272,,,,,,,False
Draven|16.13,Draven,16.13,16.12,,8,17,False,100,8,4.625,3.0,0.0,8.0,1.2469992804153596,1.3862943611198906,0.0,2.1808078187068767,7,23.142857142857142,17,5.0,29.0,2.5912692392779197,2.8903717578961645,1.791759469228055,3.3140206880897667,-18.517857142857142,-14.0,-1.3442699588625602,-1.504077396776274,18.517857142857146,1.34426995886256,True
K'Sante|16.13,K'Sante,16.13,16.12,,0,0,False,100,0,,,,,,,,,0,,,,,,,,,,,,,,,False
Kai'Sa|16.13,Kai'Sa,16.13,16.12,,0,0,False,100,0,,,,,,,,,0,,,,,,,,,,,,,,,False
LeBlanc|16.13,LeBlanc,16.13,16.12,,0,0,False,100,0,,,,,,,,,0,,,,,,,,,,,,,,,False
Olaf|16.13,Olaf,16.13,16.12,,7,9,False,100,6,0.0,0.0,0.0,0.0,0.0,0.0,0.0,0.0,1,3.0,3,3.0,3.0,1.3862943611198906,1.3862943611198906,1.3862943611198906,1.3862943611198906,-3.0,-3.0,-1.3862943611198906,-1.3862943611198906,3.0,1.3862943611198906,True
Poppy|16.13,Poppy,16.13,16.12,,5,20,False,100,17,1.0,0,0.0,1.0,0.39987884782205474,0.0,0.0,0.6931471805599453,2,17.0,17.0,12.5,21.5,2.7465307216702746,2.7465307216702746,2.471877649503247,3.021183793837302,-16.0,-17.0,-2.34665187384822,-2.7465307216702746,16.0,2.3466518738482196,True
Qiyana|16.13,Qiyana,16.13,16.12,,6,5,False,100,2,10.0,10.0,5.0,15.0,1.5222612188617115,1.5222612188617115,0.7611306094308558,2.2833918282925674,3,23.333333333333332,29,18.0,31.5,3.0119956616104684,3.4011973816621555,2.7403194616709956,3.4782727215757845,-13.333333333333332,-19.0,-1.4897344427487569,-1.878936162800444,13.333333333333336,1.4897344427487567,True
Rek'Sai|16.13,Rek'Sai,16.13,16.12,,0,0,False,100,0,,,,,,,,,0,,,,,,,,,,,,,,,False
Rumble|16.13,Rumble,16.13,16.12,,6,8,False,100,2,0.0,0.0,0.0,0.0,0.0,0.0,0.0,0.0,2,4.0,4.0,3.0,5.0,1.5222612188617115,1.5222612188617115,1.3104367537649106,1.7340856839585124,-4.0,-4.0,-1.5222612188617115,-1.5222612188617115,4.0,1.5222612188617115,True
Senna|16.13,Senna,16.13,16.12,,34,43,True,100,22,1.2727272727272727,0.0,0.0,1.75,0.5236769833917911,0.0,0.0,0.9972460116410686,14,8.071428571428571,5.5,2.0,11.0,1.7594490700466185,1.868834809141684,1.0986122886681098,2.4730181624302077,-6.798701298701299,-5.5,-1.2357720866548274,-1.868834809141684,6.798701298701299,1.2357720866548274,True
Sion|16.13,Sion,16.13,16.12,,13,14,True,100,9,0.4444444444444444,0,0.0,0.0,0.24413606414846883,0.0,0.0,0.0,3,13.333333333333334,7,4.5,19.0,2.214596577715891,2.0794415416798357,1.5890269151739727,2.772588722239781,-12.88888888888889,-7,-1.970460513567422,-2.0794415416798357,12.88888888888889,1.970460513567422,True
Vex|16.13,Vex,16.13,16.12,,5,7,False,100,3,0.0,0,0.0,0.0,0.0,0.0,0.0,0.0,3,30.666666666666668,2,1.5,45.5,2.097189713186107,1.0986122886681098,0.8958797346140275,2.7992109794991875,-30.666666666666668,-2,-2.097189713186107,-1.0986122886681098,30.66666666666667,2.097189713186107,True
Zaahen|16.13,Zaahen,16.13,16.12,,8,7,False,100,2,9.0,9.0,5.5,12.5,1.965912816362163,1.965912816362163,1.5322625525151363,2.3995630802091896,2,6.5,6.5,3.25,9.75,1.3195286648076292,1.3195286648076292,0.6597643324038146,1.9792929972114437,2.5,2.5,0.6463841515545339,0.6463841515545339,2.5,0.6463841515545338,True
Azir|16.14,Azir,16.14,16.13,,6,7,False,100,1,0.0,0,0.0,0.0,0.0,0.0,0.0,0.0,4,9.75,10.0,4.5,15.25,2.1959639741609855,2.282174095733918,1.690393192201014,2.78774487769389,-9.75,-10.0,-2.1959639741609855,-2.282174095733918,9.75,2.195963974160986,True
Corki|16.14,Corki,16.14,16.13,,5,7,False,100,3,0.0,0,0.0,0.0,0.0,0.0,0.0,0.0,2,6.5,6.5,3.25,9.75,1.3195286648076292,1.3195286648076292,0.6597643324038146,1.9792929972114437,-6.5,-6.5,-1.3195286648076292,-1.3195286648076292,6.5,1.3195286648076292,True
Garen|16.14,Garen,16.14,16.13,,31,15,True,100,5,0.0,0,0.0,0.0,0.0,0.0,0.0,0.0,8,8.5,3.0,1.0,8.75,1.5642681759537111,1.354025100551105,0.6931471805599453,2.104950211351897,-8.5,-3.0,-1.5642681759537111,-1.354025100551105,8.5,1.5642681759537111,True
Jayce|16.14,Jayce,16.14,16.13,,11,15,True,100,10,10.4,0.5,0.0,4.0,1.048010091684012,0.34657359027997264,0.0,1.6094379124341003,5,4.2,4,3.0,5.0,1.4180153671552183,1.6094379124341003,1.3862943611198906,1.791759469228055,6.2,-3.5,-0.3700052754712062,-1.2628643221541276,9.599999999999998,0.8072155308188248,True
Locke|16.14,Locke,16.14,16.13,,31,20,True,100,7,0.0,0,0.0,0.0,0.0,0.0,0.0,0.0,10,6.2,6.5,3.5,8.75,1.8362509111096998,2.0126758453675744,1.4876606381469317,2.276244964079589,-6.2,-6.5,-1.8362509111096998,-2.0126758453675744,6.199999999999999,1.8362509111096998,True
Mordekaiser|16.14,Mordekaiser,16.14,16.13,,16,29,True,100,15,1.8666666666666667,0,0.0,0.5,0.4586237202973626,0.0,0.0,0.34657359027997264,8,5.125,3.5,2.0,5.75,1.5860623493468082,1.4978661367769954,1.0986122886681098,1.8283050967725751,-3.2583333333333333,-3.5,-1.1274386290494456,-1.4978661367769954,3.658333333333333,1.1517481699553065,True
Nami|16.14,Nami,16.14,16.13,,17,13,True,100,3,2.6666666666666665,3,1.5,4.0,1.0593512767826485,1.3862943611198906,0.6931471805599453,1.5890269151739727,7,26.857142857142858,9,7.0,35.0,2.706274539511502,2.302585092994046,2.0794415416798357,3.4202732646443437,-24.19047619047619,-6,-1.6469232627288537,-0.9162907318741553,24.19047619047619,1.6469232627288544,True
Senna|16.14,Senna,16.14,16.13,,43,27,True,100,15,1.2,0,0.0,1.5,0.4969813299576,0.0,0.0,0.8958797346140275,10,12.1,6.5,4.0,16.0,2.1245297240783065,1.9944920232821373,1.6094379124341003,2.833213344056216,-10.9,-6.5,-1.6275483941207065,-1.9944920232821373,10.899999999999999,1.6275483941207063,True
Seraphine|16.14,Seraphine,16.14,16.13,,48,29,True,100,7,0.8571428571428571,0,0.0,1.0,0.3868643144431729,0.0,0.0,0.5493061443340549,18,13.5,6.5,3.0,24.75,2.180081846095385,2.0126758453675744,1.3862943611198906,3.248291359733162,-12.642857142857142,-6.5,-1.7932175316522119,-2.0126758453675744,12.642857142857142,1.7932175316522116,True
Yunara|16.14,Yunara,16.14,16.13,,15,14,True,100,3,6.666666666666667,4,2.0,10.0,1.4808837521634388,1.6094379124341003,0.8047189562170501,2.2213256282451583,5,4.4,4,2.0,4.0,1.5627991350005581,1.6094379124341003,1.0986122886681098,1.6094379124341003,2.2666666666666666,0,-0.0819153828371193,0.0,3.6000000000000005,0.6504928096082871,True
Alistar|16.15,Alistar,16.15,16.14,,10,12,True,100,7,0.5714285714285714,0,0.0,1.0,0.35498666425542863,0.0,0.0,0.6931471805599453,5,3.6,2,1.0,6.0,1.3256082752359066,1.0986122886681098,0.6931471805599453,1.9459101490553132,-3.0285714285714285,-2,-0.970621610980478,-1.0986122886681098,3.0285714285714285,0.970621610980478,True
Bel'Veth|16.15,Bel'Veth,16.15,16.14,,0,0,False,100,0,,,,,,,,,0,,,,,,,,,,,,,,,False
Kai'Sa|16.15,Kai'Sa,16.15,16.14,,0,0,False,100,0,,,,,,,,,0,,,,,,,,,,,,,,,False
Locke|16.15,Locke,16.15,16.14,,20,17,True,100,5,3.0,2,0.0,3.0,0.9765603845172741,1.0986122886681098,0.0,1.3862943611198906,7,7.142857142857143,9,3.0,11.0,1.8902252089110922,2.302585092994046,1.354025100551105,2.4814223151299535,-4.142857142857143,-7,-0.9136648243938181,-1.2039728043259361,4.142857142857143,0.9136648243938182,True
Maokai|16.15,Maokai,16.15,16.14,,4,8,False,100,6,0.0,0.0,0.0,0.0,0.0,0.0,0.0,0.0,1,6.0,6,6.0,6.0,1.9459101490553132,1.9459101490553132,1.9459101490553132,1.9459101490553132,-6.0,-6.0,-1.9459101490553132,-1.9459101490553132,6.0,1.9459101490553132,True
Mordekaiser|16.15,Mordekaiser,16.15,16.14,,29,18,True,100,10,0.1,0.0,0.0,0.0,0.06931471805599453,0.0,0.0,0.0,7,5.142857142857143,3,1.0,5.5,1.3649686826066532,1.3862943611198906,0.6931471805599453,1.868834809141684,-5.042857142857144,-3.0,-1.2956539645506586,-1.3862943611198906,5.042857142857144,1.2956539645506586,True
Naafiri|16.15,Naafiri,16.15,16.14,,11,8,False,100,4,0.0,0.0,0.0,0.0,0.0,0.0,0.0,0.0,3,5.666666666666667,7,4.0,8.0,1.6917246050779422,2.0794415416798357,1.3862943611198906,2.1910133173369406,-5.666666666666667,-7.0,-1.6917246050779422,-2.0794415416798357,5.666666666666667,1.6917246050779424,True
Riven|16.15,Riven,16.15,16.14,,9,7,False,100,2,0.0,0.0,0.0,0.0,0.0,0.0,0.0,0.0,3,42.0,27,17.5,59.0,3.3504058881868217,3.332204510175204,2.7647145437557117,3.9269965436121224,-42.0,-27.0,-3.3504058881868217,-3.332204510175204,42.0,3.3504058881868213,True
Sylas|16.15,Sylas,16.15,16.14,,37,32,True,100,14,2.2857142857142856,1.0,0.0,3.5,0.8614207239537208,0.6931471805599453,0.0,1.4817315064926027,14,6.142857142857143,3.5,2.0,6.0,1.633388134435288,1.4978661367769954,1.0986122886681098,1.9459101490553132,-3.8571428571428577,-2.5,-0.7719674104815673,-0.8047189562170501,3.8571428571428568,0.771967410481567,True
Volibear|16.15,Volibear,16.15,16.14,,9,10,False,100,5,5.2,1,0.0,3.0,1.0429871515217972,0.6931471805599453,0.0,1.3862943611198906,4,4.75,4.5,2.75,6.5,1.6570103440448833,1.666102255087602,1.3143738430069454,2.0087387561255396,0.4500000000000002,-3.5,-0.6140231925230861,-0.9729550745276566,5.1499999999999995,0.9893310479602582,True
Zac|16.15,Zac,16.15,16.14,,7,7,False,100,1,0.0,0,0.0,0.0,0.0,0.0,0.0,0.0,5,42.8,13,5.0,93.0,3.0721981800951923,2.6390573296152584,1.791759469228055,4.543294782270004,-42.8,-13,-3.0721981800951923,-2.6390573296152584,42.8,3.0721981800951923,True
Azir|16.16,Azir,16.16,16.15,,6,9,False,100,5,0.4,0,0.0,0.0,0.21972245773362195,0.0,0.0,0.0,3,43.666666666666664,29,24.0,56.0,3.60924881801982,3.4011973816621555,3.198464827608073,3.9160070902527346,-43.266666666666666,-29,-3.389526360286198,-3.4011973816621555,43.26666666666667,3.389526360286198,True
Bel'Veth|16.16,Bel'Veth,16.16,16.15,,0,0,False,100,0,,,,,,,,,0,,,,,,,,,,,,,,,False
Camille|16.16,Camille,16.16,16.15,,16,14,True,100,8,4.375,1.5,0.0,5.25,1.087439343526274,0.8958797346140275,0.0,1.7827247075740866,6,6.333333333333333,5.0,2.25,8.5,1.7322156348463407,1.732867951399863,1.170532806781055,2.2467992051654933,-1.958333333333333,-3.5,-0.6447762913200668,-0.8369882167858356,2.7083333333333335,0.6854060236945103,True
Gwen|16.16,Gwen,16.16,16.15,,2,9,False,100,7,3.142857142857143,0,0.0,2.5,0.7418509786986015,0.0,0.0,1.1512925464970227,1,6.0,6,6.0,6.0,1.9459101490553132,1.9459101490553132,1.9459101490553132,1.9459101490553132,-2.857142857142857,-6,-1.2040591703567118,-1.9459101490553132,6.000000000000001,1.4739053443112407,True
Kennen|16.16,Kennen,16.16,16.15,,2,5,False,100,3,0.0,0,0.0,0.0,0.0,0.0,0.0,0.0,0,,,,,,,,,,,,,,,False
Nasus|16.16,Nasus,16.16,16.15,,20,38,True,100,22,0.3181818181818182,0.0,0.0,0.0,0.1813174566620125,0.0,0.0,0.0,11,5.090909090909091,2,1.0,4.0,1.3922640915305606,1.0986122886681098,0.6931471805599453,1.5890269151739727,-4.7727272727272725,-2.0,-1.2109466348685483,-1.0986122886681098,4.772727272727273,1.210946634868548,True
Poppy|16.16,Poppy,16.16,16.15,,10,15,True,100,10,0.8,0.0,0.0,0.75,0.358351893845611,0.0,0.0,0.5198603854199589,5,8.4,3,1.0,3.0,1.4098509682511673,1.3862943611198906,0.6931471805599453,1.3862943611198906,-7.6000000000000005,-3.0,-1.0514990744055563,-1.3862943611198906,7.599999999999998,1.0514990744055561,True
Aurelion Sol|16.17,Aurelion Sol,16.17,16.16,,0,0,False,100,0,,,,,,,,,0,,,,,,,,,,,,,,,False
Cho'Gath|16.17,Cho'Gath,16.17,16.16,,0,0,False,100,0,,,,,,,,,0,,,,,,,,,,,,,,,False
Graves|16.17,Graves,16.17,16.16,,24,20,True,100,6,0.6666666666666666,0.0,0.0,0.0,0.26823965207235007,0.0,0.0,0.0,9,4.666666666666667,5,2.0,5.0,1.6078008809054467,1.791759469228055,1.0986122886681098,1.791759469228055,-4.0,-5.0,-1.3395612288330967,-1.791759469228055,4.0,1.3395612288330967,True
Irelia|16.17,Irelia,16.17,16.16,,10,14,True,100,8,0.0,0.0,0.0,0.0,0.0,0.0,0.0,0.0,5,19.4,7,2.0,7.0,1.9328429238584068,2.0794415416798357,1.0986122886681098,2.0794415416798357,-19.4,-7.0,-1.9328429238584068,-2.0794415416798357,19.4,1.9328429238584068,True
LeBlanc|16.17,LeBlanc,16.17,16.16,,0,0,False,100,0,,,,,,,,,0,,,,,,,,,,,,,,,False
Nasus|16.17,Nasus,16.17,16.16,,38,31,True,100,14,1.0714285714285714,0.0,0.0,0.75,0.40449717715256756,0.0,0.0,0.5198603854199589,15,3.6666666666666665,1,1.0,4.0,1.1945215526557036,0.6931471805599453,0.6931471805599453,1.6094379124341003,-2.595238095238095,-1.0,-0.790024375503136,-0.6931471805599453,2.595238095238095,0.7900243755031359,True
Nocturne|16.17,Nocturne,16.17,16.16,,20,15,True,100,7,2.2857142857142856,1,0.0,5.0,0.86691794117773,0.6931471805599453,0.0,1.791759469228055,6,14.0,8.0,2.75,19.25,2.0529058522306056,2.1383330595080277,1.271899083808096,2.9728473243938622,-11.714285714285715,-7.0,-1.1859879110528757,-1.4451858789480823,11.714285714285714,1.1859879110528757,True
Qiyana|16.17,Qiyana,16.17,16.16,,9,13,False,100,7,3.7142857142857144,0,0.0,2.0,0.7449908225155694,0.0,0.0,1.0397207708399179,5,30.2,40,9.0,42.0,3.1691565727272053,3.713572066704308,2.302585092994046,3.7612001156935624,-26.485714285714284,-40,-2.424165750211636,-3.713572066704308,26.485714285714284,2.424165750211636,True
Thresh|16.17,Thresh,16.17,16.16,,20,18,True,100,9,1.1111111111111112,0,0.0,2.0,0.5319435269757828,0.0,0.0,1.0986122886681098,7,6.142857142857143,5,2.0,9.0,1.704579537691744,1.791759469228055,1.0397207708399179,2.2975599250672953,-5.031746031746032,-5,-1.1726360107159612,-1.791759469228055,5.031746031746032,1.1726360107159608,True
Trundle|16.17,Trundle,16.17,16.16,,5,4,False,100,2,0.0,0.0,0.0,0.0,0.0,0.0,0.0,0.0,2,3.5,3.5,3.25,3.75,1.4978661367769954,1.4978661367769954,1.442080248948443,1.5536520246055479,-3.5,-3.5,-1.4978661367769954,-1.4978661367769954,3.5,1.4978661367769954,True
Vayne|16.17,Vayne,16.17,16.16,,17,10,True,100,5,0.8,1,0.0,1.0,0.4969813299576001,0.6931471805599453,0.0,0.6931471805599453,4,6.25,6.0,4.0,8.25,1.9296713737996165,1.9033312448851598,1.6094379124341003,2.2235647062506763,-5.45,-5.0,-1.4326900438420165,-1.2101840643252144,5.45,1.4326900438420167,True
Xerath|16.17,Xerath,16.17,16.16,,17,18,True,100,11,1.8181818181818181,0,0.0,3.5,0.6287021316937558,0.0,0.0,1.4451858789480823,7,16.714285714285715,4,3.0,12.5,2.1284240855515297,1.6094379124341003,1.3862943611198906,2.5119402604231382,-14.896103896103897,-4,-1.499721953857774,-1.6094379124341003,14.896103896103899,1.499721953857774,True
Yasuo|16.17,Yasuo,16.17,16.16,,23,28,True,100,13,6.461538461538462,1,1.0,2.0,0.9643172549498819,0.6931471805599453,0.6931471805599453,1.0986122886681098,12,12.083333333333334,5.5,1.0,17.75,1.9078260955704565,1.844439727056968,0.6931471805599453,2.8534198875780636,-5.621794871794872,-4.5,-0.9435088406205746,-1.1512925464970225,10.237179487179487,1.0312849726925153,True
Yone|16.17,Yone,16.17,16.16,,20,28,True,100,15,0.9333333333333333,1,0.0,1.0,0.4969813299576,0.6931471805599453,0.0,0.6931471805599453,11,5.7272727272727275,4,3.0,5.5,1.665753490722156,1.6094379124341003,1.3862943611198906,1.868834809141684,-4.793939393939394,-3,-1.168772160764556,-0.916290731874155,4.793939393939394,1.1687721607645563,True
