event_id,player_id,champion,patch,pre_patch,change_direction,period,matches_in_period,rank_stratum,primary_role,prior_champion_count_100,familiarity_group_100,experience_eligible_100,prior_champion_count_50,familiarity_group_50,experience_eligible_50,participation_status
Akshan|16.1,P004,Akshan,16.1,15.24,,post,1,GOLD,MIDDLE,,,False,0,observed_new,True,post_only
Akshan|16.1,P053,Akshan,16.1,15.24,,pre,2,GOLD,TOP,,,False,0,observed_new,True,pre_only
Akshan|16.1,P137,Akshan,16.1,15.24,,pre,1,PLATINUM,MIDDLE,,,False,,,False,pre_only
Akshan|16.1,P146,Akshan,16.1,15.24,,pre,1,PLATINUM,MIDDLE,,,False,1,limited_1_4,True,pre_only
Akshan|16.1,P338,Akshan,16.1,15.24,,pre,2,DIAMOND,UTILITY,0,observed_new,True,0,observed_new,True,pre_only
Akshan|16.1,P341,Akshan,16.1,15.24,,pre,1,DIAMOND,BOTTOM,0,observed_new,True,0,observed_new,True,pre_only
Akshan|16.1,P360,Akshan,16.1,15.24,,post,1,DIAMOND,MIDDLE,,,False,,,False,post_only
Akshan|16.1,P365,Akshan,16.1,15.24,,pre,3,DIAMOND,TOP,0,observed_new,True,0,observed_new,True,pre_only
Akshan|16.1,P455,Akshan,16.1,15.24,,post,3,MASTER+,MIDDLE,12,established_5plus,True,11,established_5plus,True,both
Akshan|16.1,P455,Akshan,16.1,15.24,,pre,7,MASTER+,MIDDLE,,,False,5,established_5plus,True,both
Akshan|16.1,P460,Akshan,16.1,15.24,,post,2,MASTER+,MIDDLE,30,established_5plus,True,15,established_5plus,True,both
Akshan|16.1,P460,Akshan,16.1,15.24,,pre,5,MASTER+,MIDDLE,30,established_5plus,True,16,established_5plus,True,both
Aphelios|16.1,P005,Aphelios,16.1,15.24,,post,1,GOLD,JUNGLE,,,False,,,False,both
Aphelios|16.1,P005,Aphelios,16.1,15.24,,pre,2,GOLD,JUNGLE,,,False,,,False,both
Aphelios|16.1,P007,Aphelios,16.1,15.24,,post,2,GOLD,TOP,0,observed_new,True,0,observed_new,True,post_only
Aphelios|16.1,P053,Aphelios,16.1,15.24,,pre,2,GOLD,TOP,,,False,,,False,pre_only
Aphelios|16.1,P064,Aphelios,16.1,15.24,,post,1,GOLD,BOTTOM,,,False,,,False,post_only
Aphelios|16.1,P087,Aphelios,16.1,15.24,,pre,4,GOLD,BOTTOM,18,established_5plus,True,17,established_5plus,True,pre_only
Aphelios|16.1,P172,Aphelios,16.1,15.24,,post,1,PLATINUM,BOTTOM,,,False,,,False,post_only
Aphelios|16.1,P189,Aphelios,16.1,15.24,,post,2,PLATINUM,TOP,,,False,0,observed_new,True,both
Aphelios|16.1,P189,Aphelios,16.1,15.24,,pre,1,PLATINUM,TOP,,,False,,,False,both
Aphelios|16.1,P192,Aphelios,16.1,15.24,,post,1,PLATINUM,TOP,0,observed_new,True,0,observed_new,True,post_only
Aphelios|16.1,P195,Aphelios,16.1,15.24,,post,4,PLATINUM,JUNGLE,,,False,,,False,post_only
Aphelios|16.1,P201,Aphelios,16.1,15.24,,post,1,EMERALD,MIDDLE,1,limited_1_4,True,0,observed_new,True,both
Aphelios|16.1,P201,Aphelios,16.1,15.24,,pre,1,EMERALD,MIDDLE,0,observed_new,True,0,observed_new,True,both
Aphelios|16.1,P218,Aphelios,16.1,15.24,,post,1,EMERALD,UTILITY,0,observed_new,True,0,observed_new,True,post_only
Aphelios|16.1,P239,Aphelios,16.1,15.24,,post,2,EMERALD,BOTTOM,5,established_5plus,True,0,observed_new,True,post_only
Aphelios|16.1,P249,Aphelios,16.1,15.24,,post,1,EMERALD,BOTTOM,,,False,1,limited_1_4,True,both
Aphelios|16.1,P249,Aphelios,16.1,15.24,,pre,1,EMERALD,BOTTOM,,,False,0,observed_new,True,both
Aphelios|16.1,P251,Aphelios,16.1,15.24,,pre,2,EMERALD,TOP,3,limited_1_4,True,2,limited_1_4,True,pre_only
Aphelios|16.1,P262,Aphelios,16.1,15.24,,pre,7,EMERALD,MIDDLE,,,False,,,False,pre_only
Aphelios|16.1,P269,Aphelios,16.1,15.24,,post,1,EMERALD,MIDDLE,0,observed_new,True,0,observed_new,True,post_only
Aphelios|16.1,P305,Aphelios,16.1,15.24,,post,1,DIAMOND,BOTTOM,0,observed_new,True,0,observed_new,True,post_only
Aphelios|16.1,P307,Aphelios,16.1,15.24,,post,2,DIAMOND,BOTTOM,,,False,,,False,both
Aphelios|16.1,P307,Aphelios,16.1,15.24,,pre,6,DIAMOND,BOTTOM,,,False,,,False,both
Aphelios|16.1,P318,Aphelios,16.1,15.24,,post,50,DIAMOND,BOTTOM,68,established_5plus,True,39,established_5plus,True,post_only
Aphelios|16.1,P383,Aphelios,16.1,15.24,,post,9,DIAMOND,BOTTOM,,,False,,,False,post_only
Aphelios|16.1,P384,Aphelios,16.1,15.24,,post,8,DIAMOND,BOTTOM,11,established_5plus,True,2,limited_1_4,True,both
Aphelios|16.1,P384,Aphelios,16.1,15.24,,pre,14,DIAMOND,BOTTOM,,,False,12,established_5plus,True,both
Aphelios|16.1,P467,Aphelios,16.1,15.24,,post,5,MASTER+,BOTTOM,,,False,0,observed_new,True,both
Aphelios|16.1,P467,Aphelios,16.1,15.24,,pre,1,MASTER+,BOTTOM,,,False,,,False,both
Aphelios|16.1,P484,Aphelios,16.1,15.24,,post,7,MASTER+,BOTTOM,,,False,21,established_5plus,True,both
Aphelios|16.1,P484,Aphelios,16.1,15.24,,pre,26,MASTER+,BOTTOM,,,False,,,False,both
Ashe|16.1,P008,Ashe,16.1,15.24,,pre,1,GOLD,JUNGLE,,,False,0,observed_new,True,pre_only
Ashe|16.1,P037,Ashe,16.1,15.24,,post,1,GOLD,JUNGLE,0,observed_new,True,0,observed_new,True,post_only
Ashe|16.1,P040,Ashe,16.1,15.24,,pre,1,GOLD,BOTTOM,,,False,,,False,pre_only
Ashe|16.1,P053,Ashe,16.1,15.24,,pre,1,GOLD,TOP,,,False,0,observed_new,True,pre_only
Ashe|16.1,P105,Ashe,16.1,15.24,,pre,1,PLATINUM,MIDDLE,0,observed_new,True,0,observed_new,True,pre_only
Ashe|16.1,P111,Ashe,16.1,15.24,,pre,3,PLATINUM,BOTTOM,,,False,,,False,pre_only
Ashe|16.1,P131,Ashe,16.1,15.24,,pre,8,PLATINUM,JUNGLE,25,established_5plus,True,15,established_5plus,True,pre_only
Ashe|16.1,P137,Ashe,16.1,15.24,,pre,3,PLATINUM,MIDDLE,,,False,,,False,pre_only
Ashe|16.1,P180,Ashe,16.1,15.24,,pre,1,PLATINUM,BOTTOM,1,limited_1_4,True,0,observed_new,True,pre_only
Ashe|16.1,P181,Ashe,16.1,15.24,,post,1,PLATINUM,JUNGLE,2,limited_1_4,True,1,limited_1_4,True,both
Ashe|16.1,P181,Ashe,16.1,15.24,,pre,1,PLATINUM,JUNGLE,1,limited_1_4,True,0,observed_new,True,both
Ashe|16.1,P201,Ashe,16.1,15.24,,pre,1,EMERALD,MIDDLE,0,observed_new,True,0,observed_new,True,pre_only
Ashe|16.1,P218,Ashe,16.1,15.24,,post,1,EMERALD,UTILITY,1,limited_1_4,True,0,observed_new,True,both
Ashe|16.1,P218,Ashe,16.1,15.24,,pre,1,EMERALD,UTILITY,,,False,0,observed_new,True,both
Ashe|16.1,P220,Ashe,16.1,15.24,,post,4,EMERALD,BOTTOM,18,established_5plus,True,13,established_5plus,True,both
Ashe|16.1,P220,Ashe,16.1,15.24,,pre,15,EMERALD,BOTTOM,6,established_5plus,True,3,limited_1_4,True,both
Ashe|16.1,P239,Ashe,16.1,15.24,,pre,5,EMERALD,BOTTOM,1,limited_1_4,True,1,limited_1_4,True,pre_only
Ashe|16.1,P240,Ashe,16.1,15.24,,pre,1,EMERALD,BOTTOM,1,limited_1_4,True,0,observed_new,True,pre_only
Ashe|16.1,P249,Ashe,16.1,15.24,,pre,1,EMERALD,BOTTOM,,,False,,,False,pre_only
Ashe|16.1,P251,Ashe,16.1,15.24,,pre,5,EMERALD,TOP,,,False,0,observed_new,True,pre_only
Ashe|16.1,P252,Ashe,16.1,15.24,,pre,1,EMERALD,BOTTOM,0,observed_new,True,0,observed_new,True,pre_only
Ashe|16.1,P259,Ashe,16.1,15.24,,post,2,EMERALD,UTILITY,1,limited_1_4,True,0,observed_new,True,post_only
Ashe|16.1,P262,Ashe,16.1,15.24,,pre,3,EMERALD,MIDDLE,,,False,,,False,pre_only
Ashe|16.1,P302,Ashe,16.1,15.24,,pre,9,DIAMOND,UTILITY,,,False,,,False,pre_only
Ashe|16.1,P338,Ashe,16.1,15.24,,pre,1,DIAMOND,UTILITY,0,observed_new,True,0,observed_new,True,pre_only
Ashe|16.1,P341,Ashe,16.1,15.24,,pre,1,DIAMOND,BOTTOM,1,limited_1_4,True,0,observed_new,True,pre_only
Ashe|16.1,P383,Ashe,16.1,15.24,,post,5,DIAMOND,BOTTOM,,,False,,,False,post_only
Ashe|16.1,P444,Ashe,16.1,15.24,,pre,1,MASTER+,UTILITY,0,observed_new,True,0,observed_new,True,pre_only
Ashe|16.1,P448,Ashe,16.1,15.24,,pre,1,MASTER+,UTILITY,,,False,,,False,pre_only
Ashe|16.1,P467,Ashe,16.1,15.24,,pre,15,MASTER+,BOTTOM,,,False,,,False,pre_only
Ashe|16.1,P485,Ashe,16.1,15.24,,post,1,MASTER+,BOTTOM,,,False,,,False,post_only
Caitlyn|16.1,P004,Caitlyn,16.1,15.24,,post,2,GOLD,MIDDLE,,,False,,,False,post_only
Caitlyn|16.1,P005,Caitlyn,16.1,15.24,,post,1,GOLD,JUNGLE,,,False,,,False,post_only
Caitlyn|16.1,P007,Caitlyn,16.1,15.24,,post,2,GOLD,TOP,2,limited_1_4,True,0,observed_new,True,post_only
Caitlyn|16.1,P038,Caitlyn,16.1,15.24,,post,1,GOLD,MIDDLE,0,observed_new,True,0,observed_new,True,post_only
Caitlyn|16.1,P040,Caitlyn,16.1,15.24,,post,1,GOLD,BOTTOM,,,False,,,False,post_only
Caitlyn|16.1,P048,Caitlyn,16.1,15.24,,pre,2,GOLD,BOTTOM,2,limited_1_4,True,1,limited_1_4,True,pre_only
Caitlyn|16.1,P053,Caitlyn,16.1,15.24,,post,6,GOLD,TOP,2,limited_1_4,True,0,observed_new,True,both
Caitlyn|16.1,P053,Caitlyn,16.1,15.24,,pre,2,GOLD,TOP,,,False,0,observed_new,True,both
Caitlyn|16.1,P055,Caitlyn,16.1,15.24,,post,1,GOLD,TOP,,,False,0,observed_new,True,post_only
Caitlyn|16.1,P085,Caitlyn,16.1,15.24,,pre,1,GOLD,BOTTOM,0,observed_new,True,0,observed_new,True,pre_only
Caitlyn|16.1,P086,Caitlyn,16.1,15.24,,post,6,GOLD,BOTTOM,0,observed_new,True,0,observed_new,True,post_only
Caitlyn|16.1,P087,Caitlyn,16.1,15.24,,pre,5,GOLD,BOTTOM,15,established_5plus,True,12,established_5plus,True,pre_only
Caitlyn|16.1,P100,Caitlyn,16.1,15.24,,pre,3,GOLD,JUNGLE,11,established_5plus,True,2,limited_1_4,True,pre_only
Caitlyn|16.1,P105,Caitlyn,16.1,15.24,,post,8,PLATINUM,MIDDLE,0,observed_new,True,0,observed_new,True,post_only
Caitlyn|16.1,P115,Caitlyn,16.1,15.24,,pre,2,PLATINUM,BOTTOM,29,established_5plus,True,19,established_5plus,True,pre_only
Caitlyn|16.1,P128,Caitlyn,16.1,15.24,,post,2,PLATINUM,MIDDLE,,,False,,,False,both
Caitlyn|16.1,P128,Caitlyn,16.1,15.24,,pre,2,PLATINUM,MIDDLE,,,False,,,False,both
Caitlyn|16.1,P156,Caitlyn,16.1,15.24,,post,1,PLATINUM,JUNGLE,1,limited_1_4,True,0,observed_new,True,post_only
Caitlyn|16.1,P180,Caitlyn,16.1,15.24,,post,2,PLATINUM,BOTTOM,17,established_5plus,True,8,established_5plus,True,both
Caitlyn|16.1,P180,Caitlyn,16.1,15.24,,pre,17,PLATINUM,BOTTOM,14,established_5plus,True,12,established_5plus,True,both
Caitlyn|16.1,P189,Caitlyn,16.1,15.24,,post,3,PLATINUM,TOP,,,False,1,limited_1_4,True,both
Caitlyn|16.1,P189,Caitlyn,16.1,15.24,,pre,1,PLATINUM,TOP,,,False,,,False,both
Caitlyn|16.1,P211,Caitlyn,16.1,15.24,,pre,2,EMERALD,BOTTOM,,,False,0,observed_new,True,pre_only
Caitlyn|16.1,P216,Caitlyn,16.1,15.24,,post,11,EMERALD,UTILITY,,,False,,,False,post_only
Caitlyn|16.1,P218,Caitlyn,16.1,15.24,,post,1,EMERALD,UTILITY,1,limited_1_4,True,1,limited_1_4,True,both
Caitlyn|16.1,P218,Caitlyn,16.1,15.24,,pre,1,EMERALD,UTILITY,,,False,0,observed_new,True,both
Caitlyn|16.1,P228,Caitlyn,16.1,15.24,,post,1,EMERALD,TOP,12,established_5plus,True,12,established_5plus,True,post_only
Caitlyn|16.1,P233,Caitlyn,16.1,15.24,,pre,1,EMERALD,BOTTOM,1,limited_1_4,True,1,limited_1_4,True,pre_only
Caitlyn|16.1,P240,Caitlyn,16.1,15.24,,post,3,EMERALD,BOTTOM,7,established_5plus,True,3,limited_1_4,True,both
Caitlyn|16.1,P240,Caitlyn,16.1,15.24,,pre,8,EMERALD,BOTTOM,13,established_5plus,True,8,established_5plus,True,both
Caitlyn|16.1,P246,Caitlyn,16.1,15.24,,post,1,EMERALD,BOTTOM,,,False,0,observed_new,True,post_only
Caitlyn|16.1,P249,Caitlyn,16.1,15.24,,post,2,EMERALD,BOTTOM,,,False,6,established_5plus,True,both
Caitlyn|16.1,P249,Caitlyn,16.1,15.24,,pre,6,EMERALD,BOTTOM,,,False,,,False,both
Caitlyn|16.1,P251,Caitlyn,16.1,15.24,,post,2,EMERALD,TOP,14,established_5plus,True,13,established_5plus,True,both
Caitlyn|16.1,P251,Caitlyn,16.1,15.24,,pre,14,EMERALD,TOP,1,limited_1_4,True,0,observed_new,True,both
Caitlyn|16.1,P253,Caitlyn,16.1,15.24,,post,1,EMERALD,BOTTOM,,,False,,,False,post_only
Caitlyn|16.1,P259,Caitlyn,16.1,15.24,,post,2,EMERALD,UTILITY,3,limited_1_4,True,2,limited_1_4,True,both
Caitlyn|16.1,P259,Caitlyn,16.1,15.24,,pre,2,EMERALD,UTILITY,3,limited_1_4,True,1,limited_1_4,True,both
Caitlyn|16.1,P279,Caitlyn,16.1,15.24,,post,1,EMERALD,BOTTOM,,,False,,,False,post_only
Caitlyn|16.1,P285,Caitlyn,16.1,15.24,,post,4,EMERALD,UTILITY,,,False,,,False,post_only
Caitlyn|16.1,P305,Caitlyn,16.1,15.24,,post,1,DIAMOND,BOTTOM,0,observed_new,True,0,observed_new,True,both
Caitlyn|16.1,P305,Caitlyn,16.1,15.24,,pre,1,DIAMOND,BOTTOM,2,limited_1_4,True,2,limited_1_4,True,both
Caitlyn|16.1,P324,Caitlyn,16.1,15.24,,post,1,DIAMOND,MIDDLE,,,False,0,observed_new,True,post_only
Caitlyn|16.1,P332,Caitlyn,16.1,15.24,,post,1,DIAMOND,BOTTOM,,,False,,,False,post_only
Caitlyn|16.1,P333,Caitlyn,16.1,15.24,,post,5,DIAMOND,BOTTOM,,,False,,,False,post_only
Caitlyn|16.1,P335,Caitlyn,16.1,15.24,,post,1,DIAMOND,MIDDLE,1,limited_1_4,True,1,limited_1_4,True,both
Caitlyn|16.1,P335,Caitlyn,16.1,15.24,,pre,1,DIAMOND,MIDDLE,0,observed_new,True,0,observed_new,True,both
Caitlyn|16.1,P341,Caitlyn,16.1,15.24,,pre,3,DIAMOND,BOTTOM,1,limited_1_4,True,0,observed_new,True,pre_only
Caitlyn|16.1,P361,Caitlyn,16.1,15.24,,pre,1,DIAMOND,MIDDLE,18,established_5plus,True,14,established_5plus,True,pre_only
Caitlyn|16.1,P381,Caitlyn,16.1,15.24,,post,3,DIAMOND,JUNGLE,,,False,,,False,post_only
Caitlyn|16.1,P384,Caitlyn,16.1,15.24,,post,6,DIAMOND,BOTTOM,0,observed_new,True,0,observed_new,True,post_only
Caitlyn|16.1,P455,Caitlyn,16.1,15.24,,pre,1,MASTER+,MIDDLE,1,limited_1_4,True,1,limited_1_4,True,pre_only
Caitlyn|16.1,P464,Caitlyn,16.1,15.24,,pre,1,MASTER+,JUNGLE,,,False,0,observed_new,True,pre_only
Cassiopeia|16.1,P103,Cassiopeia,16.1,15.24,,pre,4,PLATINUM,BOTTOM,0,observed_new,True,0,observed_new,True,pre_only
Cassiopeia|16.1,P138,Cassiopeia,16.1,15.24,,post,2,PLATINUM,MIDDLE,29,established_5plus,True,20,established_5plus,True,both
Cassiopeia|16.1,P138,Cassiopeia,16.1,15.24,,pre,6,PLATINUM,MIDDLE,23,established_5plus,True,23,established_5plus,True,both
Cassiopeia|16.1,P157,Cassiopeia,16.1,15.24,,pre,1,PLATINUM,TOP,,,False,,,False,pre_only
Cassiopeia|16.1,P163,Cassiopeia,16.1,15.24,,pre,1,PLATINUM,TOP,,,False,0,observed_new,True,pre_only
Cassiopeia|16.1,P189,Cassiopeia,16.1,15.24,,pre,1,PLATINUM,TOP,,,False,,,False,pre_only
Cassiopeia|16.1,P201,Cassiopeia,16.1,15.24,,pre,2,EMERALD,MIDDLE,0,observed_new,True,0,observed_new,True,pre_only
Cassiopeia|16.1,P316,Cassiopeia,16.1,15.24,,pre,1,DIAMOND,TOP,0,observed_new,True,0,observed_new,True,pre_only
Cassiopeia|16.1,P359,Cassiopeia,16.1,15.24,,post,3,DIAMOND,UTILITY,,,False,,,False,post_only
Cassiopeia|16.1,P390,Cassiopeia,16.1,15.24,,pre,2,DIAMOND,TOP,0,observed_new,True,0,observed_new,True,pre_only
Cassiopeia|16.1,P410,Cassiopeia,16.1,15.24,,pre,1,MASTER+,UTILITY,,,False,,,False,pre_only
Cassiopeia|16.1,P464,Cassiopeia,16.1,15.24,,post,1,MASTER+,JUNGLE,0,observed_new,True,0,observed_new,True,post_only
Corki|16.1,P004,Corki,16.1,15.24,,post,3,GOLD,MIDDLE,,,False,,,False,post_only
Corki|16.1,P033,Corki,16.1,15.24,,post,2,GOLD,MIDDLE,,,False,,,False,post_only
Corki|16.1,P180,Corki,16.1,15.24,,pre,1,PLATINUM,BOTTOM,0,observed_new,True,0,observed_new,True,pre_only
Corki|16.1,P189,Corki,16.1,15.24,,pre,1,PLATINUM,TOP,,,False,,,False,pre_only
Corki|16.1,P201,Corki,16.1,15.24,,pre,1,EMERALD,MIDDLE,0,observed_new,True,0,observed_new,True,pre_only
Corki|16.1,P316,Corki,16.1,15.24,,pre,2,DIAMOND,TOP,0,observed_new,True,0,observed_new,True,pre_only
Corki|16.1,P402,Corki,16.1,15.24,,post,3,MASTER+,UTILITY,,,False,0,observed_new,True,post_only
Corki|16.1,P467,Corki,16.1,15.24,,post,1,MASTER+,BOTTOM,,,False,6,established_5plus,True,both
Corki|16.1,P467,Corki,16.1,15.24,,pre,7,MASTER+,BOTTOM,,,False,,,False,both
Corki|16.1,P490,Corki,16.1,15.24,,post,4,MASTER+,BOTTOM,,,False,,,False,both
Corki|16.1,P490,Corki,16.1,15.24,,pre,1,MASTER+,BOTTOM,,,False,,,False,both
Draven|16.1,P007,Draven,16.1,15.24,,post,4,GOLD,TOP,5,established_5plus,True,0,observed_new,True,both
Draven|16.1,P007,Draven,16.1,15.24,,pre,1,GOLD,TOP,8,established_5plus,True,4,limited_1_4,True,both
Draven|16.1,P053,Draven,16.1,15.24,,post,12,GOLD,TOP,9,established_5plus,True,4,limited_1_4,True,both
Draven|16.1,P053,Draven,16.1,15.24,,pre,6,GOLD,TOP,,,False,,,False,both
Draven|16.1,P105,Draven,16.1,15.24,,pre,1,PLATINUM,MIDDLE,0,observed_new,True,0,observed_new,True,pre_only
Draven|16.1,P114,Draven,16.1,15.24,,pre,27,PLATINUM,BOTTOM,43,established_5plus,True,24,established_5plus,True,pre_only
Draven|16.1,P177,Draven,16.1,15.24,,pre,7,PLATINUM,BOTTOM,,,False,,,False,pre_only
Draven|16.1,P203,Draven,16.1,15.24,,pre,1,EMERALD,BOTTOM,6,established_5plus,True,2,limited_1_4,True,pre_only
Draven|16.1,P348,Draven,16.1,15.24,,post,7,DIAMOND,BOTTOM,35,established_5plus,True,10,established_5plus,True,post_only
Draven|16.1,P383,Draven,16.1,15.24,,post,1,DIAMOND,BOTTOM,,,False,,,False,post_only
Draven|16.1,P384,Draven,16.1,15.24,,post,3,DIAMOND,BOTTOM,15,established_5plus,True,3,limited_1_4,True,both
Draven|16.1,P384,Draven,16.1,15.24,,pre,21,DIAMOND,BOTTOM,,,False,14,established_5plus,True,both
Elise|16.1,P029,Elise,16.1,15.24,,post,1,GOLD,TOP,1,limited_1_4,True,0,observed_new,True,post_only
Elise|16.1,P056,Elise,16.1,15.24,,pre,1,GOLD,JUNGLE,8,established_5plus,True,8,established_5plus,True,pre_only
Elise|16.1,P106,Elise,16.1,15.24,,pre,2,PLATINUM,UTILITY,,,False,,,False,pre_only
Elise|16.1,P189,Elise,16.1,15.24,,pre,1,PLATINUM,TOP,,,False,,,False,pre_only
Elise|16.1,P240,Elise,16.1,15.24,,pre,2,EMERALD,BOTTOM,1,limited_1_4,True,0,observed_new,True,pre_only
Elise|16.1,P289,Elise,16.1,15.24,,post,7,EMERALD,TOP,0,observed_new,True,0,observed_new,True,post_only
Elise|16.1,P381,Elise,16.1,15.24,,post,1,DIAMOND,JUNGLE,,,False,0,observed_new,True,post_only
Elise|16.1,P402,Elise,16.1,15.24,,post,3,MASTER+,UTILITY,,,False,0,observed_new,True,post_only
Elise|16.1,P427,Elise,16.1,15.24,,pre,5,MASTER+,BOTTOM,,,False,3,limited_1_4,True,pre_only
Gangplank|16.1,P007,Gangplank,16.1,15.24,,post,3,GOLD,TOP,0,observed_new,True,0,observed_new,True,post_only
Gangplank|16.1,P046,Gangplank,16.1,15.24,,post,1,GOLD,JUNGLE,1,limited_1_4,True,0,observed_new,True,post_only
Gangplank|16.1,P250,Gangplank,16.1,15.24,,pre,1,EMERALD,TOP,,,False,,,False,pre_only
Gangplank|16.1,P274,Gangplank,16.1,15.24,,pre,1,EMERALD,MIDDLE,1,limited_1_4,True,0,observed_new,True,pre_only
Gangplank|16.1,P286,Gangplank,16.1,15.24,,post,1,EMERALD,TOP,0,observed_new,True,0,observed_new,True,post_only
Gangplank|16.1,P313,Gangplank,16.1,15.24,,post,8,DIAMOND,TOP,98,established_5plus,True,49,established_5plus,True,post_only
Gangplank|16.1,P319,Gangplank,16.1,15.24,,post,1,DIAMOND,MIDDLE,0,observed_new,True,0,observed_new,True,post_only
Garen|16.1,P006,Garen,16.1,15.24,,pre,1,GOLD,UTILITY,4,limited_1_4,True,0,observed_new,True,pre_only
Garen|16.1,P007,Garen,16.1,15.24,,pre,1,GOLD,TOP,2,limited_1_4,True,0,observed_new,True,pre_only
Garen|16.1,P022,Garen,16.1,15.24,,post,1,GOLD,JUNGLE,,,False,0,observed_new,True,post_only
Garen|16.1,P033,Garen,16.1,15.24,,post,1,GOLD,MIDDLE,,,False,0,observed_new,True,post_only
Garen|16.1,P037,Garen,16.1,15.24,,pre,5,GOLD,JUNGLE,1,limited_1_4,True,0,observed_new,True,pre_only
Garen|16.1,P047,Garen,16.1,15.24,,post,3,GOLD,MIDDLE,13,established_5plus,True,4,limited_1_4,True,both
Garen|16.1,P047,Garen,16.1,15.24,,pre,5,GOLD,MIDDLE,16,established_5plus,True,9,established_5plus,True,both
Garen|16.1,P061,Garen,16.1,15.24,,pre,5,GOLD,TOP,,,False,8,established_5plus,True,pre_only
Garen|16.1,P079,Garen,16.1,15.24,,post,4,GOLD,TOP,,,False,,,False,both
Garen|16.1,P079,Garen,16.1,15.24,,pre,3,GOLD,TOP,,,False,,,False,both
Garen|16.1,P086,Garen,16.1,15.24,,pre,1,GOLD,BOTTOM,49,established_5plus,True,37,established_5plus,True,pre_only
Garen|16.1,P090,Garen,16.1,15.24,,post,1,GOLD,UTILITY,,,False,0,observed_new,True,post_only
Garen|16.1,P101,Garen,16.1,15.24,,post,3,PLATINUM,TOP,9,established_5plus,True,7,established_5plus,True,both
Garen|16.1,P101,Garen,16.1,15.24,,pre,8,PLATINUM,TOP,5,established_5plus,True,1,limited_1_4,True,both
Garen|16.1,P105,Garen,16.1,15.24,,pre,5,PLATINUM,MIDDLE,,,False,1,limited_1_4,True,pre_only
Garen|16.1,P120,Garen,16.1,15.24,,post,1,PLATINUM,UTILITY,0,observed_new,True,0,observed_new,True,post_only
Garen|16.1,P145,Garen,16.1,15.24,,post,2,PLATINUM,TOP,1,limited_1_4,True,0,observed_new,True,post_only
Garen|16.1,P146,Garen,16.1,15.24,,pre,1,PLATINUM,MIDDLE,,,False,1,limited_1_4,True,pre_only
Garen|16.1,P148,Garen,16.1,15.24,,post,2,PLATINUM,UTILITY,3,limited_1_4,True,1,limited_1_4,True,both
Garen|16.1,P148,Garen,16.1,15.24,,pre,1,PLATINUM,UTILITY,2,limited_1_4,True,0,observed_new,True,both
Garen|16.1,P154,Garen,16.1,15.24,,pre,2,PLATINUM,MIDDLE,,,False,,,False,pre_only
Garen|16.1,P157,Garen,16.1,15.24,,post,1,PLATINUM,TOP,0,observed_new,True,0,observed_new,True,both
Garen|16.1,P157,Garen,16.1,15.24,,pre,1,PLATINUM,TOP,,,False,,,False,both
Garen|16.1,P207,Garen,16.1,15.24,,post,1,EMERALD,UTILITY,0,observed_new,True,0,observed_new,True,post_only
Garen|16.1,P267,Garen,16.1,15.24,,post,1,EMERALD,JUNGLE,0,observed_new,True,0,observed_new,True,post_only
Garen|16.1,P297,Garen,16.1,15.24,,pre,4,EMERALD,UTILITY,1,limited_1_4,True,1,limited_1_4,True,pre_only
Garen|16.1,P299,Garen,16.1,15.24,,post,1,EMERALD,UTILITY,,,False,,,False,post_only
Garen|16.1,P348,Garen,16.1,15.24,,post,2,DIAMOND,BOTTOM,0,observed_new,True,0,observed_new,True,post_only
Garen|16.1,P365,Garen,16.1,15.24,,pre,3,DIAMOND,TOP,0,observed_new,True,0,observed_new,True,pre_only
Garen|16.1,P366,Garen,16.1,15.24,,pre,1,DIAMOND,MIDDLE,0,observed_new,True,0,observed_new,True,pre_only
Garen|16.1,P448,Garen,16.1,15.24,,pre,1,MASTER+,UTILITY,,,False,,,False,pre_only
Garen|16.1,P458,Garen,16.1,15.24,,post,1,MASTER+,MIDDLE,0,observed_new,True,0,observed_new,True,post_only
Garen|16.1,P469,Garen,16.1,15.24,,pre,2,MASTER+,TOP,,,False,,,False,pre_only
Graves|16.1,P033,Graves,16.1,15.24,,post,2,GOLD,MIDDLE,,,False,,,False,post_only
Graves|16.1,P053,Graves,16.1,15.24,,post,2,GOLD,TOP,3,limited_1_4,True,0,observed_new,True,both
Graves|16.1,P053,Graves,16.1,15.24,,pre,3,GOLD,TOP,,,False,0,observed_new,True,both
Graves|16.1,P140,Graves,16.1,15.24,,pre,2,PLATINUM,BOTTOM,0,observed_new,True,0,observed_new,True,pre_only
Graves|16.1,P203,Graves,16.1,15.24,,pre,4,EMERALD,BOTTOM,0,observed_new,True,0,observed_new,True,pre_only
Graves|16.1,P205,Graves,16.1,15.24,,pre,3,EMERALD,JUNGLE,4,limited_1_4,True,0,observed_new,True,pre_only
Graves|16.1,P227,Graves,16.1,15.24,,post,1,EMERALD,TOP,,,False,0,observed_new,True,post_only
Graves|16.1,P231,Graves,16.1,15.24,,pre,4,EMERALD,MIDDLE,,,False,0,observed_new,True,pre_only
Graves|16.1,P233,Graves,16.1,15.24,,pre,1,EMERALD,BOTTOM,0,observed_new,True,0,observed_new,True,pre_only
Graves|16.1,P359,Graves,16.1,15.24,,post,7,DIAMOND,UTILITY,,,False,,,False,post_only
Graves|16.1,P381,Graves,16.1,15.24,,post,20,DIAMOND,JUNGLE,,,False,,,False,both
Graves|16.1,P381,Graves,16.1,15.24,,pre,5,DIAMOND,JUNGLE,,,False,,,False,both
Graves|16.1,P384,Graves,16.1,15.24,,post,1,DIAMOND,BOTTOM,0,observed_new,True,0,observed_new,True,post_only
Graves|16.1,P400,Graves,16.1,15.24,,pre,1,DIAMOND,JUNGLE,15,established_5plus,True,2,limited_1_4,True,pre_only
Graves|16.1,P427,Graves,16.1,15.24,,post,10,MASTER+,BOTTOM,0,observed_new,True,0,observed_new,True,post_only
Graves|16.1,P486,Graves,16.1,15.24,,pre,2,MASTER+,JUNGLE,11,established_5plus,True,5,established_5plus,True,pre_only
Jax|16.1,P007,Jax,16.1,15.24,,post,2,GOLD,TOP,2,limited_1_4,True,1,limited_1_4,True,both
Jax|16.1,P007,Jax,16.1,15.24,,pre,1,GOLD,TOP,1,limited_1_4,True,0,observed_new,True,both
Jax|16.1,P037,Jax,16.1,15.24,,post,1,GOLD,JUNGLE,0,observed_new,True,0,observed_new,True,post_only
Jax|16.1,P071,Jax,16.1,15.24,,post,2,GOLD,JUNGLE,90,established_5plus,True,44,established_5plus,True,both
Jax|16.1,P071,Jax,16.1,15.24,,pre,25,GOLD,JUNGLE,84,established_5plus,True,43,established_5plus,True,both
Jax|16.1,P105,Jax,16.1,15.24,,pre,1,PLATINUM,MIDDLE,0,observed_new,True,0,observed_new,True,pre_only
Jax|16.1,P107,Jax,16.1,15.24,,pre,2,PLATINUM,MIDDLE,0,observed_new,True,0,observed_new,True,pre_only
Jax|16.1,P116,Jax,16.1,15.24,,pre,1,PLATINUM,TOP,0,observed_new,True,0,observed_new,True,pre_only
Jax|16.1,P128,Jax,16.1,15.24,,pre,2,PLATINUM,MIDDLE,,,False,,,False,pre_only
Jax|16.1,P154,Jax,16.1,15.24,,pre,1,PLATINUM,MIDDLE,,,False,,,False,pre_only
Jax|16.1,P157,Jax,16.1,15.24,,post,4,PLATINUM,TOP,,,False,7,established_5plus,True,both
Jax|16.1,P157,Jax,16.1,15.24,,pre,9,PLATINUM,TOP,,,False,,,False,both
Jax|16.1,P161,Jax,16.1,15.24,,post,1,PLATINUM,MIDDLE,,,False,,,False,post_only
Jax|16.1,P188,Jax,16.1,15.24,,pre,12,PLATINUM,JUNGLE,13,established_5plus,True,4,limited_1_4,True,pre_only
Jax|16.1,P189,Jax,16.1,15.24,,pre,2,PLATINUM,TOP,,,False,,,False,pre_only
Jax|16.1,P191,Jax,16.1,15.24,,post,1,PLATINUM,JUNGLE,7,established_5plus,True,3,limited_1_4,True,post_only
Jax|16.1,P201,Jax,16.1,15.24,,pre,1,EMERALD,MIDDLE,0,observed_new,True,0,observed_new,True,pre_only
Jax|16.1,P217,Jax,16.1,15.24,,post,2,EMERALD,TOP,,,False,,,False,post_only
Jax|16.1,P219,Jax,16.1,15.24,,pre,2,EMERALD,MIDDLE,11,established_5plus,True,10,established_5plus,True,pre_only
Jax|16.1,P240,Jax,16.1,15.24,,post,1,EMERALD,BOTTOM,2,limited_1_4,True,0,observed_new,True,both
Jax|16.1,P240,Jax,16.1,15.24,,pre,3,EMERALD,BOTTOM,2,limited_1_4,True,0,observed_new,True,both
Jax|16.1,P249,Jax,16.1,15.24,,pre,1,EMERALD,BOTTOM,,,False,,,False,pre_only
Jax|16.1,P286,Jax,16.1,15.24,,post,3,EMERALD,TOP,0,observed_new,True,0,observed_new,True,post_only
Jax|16.1,P289,Jax,16.1,15.24,,post,3,EMERALD,TOP,2,limited_1_4,True,0,observed_new,True,post_only
Jax|16.1,P309,Jax,16.1,15.24,,post,1,DIAMOND,TOP,11,established_5plus,True,7,established_5plus,True,both
Jax|16.1,P309,Jax,16.1,15.24,,pre,3,DIAMOND,TOP,8,established_5plus,True,5,established_5plus,True,both
Jax|16.1,P357,Jax,16.1,15.24,,post,1,DIAMOND,TOP,37,established_5plus,True,25,established_5plus,True,post_only
Jax|16.1,P359,Jax,16.1,15.24,,post,1,DIAMOND,UTILITY,,,False,,,False,post_only
Jax|16.1,P373,Jax,16.1,15.24,,post,1,DIAMOND,TOP,,,False,,,False,post_only
Jax|16.1,P381,Jax,16.1,15.24,,post,1,DIAMOND,JUNGLE,,,False,0,observed_new,True,post_only
Jax|16.1,P390,Jax,16.1,15.24,,pre,1,DIAMOND,TOP,2,limited_1_4,True,0,observed_new,True,pre_only
Jax|16.1,P420,Jax,16.1,15.24,,pre,1,MASTER+,BOTTOM,,,False,,,False,pre_only
Jax|16.1,P459,Jax,16.1,15.24,,post,2,MASTER+,TOP,0,observed_new,True,0,observed_new,True,post_only
Jax|16.1,P463,Jax,16.1,15.24,,post,12,MASTER+,TOP,51,established_5plus,True,28,established_5plus,True,both
Jax|16.1,P463,Jax,16.1,15.24,,pre,6,MASTER+,TOP,49,established_5plus,True,23,established_5plus,True,both
Jax|16.1,P484,Jax,16.1,15.24,,post,1,MASTER+,BOTTOM,,,False,0,observed_new,True,post_only
Jax|16.1,P498,Jax,16.1,15.24,,post,4,MASTER+,TOP,45,established_5plus,True,31,established_5plus,True,both
Jax|16.1,P498,Jax,16.1,15.24,,pre,25,MASTER+,TOP,20,established_5plus,True,16,established_5plus,True,both
Jhin|16.1,P029,Jhin,16.1,15.24,,post,2,GOLD,TOP,8,established_5plus,True,3,limited_1_4,True,both
Jhin|16.1,P029,Jhin,16.1,15.24,,pre,1,GOLD,TOP,8,established_5plus,True,2,limited_1_4,True,both
Jhin|16.1,P037,Jhin,16.1,15.24,,post,3,GOLD,JUNGLE,1,limited_1_4,True,1,limited_1_4,True,both
Jhin|16.1,P037,Jhin,16.1,15.24,,pre,1,GOLD,JUNGLE,0,observed_new,True,0,observed_new,True,both
Jhin|16.1,P040,Jhin,16.1,15.24,,post,1,GOLD,BOTTOM,,,False,,,False,post_only
Jhin|16.1,P046,Jhin,16.1,15.24,,pre,1,GOLD,JUNGLE,4,limited_1_4,True,2,limited_1_4,True,pre_only
Jhin|16.1,P053,Jhin,16.1,15.24,,post,10,GOLD,TOP,2,limited_1_4,True,1,limited_1_4,True,both
Jhin|16.1,P053,Jhin,16.1,15.24,,pre,3,GOLD,TOP,,,False,,,False,both
Jhin|16.1,P065,Jhin,16.1,15.24,,pre,7,GOLD,JUNGLE,,,False,,,False,pre_only
Jhin|16.1,P068,Jhin,16.1,15.24,,pre,1,GOLD,BOTTOM,,,False,,,False,pre_only
Jhin|16.1,P086,Jhin,16.1,15.24,,post,8,GOLD,BOTTOM,0,observed_new,True,0,observed_new,True,post_only
Jhin|16.1,P087,Jhin,16.1,15.24,,pre,1,GOLD,BOTTOM,14,established_5plus,True,5,established_5plus,True,pre_only
Jhin|16.1,P105,Jhin,16.1,15.24,,pre,1,PLATINUM,MIDDLE,0,observed_new,True,0,observed_new,True,pre_only
Jhin|16.1,P108,Jhin,16.1,15.24,,pre,14,PLATINUM,MIDDLE,,,False,,,False,pre_only
Jhin|16.1,P111,Jhin,16.1,15.24,,pre,1,PLATINUM,BOTTOM,,,False,,,False,pre_only
Jhin|16.1,P131,Jhin,16.1,15.24,,pre,1,PLATINUM,JUNGLE,3,limited_1_4,True,0,observed_new,True,pre_only
Jhin|16.1,P179,Jhin,16.1,15.24,,pre,1,PLATINUM,JUNGLE,,,False,,,False,pre_only
Jhin|16.1,P180,Jhin,16.1,15.24,,pre,9,PLATINUM,BOTTOM,12,established_5plus,True,5,established_5plus,True,pre_only
Jhin|16.1,P189,Jhin,16.1,15.24,,post,1,PLATINUM,TOP,2,limited_1_4,True,0,observed_new,True,both
Jhin|16.1,P189,Jhin,16.1,15.24,,pre,2,PLATINUM,TOP,,,False,,,False,both
Jhin|16.1,P201,Jhin,16.1,15.24,,pre,2,EMERALD,MIDDLE,1,limited_1_4,True,0,observed_new,True,pre_only
Jhin|16.1,P211,Jhin,16.1,15.24,,post,1,EMERALD,BOTTOM,8,established_5plus,True,7,established_5plus,True,both
Jhin|16.1,P211,Jhin,16.1,15.24,,pre,5,EMERALD,BOTTOM,,,False,3,limited_1_4,True,both
Jhin|16.1,P218,Jhin,16.1,15.24,,pre,1,EMERALD,UTILITY,,,False,0,observed_new,True,pre_only
Jhin|16.1,P228,Jhin,16.1,15.24,,post,1,EMERALD,TOP,2,limited_1_4,True,2,limited_1_4,True,post_only
Jhin|16.1,P239,Jhin,16.1,15.24,,pre,11,EMERALD,BOTTOM,18,established_5plus,True,8,established_5plus,True,pre_only
Jhin|16.1,P240,Jhin,16.1,15.24,,post,1,EMERALD,BOTTOM,3,limited_1_4,True,0,observed_new,True,both
Jhin|16.1,P240,Jhin,16.1,15.24,,pre,3,EMERALD,BOTTOM,2,limited_1_4,True,1,limited_1_4,True,both
Jhin|16.1,P246,Jhin,16.1,15.24,,post,3,EMERALD,BOTTOM,,,False,0,observed_new,True,post_only
Jhin|16.1,P249,Jhin,16.1,15.24,,pre,1,EMERALD,BOTTOM,,,False,0,observed_new,True,pre_only
Jhin|16.1,P251,Jhin,16.1,15.24,,post,1,EMERALD,TOP,2,limited_1_4,True,1,limited_1_4,True,both
Jhin|16.1,P251,Jhin,16.1,15.24,,pre,9,EMERALD,TOP,,,False,10,established_5plus,True,both
Jhin|16.1,P262,Jhin,16.1,15.24,,pre,1,EMERALD,MIDDLE,,,False,,,False,pre_only
Jhin|16.1,P302,Jhin,16.1,15.24,,pre,1,DIAMOND,UTILITY,,,False,0,observed_new,True,pre_only
Jhin|16.1,P305,Jhin,16.1,15.24,,post,7,DIAMOND,BOTTOM,0,observed_new,True,0,observed_new,True,post_only
Jhin|16.1,P307,Jhin,16.1,15.24,,post,2,DIAMOND,BOTTOM,,,False,1,limited_1_4,True,both
Jhin|16.1,P307,Jhin,16.1,15.24,,pre,1,DIAMOND,BOTTOM,,,False,,,False,both
Jhin|16.1,P318,Jhin,16.1,15.24,,post,1,DIAMOND,BOTTOM,0,observed_new,True,0,observed_new,True,post_only
Jhin|16.1,P324,Jhin,16.1,15.24,,pre,1,DIAMOND,MIDDLE,,,False,2,limited_1_4,True,pre_only
Jhin|16.1,P333,Jhin,16.1,15.24,,post,1,DIAMOND,BOTTOM,,,False,,,False,post_only
Jhin|16.1,P341,Jhin,16.1,15.24,,pre,2,DIAMOND,BOTTOM,0,observed_new,True,0,observed_new,True,pre_only
Jhin|16.1,P384,Jhin,16.1,15.24,,post,9,DIAMOND,BOTTOM,18,established_5plus,True,0,observed_new,True,both
Jhin|16.1,P384,Jhin,16.1,15.24,,pre,20,DIAMOND,BOTTOM,,,False,8,established_5plus,True,both
Jhin|16.1,P402,Jhin,16.1,15.24,,pre,1,MASTER+,UTILITY,,,False,,,False,pre_only
Jhin|16.1,P426,Jhin,16.1,15.24,,post,2,MASTER+,MIDDLE,,,False,,,False,post_only
Jhin|16.1,P467,Jhin,16.1,15.24,,pre,2,MASTER+,BOTTOM,,,False,0,observed_new,True,pre_only
Jhin|16.1,P498,Jhin,16.1,15.24,,pre,1,MASTER+,TOP,2,limited_1_4,True,1,limited_1_4,True,pre_only
Jinx|16.1,P007,Jinx,16.1,15.24,,post,1,GOLD,TOP,3,limited_1_4,True,1,limited_1_4,True,both
Jinx|16.1,P007,Jinx,16.1,15.24,,pre,1,GOLD,TOP,4,limited_1_4,True,0,observed_new,True,both
Jinx|16.1,P021,Jinx,16.1,15.24,,post,1,GOLD,BOTTOM,,,False,,,False,post_only
Jinx|16.1,P029,Jinx,16.1,15.24,,post,3,GOLD,TOP,9,established_5plus,True,3,limited_1_4,True,both
Jinx|16.1,P029,Jinx,16.1,15.24,,pre,1,GOLD,TOP,9,established_5plus,True,3,limited_1_4,True,both
Jinx|16.1,P048,Jinx,16.1,15.24,,post,2,GOLD,BOTTOM,15,established_5plus,True,7,established_5plus,True,both
Jinx|16.1,P048,Jinx,16.1,15.24,,pre,4,GOLD,BOTTOM,34,established_5plus,True,3,limited_1_4,True,both
Jinx|16.1,P053,Jinx,16.1,15.24,,post,1,GOLD,TOP,3,limited_1_4,True,0,observed_new,True,both
Jinx|16.1,P053,Jinx,16.1,15.24,,pre,3,GOLD,TOP,,,False,1,limited_1_4,True,both
Jinx|16.1,P061,Jinx,16.1,15.24,,pre,1,GOLD,TOP,,,False,0,observed_new,True,pre_only
Jinx|16.1,P087,Jinx,16.1,15.24,,post,1,GOLD,BOTTOM,25,established_5plus,True,9,established_5plus,True,post_only
Jinx|16.1,P105,Jinx,16.1,15.24,,post,2,PLATINUM,MIDDLE,2,limited_1_4,True,0,observed_new,True,both
Jinx|16.1,P105,Jinx,16.1,15.24,,pre,5,PLATINUM,MIDDLE,1,limited_1_4,True,0,observed_new,True,both
Jinx|16.1,P111,Jinx,16.1,15.24,,post,1,PLATINUM,BOTTOM,,,False,,,False,both
Jinx|16.1,P111,Jinx,16.1,15.24,,pre,2,PLATINUM,BOTTOM,,,False,,,False,both
Jinx|16.1,P203,Jinx,16.1,15.24,,pre,1,EMERALD,BOTTOM,0,observed_new,True,0,observed_new,True,pre_only
Jinx|16.1,P211,Jinx,16.1,15.24,,post,1,EMERALD,BOTTOM,,,False,2,limited_1_4,True,both
Jinx|16.1,P211,Jinx,16.1,15.24,,pre,1,EMERALD,BOTTOM,,,False,5,established_5plus,True,both
Jinx|16.1,P218,Jinx,16.1,15.24,,post,3,EMERALD,UTILITY,4,limited_1_4,True,2,limited_1_4,True,both
Jinx|16.1,P218,Jinx,16.1,15.24,,pre,3,EMERALD,UTILITY,,,False,,,False,both
Jinx|16.1,P220,Jinx,16.1,15.24,,pre,5,EMERALD,BOTTOM,2,limited_1_4,True,1,limited_1_4,True,pre_only
Jinx|16.1,P239,Jinx,16.1,15.24,,post,1,EMERALD,BOTTOM,19,established_5plus,True,3,limited_1_4,True,both
Jinx|16.1,P239,Jinx,16.1,15.24,,pre,4,EMERALD,BOTTOM,18,established_5plus,True,15,established_5plus,True,both
Jinx|16.1,P240,Jinx,16.1,15.24,,pre,1,EMERALD,BOTTOM,1,limited_1_4,True,0,observed_new,True,pre_only
Jinx|16.1,P249,Jinx,16.1,15.24,,post,3,EMERALD,BOTTOM,,,False,2,limited_1_4,True,both
Jinx|16.1,P249,Jinx,16.1,15.24,,pre,2,EMERALD,BOTTOM,,,False,,,False,both
Jinx|16.1,P276,Jinx,16.1,15.24,,post,1,EMERALD,TOP,6,established_5plus,True,4,limited_1_4,True,post_only
Jinx|16.1,P279,Jinx,16.1,15.24,,post,1,EMERALD,BOTTOM,,,False,,,False,post_only
Jinx|16.1,P307,Jinx,16.1,15.24,,post,1,DIAMOND,BOTTOM,,,False,1,limited_1_4,True,post_only
Jinx|16.1,P332,Jinx,16.1,15.24,,post,1,DIAMOND,BOTTOM,,,False,,,False,post_only
Jinx|16.1,P341,Jinx,16.1,15.24,,pre,3,DIAMOND,BOTTOM,13,established_5plus,True,2,limited_1_4,True,pre_only
Jinx|16.1,P383,Jinx,16.1,15.24,,post,4,DIAMOND,BOTTOM,,,False,,,False,post_only
Jinx|16.1,P433,Jinx,16.1,15.24,,post,8,MASTER+,BOTTOM,,,False,,,False,post_only
Jinx|16.1,P467,Jinx,16.1,15.24,,post,2,MASTER+,BOTTOM,,,False,0,observed_new,True,post_only
Jinx|16.1,P484,Jinx,16.1,15.24,,pre,2,MASTER+,BOTTOM,,,False,,,False,pre_only
Jinx|16.1,P485,Jinx,16.1,15.24,,post,2,MASTER+,BOTTOM,,,False,,,False,post_only
Jinx|16.1,P490,Jinx,16.1,15.24,,post,3,MASTER+,BOTTOM,,,False,0,observed_new,True,post_only
Kindred|16.1,P005,Kindred,16.1,15.24,,post,1,GOLD,JUNGLE,,,False,,,False,both
Kindred|16.1,P005,Kindred,16.1,15.24,,pre,1,GOLD,JUNGLE,,,False,,,False,both
Kindred|16.1,P029,Kindred,16.1,15.24,,post,1,GOLD,TOP,1,limited_1_4,True,1,limited_1_4,True,post_only
Kindred|16.1,P195,Kindred,16.1,15.24,,post,1,PLATINUM,JUNGLE,,,False,,,False,post_only
Kindred|16.1,P230,Kindred,16.1,15.24,,pre,2,EMERALD,JUNGLE,14,established_5plus,True,0,observed_new,True,pre_only
Kindred|16.1,P238,Kindred,16.1,15.24,,pre,5,EMERALD,JUNGLE,,,False,,,False,pre_only
Kindred|16.1,P240,Kindred,16.1,15.24,,pre,1,EMERALD,BOTTOM,0,observed_new,True,0,observed_new,True,pre_only
Kindred|16.1,P274,Kindred,16.1,15.24,,pre,1,EMERALD,MIDDLE,0,observed_new,True,0,observed_new,True,pre_only
Kindred|16.1,P359,Kindred,16.1,15.24,,post,1,DIAMOND,UTILITY,,,False,,,False,post_only
Kindred|16.1,P381,Kindred,16.1,15.24,,post,5,DIAMOND,JUNGLE,,,False,,,False,both
Kindred|16.1,P381,Kindred,16.1,15.24,,pre,1,DIAMOND,JUNGLE,,,False,,,False,both
Kindred|16.1,P398,Kindred,16.1,15.24,,post,8,DIAMOND,JUNGLE,76,established_5plus,True,34,established_5plus,True,both
Kindred|16.1,P398,Kindred,16.1,15.24,,pre,3,DIAMOND,JUNGLE,,,False,37,established_5plus,True,both
Kindred|16.1,P464,Kindred,16.1,15.24,,pre,1,MASTER+,JUNGLE,,,False,6,established_5plus,True,pre_only
Kindred|16.1,P486,Kindred,16.1,15.24,,pre,2,MASTER+,JUNGLE,7,established_5plus,True,2,limited_1_4,True,pre_only
Kindred|16.1,P487,Kindred,16.1,15.24,,post,5,MASTER+,JUNGLE,,,False,,,False,post_only
Lucian|16.1,P005,Lucian,16.1,15.24,,post,1,GOLD,JUNGLE,,,False,,,False,post_only
Lucian|16.1,P021,Lucian,16.1,15.24,,post,3,GOLD,BOTTOM,,,False,,,False,post_only
Lucian|16.1,P037,Lucian,16.1,15.24,,post,1,GOLD,JUNGLE,0,observed_new,True,0,observed_new,True,post_only
Lucian|16.1,P040,Lucian,16.1,15.24,,post,1,GOLD,BOTTOM,,,False,,,False,post_only
Lucian|16.1,P053,Lucian,16.1,15.24,,post,1,GOLD,TOP,20,established_5plus,True,16,established_5plus,True,both
Lucian|16.1,P053,Lucian,16.1,15.24,,pre,19,GOLD,TOP,,,False,,,False,both
Lucian|16.1,P065,Lucian,16.1,15.24,,pre,1,GOLD,JUNGLE,,,False,,,False,pre_only
Lucian|16.1,P070,Lucian,16.1,15.24,,pre,1,GOLD,TOP,0,observed_new,True,0,observed_new,True,pre_only
Lucian|16.1,P111,Lucian,16.1,15.24,,pre,1,PLATINUM,BOTTOM,,,False,,,False,pre_only
Lucian|16.1,P131,Lucian,16.1,15.24,,pre,1,PLATINUM,JUNGLE,6,established_5plus,True,3,limited_1_4,True,pre_only
Lucian|16.1,P156,Lucian,16.1,15.24,,post,1,PLATINUM,JUNGLE,0,observed_new,True,0,observed_new,True,post_only
Lucian|16.1,P195,Lucian,16.1,15.24,,post,1,PLATINUM,JUNGLE,,,False,,,False,post_only
Lucian|16.1,P203,Lucian,16.1,15.24,,pre,2,EMERALD,BOTTOM,4,limited_1_4,True,4,limited_1_4,True,pre_only
Lucian|16.1,P217,Lucian,16.1,15.24,,post,5,EMERALD,TOP,,,False,,,False,post_only
Lucian|16.1,P218,Lucian,16.1,15.24,,post,5,EMERALD,UTILITY,1,limited_1_4,True,1,limited_1_4,True,both
Lucian|16.1,P218,Lucian,16.1,15.24,,pre,1,EMERALD,UTILITY,,,False,0,observed_new,True,both
Lucian|16.1,P220,Lucian,16.1,15.24,,pre,2,EMERALD,BOTTOM,0,observed_new,True,0,observed_new,True,pre_only
Lucian|16.1,P239,Lucian,16.1,15.24,,post,3,EMERALD,BOTTOM,2,limited_1_4,True,1,limited_1_4,True,both
Lucian|16.1,P239,Lucian,16.1,15.24,,pre,1,EMERALD,BOTTOM,1,limited_1_4,True,0,observed_new,True,both
Lucian|16.1,P240,Lucian,16.1,15.24,,pre,4,EMERALD,BOTTOM,1,limited_1_4,True,0,observed_new,True,pre_only
Lucian|16.1,P246,Lucian,16.1,15.24,,post,1,EMERALD,BOTTOM,,,False,2,limited_1_4,True,post_only
Lucian|16.1,P249,Lucian,16.1,15.24,,post,1,EMERALD,BOTTOM,,,False,5,established_5plus,True,both
Lucian|16.1,P249,Lucian,16.1,15.24,,pre,5,EMERALD,BOTTOM,,,False,,,False,both
Lucian|16.1,P253,Lucian,16.1,15.24,,post,1,EMERALD,BOTTOM,,,False,,,False,post_only
Lucian|16.1,P263,Lucian,16.1,15.24,,pre,1,EMERALD,JUNGLE,,,False,,,False,pre_only
Lucian|16.1,P279,Lucian,16.1,15.24,,post,2,EMERALD,BOTTOM,,,False,,,False,post_only
Lucian|16.1,P307,Lucian,16.1,15.24,,post,2,DIAMOND,BOTTOM,,,False,,,False,post_only
Lucian|16.1,P318,Lucian,16.1,15.24,,post,1,DIAMOND,BOTTOM,0,observed_new,True,0,observed_new,True,post_only
Lucian|16.1,P333,Lucian,16.1,15.24,,post,2,DIAMOND,BOTTOM,,,False,,,False,post_only
Lucian|16.1,P341,Lucian,16.1,15.24,,pre,1,DIAMOND,BOTTOM,1,limited_1_4,True,0,observed_new,True,pre_only
Lucian|16.1,P389,Lucian,16.1,15.24,,pre,1,DIAMOND,TOP,0,observed_new,True,0,observed_new,True,pre_only
Lucian|16.1,P390,Lucian,16.1,15.24,,post,1,DIAMOND,TOP,2,limited_1_4,True,0,observed_new,True,both
Lucian|16.1,P390,Lucian,16.1,15.24,,pre,2,DIAMOND,TOP,0,observed_new,True,0,observed_new,True,both
Lucian|16.1,P455,Lucian,16.1,15.24,,pre,1,MASTER+,MIDDLE,,,False,0,observed_new,True,pre_only
Lucian|16.1,P461,Lucian,16.1,15.24,,post,1,MASTER+,BOTTOM,,,False,,,False,post_only
Lucian|16.1,P467,Lucian,16.1,15.24,,post,1,MASTER+,BOTTOM,,,False,4,limited_1_4,True,both
Lucian|16.1,P467,Lucian,16.1,15.24,,pre,6,MASTER+,BOTTOM,,,False,,,False,both
Lucian|16.1,P490,Lucian,16.1,15.24,,post,15,MASTER+,BOTTOM,,,False,,,False,post_only
Nilah|16.1,P053,Nilah,16.1,15.24,,post,2,GOLD,TOP,2,limited_1_4,True,1,limited_1_4,True,both
Nilah|16.1,P053,Nilah,16.1,15.24,,pre,2,GOLD,TOP,,,False,0,observed_new,True,both
Nilah|16.1,P201,Nilah,16.1,15.24,,post,1,EMERALD,MIDDLE,0,observed_new,True,0,observed_new,True,post_only
Nilah|16.1,P218,Nilah,16.1,15.24,,pre,1,EMERALD,UTILITY,,,False,0,observed_new,True,pre_only
Nilah|16.1,P228,Nilah,16.1,15.24,,post,1,EMERALD,TOP,1,limited_1_4,True,1,limited_1_4,True,post_only
Nilah|16.1,P484,Nilah,16.1,15.24,,post,1,MASTER+,BOTTOM,,,False,3,limited_1_4,True,both
Nilah|16.1,P484,Nilah,16.1,15.24,,pre,3,MASTER+,BOTTOM,,,False,,,False,both
Quinn|16.1,P006,Quinn,16.1,15.24,,pre,1,GOLD,UTILITY,1,limited_1_4,True,0,observed_new,True,pre_only
Quinn|16.1,P029,Quinn,16.1,15.24,,post,1,GOLD,TOP,4,limited_1_4,True,2,limited_1_4,True,both
Quinn|16.1,P029,Quinn,16.1,15.24,,pre,1,GOLD,TOP,6,established_5plus,True,2,limited_1_4,True,both
Quinn|16.1,P091,Quinn,16.1,15.24,,post,1,GOLD,BOTTOM,0,observed_new,True,0,observed_new,True,post_only
Quinn|16.1,P157,Quinn,16.1,15.24,,pre,1,PLATINUM,TOP,,,False,0,observed_new,True,pre_only
Quinn|16.1,P189,Quinn,16.1,15.24,,pre,1,PLATINUM,TOP,,,False,,,False,pre_only
Quinn|16.1,P242,Quinn,16.1,15.24,,post,2,EMERALD,JUNGLE,,,False,,,False,post_only
Quinn|16.1,P262,Quinn,16.1,15.24,,post,1,EMERALD,MIDDLE,,,False,,,False,post_only
Quinn|16.1,P305,Quinn,16.1,15.24,,pre,9,DIAMOND,BOTTOM,5,established_5plus,True,5,established_5plus,True,pre_only
Quinn|16.1,P335,Quinn,16.1,15.24,,post,1,DIAMOND,MIDDLE,1,limited_1_4,True,0,observed_new,True,post_only
Quinn|16.1,P427,Quinn,16.1,15.24,,pre,1,MASTER+,BOTTOM,,,False,1,limited_1_4,True,pre_only
Rengar|16.1,P046,Rengar,16.1,15.24,,post,1,GOLD,JUNGLE,0,observed_new,True,0,observed_new,True,post_only
Rengar|16.1,P056,Rengar,16.1,15.24,,pre,1,GOLD,JUNGLE,0,observed_new,True,0,observed_new,True,pre_only
Rengar|16.1,P147,Rengar,16.1,15.24,,post,1,PLATINUM,MIDDLE,,,False,7,established_5plus,True,post_only
Rengar|16.1,P153,Rengar,16.1,15.24,,pre,1,PLATINUM,UTILITY,0,observed_new,True,0,observed_new,True,pre_only
Rengar|16.1,P203,Rengar,16.1,15.24,,pre,1,EMERALD,BOTTOM,19,established_5plus,True,6,established_5plus,True,pre_only
Rengar|16.1,P238,Rengar,16.1,15.24,,pre,1,EMERALD,JUNGLE,,,False,,,False,pre_only
Rengar|16.1,P306,Rengar,16.1,15.24,,post,1,DIAMOND,MIDDLE,,,False,0,observed_new,True,post_only
Rengar|16.1,P346,Rengar,16.1,15.24,,pre,3,DIAMOND,MIDDLE,,,False,0,observed_new,True,pre_only
Rengar|16.1,P359,Rengar,16.1,15.24,,post,1,DIAMOND,UTILITY,,,False,,,False,post_only
Rengar|16.1,P381,Rengar,16.1,15.24,,post,1,DIAMOND,JUNGLE,0,observed_new,True,0,observed_new,True,post_only
Rengar|16.1,P397,Rengar,16.1,15.24,,pre,2,DIAMOND,JUNGLE,18,established_5plus,True,11,established_5plus,True,pre_only
Rengar|16.1,P427,Rengar,16.1,15.24,,pre,21,MASTER+,BOTTOM,,,False,3,limited_1_4,True,pre_only
Rengar|16.1,P451,Rengar,16.1,15.24,,pre,1,MASTER+,TOP,,,False,,,False,pre_only
Samira|16.1,P006,Samira,16.1,15.24,,pre,1,GOLD,UTILITY,3,limited_1_4,True,2,limited_1_4,True,pre_only
Samira|16.1,P040,Samira,16.1,15.24,,pre,1,GOLD,BOTTOM,,,False,,,False,pre_only
Samira|16.1,P189,Samira,16.1,15.24,,post,1,PLATINUM,TOP,0,observed_new,True,0,observed_new,True,post_only
Samira|16.1,P199,Samira,16.1,15.24,,pre,1,PLATINUM,TOP,1,limited_1_4,True,1,limited_1_4,True,pre_only
Samira|16.1,P208,Samira,16.1,15.24,,post,3,EMERALD,JUNGLE,0,observed_new,True,0,observed_new,True,post_only
Samira|16.1,P220,Samira,16.1,15.24,,pre,1,EMERALD,BOTTOM,0,observed_new,True,0,observed_new,True,pre_only
Samira|16.1,P224,Samira,16.1,15.24,,post,1,EMERALD,JUNGLE,,,False,,,False,post_only
Samira|16.1,P249,Samira,16.1,15.24,,pre,1,EMERALD,BOTTOM,,,False,0,observed_new,True,pre_only
Samira|16.1,P267,Samira,16.1,15.24,,pre,3,EMERALD,JUNGLE,1,limited_1_4,True,1,limited_1_4,True,pre_only
Samira|16.1,P305,Samira,16.1,15.24,,post,1,DIAMOND,BOTTOM,1,limited_1_4,True,0,observed_new,True,both
Samira|16.1,P305,Samira,16.1,15.24,,pre,2,DIAMOND,BOTTOM,0,observed_new,True,0,observed_new,True,both
Samira|16.1,P361,Samira,16.1,15.24,,pre,1,DIAMOND,MIDDLE,1,limited_1_4,True,0,observed_new,True,pre_only
Samira|16.1,P384,Samira,16.1,15.24,,pre,1,DIAMOND,BOTTOM,0,observed_new,True,0,observed_new,True,pre_only
Senna|16.1,P009,Senna,16.1,15.24,,pre,2,GOLD,UTILITY,,,False,,,False,pre_only
Senna|16.1,P016,Senna,16.1,15.24,,pre,1,GOLD,JUNGLE,0,observed_new,True,0,observed_new,True,pre_only
Senna|16.1,P040,Senna,16.1,15.24,,pre,2,GOLD,BOTTOM,,,False,,,False,pre_only
Senna|16.1,P062,Senna,16.1,15.24,,post,1,GOLD,UTILITY,,,False,,,False,post_only
Senna|16.1,P143,Senna,16.1,15.24,,pre,1,PLATINUM,JUNGLE,,,False,,,False,pre_only
Senna|16.1,P158,Senna,16.1,15.24,,post,8,PLATINUM,JUNGLE,0,observed_new,True,0,observed_new,True,post_only
Senna|16.1,P189,Senna,16.1,15.24,,post,1,PLATINUM,TOP,,,False,0,observed_new,True,post_only
Senna|16.1,P211,Senna,16.1,15.24,,post,1,EMERALD,BOTTOM,,,False,23,established_5plus,True,both
Senna|16.1,P211,Senna,16.1,15.24,,pre,6,EMERALD,BOTTOM,,,False,22,established_5plus,True,both
Senna|16.1,P218,Senna,16.1,15.24,,pre,1,EMERALD,UTILITY,,,False,0,observed_new,True,pre_only
Senna|16.1,P240,Senna,16.1,15.24,,pre,1,EMERALD,BOTTOM,0,observed_new,True,0,observed_new,True,pre_only
Senna|16.1,P287,Senna,16.1,15.24,,post,2,EMERALD,UTILITY,,,False,,,False,post_only
Senna|16.1,P295,Senna,16.1,15.24,,pre,2,EMERALD,UTILITY,0,observed_new,True,0,observed_new,True,pre_only
Senna|16.1,P305,Senna,16.1,15.24,,pre,1,DIAMOND,BOTTOM,1,limited_1_4,True,0,observed_new,True,pre_only
Senna|16.1,P318,Senna,16.1,15.24,,post,1,DIAMOND,BOTTOM,1,limited_1_4,True,0,observed_new,True,post_only
Senna|16.1,P324,Senna,16.1,15.24,,pre,1,DIAMOND,MIDDLE,,,False,,,False,pre_only
Senna|16.1,P375,Senna,16.1,15.24,,post,2,DIAMOND,UTILITY,,,False,0,observed_new,True,post_only
Senna|16.1,P431,Senna,16.1,15.24,,post,1,MASTER+,UTILITY,0,observed_new,True,0,observed_new,True,post_only
Senna|16.1,P437,Senna,16.1,15.24,,pre,1,MASTER+,UTILITY,1,limited_1_4,True,1,limited_1_4,True,pre_only
Senna|16.1,P448,Senna,16.1,15.24,,pre,1,MASTER+,UTILITY,,,False,,,False,pre_only
Senna|16.1,P459,Senna,16.1,15.24,,post,3,MASTER+,TOP,1,limited_1_4,True,1,limited_1_4,True,post_only
Senna|16.1,P467,Senna,16.1,15.24,,pre,1,MASTER+,BOTTOM,,,False,0,observed_new,True,pre_only
Senna|16.1,P494,Senna,16.1,15.24,,post,2,MASTER+,BOTTOM,0,observed_new,True,0,observed_new,True,post_only
Shaco|16.1,P037,Shaco,16.1,15.24,,pre,1,GOLD,JUNGLE,0,observed_new,True,0,observed_new,True,pre_only
Shaco|16.1,P062,Shaco,16.1,15.24,,post,1,GOLD,UTILITY,,,False,,,False,post_only
Shaco|16.1,P128,Shaco,16.1,15.24,,pre,3,PLATINUM,MIDDLE,,,False,,,False,pre_only
Shaco|16.1,P146,Shaco,16.1,15.24,,post,2,PLATINUM,MIDDLE,,,False,2,limited_1_4,True,post_only
Shaco|16.1,P191,Shaco,16.1,15.24,,post,2,PLATINUM,JUNGLE,0,observed_new,True,0,observed_new,True,post_only
Shaco|16.1,P217,Shaco,16.1,15.24,,post,6,EMERALD,TOP,,,False,,,False,post_only
Shaco|16.1,P240,Shaco,16.1,15.24,,post,1,EMERALD,BOTTOM,1,limited_1_4,True,1,limited_1_4,True,both
Shaco|16.1,P240,Shaco,16.1,15.24,,pre,1,EMERALD,BOTTOM,0,observed_new,True,0,observed_new,True,both
Shaco|16.1,P259,Shaco,16.1,15.24,,pre,1,EMERALD,UTILITY,3,limited_1_4,True,3,limited_1_4,True,pre_only
Shaco|16.1,P297,Shaco,16.1,15.24,,post,7,EMERALD,UTILITY,92,established_5plus,True,47,established_5plus,True,both
Shaco|16.1,P297,Shaco,16.1,15.24,,pre,81,EMERALD,UTILITY,91,established_5plus,True,48,established_5plus,True,both
Shaco|16.1,P329,Shaco,16.1,15.24,,post,2,DIAMOND,JUNGLE,7,established_5plus,True,2,limited_1_4,True,both
Shaco|16.1,P329,Shaco,16.1,15.24,,pre,1,DIAMOND,JUNGLE,7,established_5plus,True,1,limited_1_4,True,both
Shaco|16.1,P338,Shaco,16.1,15.24,,pre,1,DIAMOND,UTILITY,0,observed_new,True,0,observed_new,True,pre_only
Shaco|16.1,P381,Shaco,16.1,15.24,,post,60,DIAMOND,JUNGLE,,,False,,,False,both
Shaco|16.1,P381,Shaco,16.1,15.24,,pre,6,DIAMOND,JUNGLE,,,False,,,False,both
Shaco|16.1,P411,Shaco,16.1,15.24,,post,2,MASTER+,UTILITY,3,limited_1_4,True,2,limited_1_4,True,both
Shaco|16.1,P411,Shaco,16.1,15.24,,pre,2,MASTER+,UTILITY,2,limited_1_4,True,1,limited_1_4,True,both
Sivir|16.1,P005,Sivir,16.1,15.24,,post,1,GOLD,JUNGLE,,,False,,,False,post_only
Sivir|16.1,P037,Sivir,16.1,15.24,,post,2,GOLD,JUNGLE,0,observed_new,True,0,observed_new,True,post_only
Sivir|16.1,P053,Sivir,16.1,15.24,,pre,4,GOLD,TOP,,,False,,,False,pre_only
Sivir|16.1,P064,Sivir,16.1,15.24,,post,2,GOLD,BOTTOM,,,False,,,False,post_only
Sivir|16.1,P086,Sivir,16.1,15.24,,post,7,GOLD,BOTTOM,20,established_5plus,True,3,limited_1_4,True,post_only
Sivir|16.1,P102,Sivir,16.1,15.24,,post,1,PLATINUM,BOTTOM,,,False,,,False,post_only
Sivir|16.1,P156,Sivir,16.1,15.24,,post,2,PLATINUM,JUNGLE,0,observed_new,True,0,observed_new,True,post_only
Sivir|16.1,P180,Sivir,16.1,15.24,,post,2,PLATINUM,BOTTOM,3,limited_1_4,True,1,limited_1_4,True,both
Sivir|16.1,P180,Sivir,16.1,15.24,,pre,1,PLATINUM,BOTTOM,2,limited_1_4,True,2,limited_1_4,True,both
Sivir|16.1,P189,Sivir,16.1,15.24,,post,1,PLATINUM,TOP,0,observed_new,True,0,observed_new,True,post_only
Sivir|16.1,P208,Sivir,16.1,15.24,,post,1,EMERALD,JUNGLE,0,observed_new,True,0,observed_new,True,post_only
Sivir|16.1,P218,Sivir,16.1,15.24,,post,7,EMERALD,UTILITY,0,observed_new,True,0,observed_new,True,post_only
Sivir|16.1,P239,Sivir,16.1,15.24,,post,2,EMERALD,BOTTOM,0,observed_new,True,0,observed_new,True,post_only
Sivir|16.1,P240,Sivir,16.1,15.24,,post,1,EMERALD,BOTTOM,0,observed_new,True,0,observed_new,True,post_only
Sivir|16.1,P249,Sivir,16.1,15.24,,post,5,EMERALD,BOTTOM,,,False,2,limited_1_4,True,both
Sivir|16.1,P249,Sivir,16.1,15.24,,pre,2,EMERALD,BOTTOM,,,False,,,False,both
Sivir|16.1,P251,Sivir,16.1,15.24,,pre,1,EMERALD,TOP,0,observed_new,True,0,observed_new,True,pre_only
Sivir|16.1,P253,Sivir,16.1,15.24,,post,1,EMERALD,BOTTOM,,,False,,,False,post_only
Sivir|16.1,P305,Sivir,16.1,15.24,,post,1,DIAMOND,BOTTOM,4,limited_1_4,True,0,observed_new,True,both
Sivir|16.1,P305,Sivir,16.1,15.24,,pre,6,DIAMOND,BOTTOM,18,established_5plus,True,2,limited_1_4,True,both
Sivir|16.1,P371,Sivir,16.1,15.24,,post,3,DIAMOND,BOTTOM,,,False,,,False,post_only
Sivir|16.1,P433,Sivir,16.1,15.24,,post,1,MASTER+,BOTTOM,,,False,,,False,post_only
Sivir|16.1,P437,Sivir,16.1,15.24,,pre,3,MASTER+,UTILITY,1,limited_1_4,True,1,limited_1_4,True,pre_only
Sivir|16.1,P442,Sivir,16.1,15.24,,post,1,MASTER+,UTILITY,2,limited_1_4,True,0,observed_new,True,both
Sivir|16.1,P442,Sivir,16.1,15.24,,pre,1,MASTER+,UTILITY,3,limited_1_4,True,2,limited_1_4,True,both
Sivir|16.1,P462,Sivir,16.1,15.24,,post,4,MASTER+,MIDDLE,0,observed_new,True,0,observed_new,True,post_only
Sivir|16.1,P467,Sivir,16.1,15.24,,post,1,MASTER+,BOTTOM,,,False,0,observed_new,True,post_only
Sivir|16.1,P480,Sivir,16.1,15.24,,pre,2,MASTER+,TOP,,,False,,,False,pre_only
Smolder|16.1,P005,Smolder,16.1,15.24,,post,1,GOLD,JUNGLE,,,False,,,False,post_only
Smolder|16.1,P006,Smolder,16.1,15.24,,pre,1,GOLD,UTILITY,0,observed_new,True,0,observed_new,True,pre_only
Smolder|16.1,P017,Smolder,16.1,15.24,,pre,1,GOLD,MIDDLE,0,observed_new,True,0,observed_new,True,pre_only
Smolder|16.1,P037,Smolder,16.1,15.24,,post,4,GOLD,JUNGLE,0,observed_new,True,0,observed_new,True,post_only
Smolder|16.1,P053,Smolder,16.1,15.24,,post,2,GOLD,TOP,2,limited_1_4,True,0,observed_new,True,both
Smolder|16.1,P053,Smolder,16.1,15.24,,pre,2,GOLD,TOP,,,False,,,False,both
Smolder|16.1,P072,Smolder,16.1,15.24,,pre,2,GOLD,MIDDLE,,,False,,,False,pre_only
Smolder|16.1,P108,Smolder,16.1,15.24,,pre,1,PLATINUM,MIDDLE,,,False,,,False,pre_only
Smolder|16.1,P116,Smolder,16.1,15.24,,pre,1,PLATINUM,TOP,2,limited_1_4,True,0,observed_new,True,pre_only
Smolder|16.1,P131,Smolder,16.1,15.24,,pre,5,PLATINUM,JUNGLE,12,established_5plus,True,6,established_5plus,True,pre_only
Smolder|16.1,P146,Smolder,16.1,15.24,,post,1,PLATINUM,MIDDLE,,,False,0,observed_new,True,post_only
Smolder|16.1,P180,Smolder,16.1,15.24,,pre,3,PLATINUM,BOTTOM,9,established_5plus,True,7,established_5plus,True,pre_only
Smolder|16.1,P188,Smolder,16.1,15.24,,pre,1,PLATINUM,JUNGLE,0,observed_new,True,0,observed_new,True,pre_only
Smolder|16.1,P189,Smolder,16.1,15.24,,post,8,PLATINUM,TOP,,,False,2,limited_1_4,True,both
Smolder|16.1,P189,Smolder,16.1,15.24,,pre,3,PLATINUM,TOP,,,False,,,False,both
Smolder|16.1,P201,Smolder,16.1,15.24,,post,4,EMERALD,MIDDLE,6,established_5plus,True,2,limited_1_4,True,both
Smolder|16.1,P201,Smolder,16.1,15.24,,pre,7,EMERALD,MIDDLE,5,established_5plus,True,5,established_5plus,True,both
Smolder|16.1,P202,Smolder,16.1,15.24,,post,13,EMERALD,BOTTOM,0,observed_new,True,0,observed_new,True,post_only
Smolder|16.1,P211,Smolder,16.1,15.24,,post,2,EMERALD,BOTTOM,,,False,2,limited_1_4,True,both
Smolder|16.1,P211,Smolder,16.1,15.24,,pre,2,EMERALD,BOTTOM,,,False,0,observed_new,True,both
Smolder|16.1,P213,Smolder,16.1,15.24,,pre,2,EMERALD,BOTTOM,2,limited_1_4,True,2,limited_1_4,True,pre_only
Smolder|16.1,P233,Smolder,16.1,15.24,,post,1,EMERALD,BOTTOM,2,limited_1_4,True,1,limited_1_4,True,post_only
Smolder|16.1,P239,Smolder,16.1,15.24,,post,5,EMERALD,BOTTOM,0,observed_new,True,0,observed_new,True,post_only
Smolder|16.1,P242,Smolder,16.1,15.24,,post,1,EMERALD,JUNGLE,,,False,,,False,post_only
Smolder|16.1,P249,Smolder,16.1,15.24,,pre,1,EMERALD,BOTTOM,,,False,,,False,pre_only
Smolder|16.1,P251,Smolder,16.1,15.24,,post,3,EMERALD,TOP,10,established_5plus,True,8,established_5plus,True,both
Smolder|16.1,P251,Smolder,16.1,15.24,,pre,26,EMERALD,TOP,0,observed_new,True,0,observed_new,True,both
Smolder|16.1,P274,Smolder,16.1,15.24,,pre,1,EMERALD,MIDDLE,0,observed_new,True,0,observed_new,True,pre_only
Smolder|16.1,P305,Smolder,16.1,15.24,,post,4,DIAMOND,BOTTOM,37,established_5plus,True,19,established_5plus,True,both
Smolder|16.1,P305,Smolder,16.1,15.24,,pre,37,DIAMOND,BOTTOM,1,limited_1_4,True,0,observed_new,True,both
Smolder|16.1,P318,Smolder,16.1,15.24,,post,2,DIAMOND,BOTTOM,0,observed_new,True,0,observed_new,True,post_only
Smolder|16.1,P390,Smolder,16.1,15.24,,pre,3,DIAMOND,TOP,1,limited_1_4,True,1,limited_1_4,True,pre_only
Smolder|16.1,P433,Smolder,16.1,15.24,,post,4,MASTER+,BOTTOM,,,False,,,False,post_only
Smolder|16.1,P461,Smolder,16.1,15.24,,post,2,MASTER+,BOTTOM,,,False,,,False,post_only
Smolder|16.1,P480,Smolder,16.1,15.24,,post,2,MASTER+,TOP,,,False,,,False,both
Smolder|16.1,P480,Smolder,16.1,15.24,,pre,1,MASTER+,TOP,,,False,,,False,both
Smolder|16.1,P490,Smolder,16.1,15.24,,post,3,MASTER+,BOTTOM,,,False,,,False,post_only
Tristana|16.1,P006,Tristana,16.1,15.24,,pre,1,GOLD,UTILITY,0,observed_new,True,0,observed_new,True,pre_only
Tristana|16.1,P021,Tristana,16.1,15.24,,post,1,GOLD,BOTTOM,,,False,,,False,both
Tristana|16.1,P021,Tristana,16.1,15.24,,pre,1,GOLD,BOTTOM,,,False,,,False,both
Tristana|16.1,P037,Tristana,16.1,15.24,,pre,1,GOLD,JUNGLE,0,observed_new,True,0,observed_new,True,pre_only
Tristana|16.1,P038,Tristana,16.1,15.24,,post,1,GOLD,MIDDLE,0,observed_new,True,0,observed_new,True,post_only
Tristana|16.1,P156,Tristana,16.1,15.24,,post,5,PLATINUM,JUNGLE,0,observed_new,True,0,observed_new,True,post_only
Tristana|16.1,P177,Tristana,16.1,15.24,,pre,16,PLATINUM,BOTTOM,,,False,,,False,pre_only
Tristana|16.1,P189,Tristana,16.1,15.24,,post,1,PLATINUM,TOP,,,False,0,observed_new,True,post_only
Tristana|16.1,P201,Tristana,16.1,15.24,,pre,2,EMERALD,MIDDLE,0,observed_new,True,0,observed_new,True,pre_only
Tristana|16.1,P216,Tristana,16.1,15.24,,post,1,EMERALD,UTILITY,,,False,,,False,post_only
Tristana|16.1,P218,Tristana,16.1,15.24,,pre,2,EMERALD,UTILITY,,,False,,,False,pre_only
Tristana|16.1,P220,Tristana,16.1,15.24,,pre,1,EMERALD,BOTTOM,1,limited_1_4,True,1,limited_1_4,True,pre_only
Tristana|16.1,P230,Tristana,16.1,15.24,,pre,1,EMERALD,JUNGLE,0,observed_new,True,0,observed_new,True,pre_only
Tristana|16.1,P239,Tristana,16.1,15.24,,pre,2,EMERALD,BOTTOM,1,limited_1_4,True,0,observed_new,True,pre_only
Tristana|16.1,P249,Tristana,16.1,15.24,,post,1,EMERALD,BOTTOM,,,False,0,observed_new,True,post_only
Tristana|16.1,P251,Tristana,16.1,15.24,,pre,11,EMERALD,TOP,,,False,1,limited_1_4,True,pre_only
Tristana|16.1,P259,Tristana,16.1,15.24,,post,1,EMERALD,UTILITY,0,observed_new,True,0,observed_new,True,post_only
Tristana|16.1,P305,Tristana,16.1,15.24,,pre,1,DIAMOND,BOTTOM,0,observed_new,True,0,observed_new,True,pre_only
Tristana|16.1,P335,Tristana,16.1,15.24,,pre,1,DIAMOND,MIDDLE,0,observed_new,True,0,observed_new,True,pre_only
Tristana|16.1,P341,Tristana,16.1,15.24,,pre,1,DIAMOND,BOTTOM,1,limited_1_4,True,0,observed_new,True,pre_only
Tristana|16.1,P381,Tristana,16.1,15.24,,post,1,DIAMOND,JUNGLE,0,observed_new,True,0,observed_new,True,post_only
Tristana|16.1,P390,Tristana,16.1,15.24,,pre,1,DIAMOND,TOP,3,limited_1_4,True,0,observed_new,True,pre_only
Tristana|16.1,P430,Tristana,16.1,15.24,,post,3,MASTER+,MIDDLE,,,False,,,False,post_only
Tristana|16.1,P461,Tristana,16.1,15.24,,post,1,MASTER+,BOTTOM,,,False,,,False,post_only
Tristana|16.1,P464,Tristana,16.1,15.24,,pre,1,MASTER+,JUNGLE,,,False,0,observed_new,True,pre_only
Tristana|16.1,P467,Tristana,16.1,15.24,,pre,1,MASTER+,BOTTOM,,,False,,,False,pre_only
Tristana|16.1,P484,Tristana,16.1,15.24,,pre,9,MASTER+,BOTTOM,,,False,,,False,pre_only
Tristana|16.1,P486,Tristana,16.1,15.24,,pre,1,MASTER+,JUNGLE,0,observed_new,True,0,observed_new,True,pre_only
Tryndamere|16.1,P007,Tryndamere,16.1,15.24,,post,2,GOLD,TOP,0,observed_new,True,0,observed_new,True,post_only
Tryndamere|16.1,P022,Tryndamere,16.1,15.24,,post,1,GOLD,JUNGLE,,,False,3,limited_1_4,True,post_only
Tryndamere|16.1,P128,Tryndamere,16.1,15.24,,pre,1,PLATINUM,MIDDLE,,,False,,,False,pre_only
Tryndamere|16.1,P145,Tryndamere,16.1,15.24,,post,1,PLATINUM,TOP,1,limited_1_4,True,0,observed_new,True,post_only
Tryndamere|16.1,P157,Tryndamere,16.1,15.24,,post,2,PLATINUM,TOP,0,observed_new,True,0,observed_new,True,post_only
Tryndamere|16.1,P217,Tryndamere,16.1,15.24,,post,3,EMERALD,TOP,,,False,,,False,post_only
Tryndamere|16.1,P250,Tryndamere,16.1,15.24,,post,1,EMERALD,TOP,,,False,,,False,post_only
Tryndamere|16.1,P335,Tryndamere,16.1,15.24,,post,1,DIAMOND,MIDDLE,0,observed_new,True,0,observed_new,True,post_only
Tryndamere|16.1,P381,Tryndamere,16.1,15.24,,post,3,DIAMOND,JUNGLE,,,False,0,observed_new,True,post_only
Twitch|16.1,P004,Twitch,16.1,15.24,,post,1,GOLD,MIDDLE,,,False,0,observed_new,True,post_only
Twitch|16.1,P005,Twitch,16.1,15.24,,post,1,GOLD,JUNGLE,,,False,,,False,post_only
Twitch|16.1,P016,Twitch,16.1,15.24,,pre,1,GOLD,JUNGLE,0,observed_new,True,0,observed_new,True,pre_only
Twitch|16.1,P033,Twitch,16.1,15.24,,post,13,GOLD,MIDDLE,,,False,,,False,post_only
Twitch|16.1,P037,Twitch,16.1,15.24,,post,1,GOLD,JUNGLE,0,observed_new,True,0,observed_new,True,post_only
Twitch|16.1,P053,Twitch,16.1,15.24,,post,1,GOLD,TOP,0,observed_new,True,0,observed_new,True,both
Twitch|16.1,P053,Twitch,16.1,15.24,,pre,2,GOLD,TOP,,,False,,,False,both
Twitch|16.1,P061,Twitch,16.1,15.24,,pre,3,GOLD,TOP,,,False,0,observed_new,True,pre_only
Twitch|16.1,P156,Twitch,16.1,15.24,,post,1,PLATINUM,JUNGLE,4,limited_1_4,True,1,limited_1_4,True,post_only
Twitch|16.1,P180,Twitch,16.1,15.24,,post,3,PLATINUM,BOTTOM,0,observed_new,True,0,observed_new,True,post_only
Twitch|16.1,P189,Twitch,16.1,15.24,,post,1,PLATINUM,TOP,1,limited_1_4,True,0,observed_new,True,both
Twitch|16.1,P189,Twitch,16.1,15.24,,pre,1,PLATINUM,TOP,,,False,,,False,both
Twitch|16.1,P217,Twitch,16.1,15.24,,post,1,EMERALD,TOP,,,False,0,observed_new,True,post_only
Twitch|16.1,P249,Twitch,16.1,15.24,,post,2,EMERALD,BOTTOM,,,False,1,limited_1_4,True,both
Twitch|16.1,P249,Twitch,16.1,15.24,,pre,1,EMERALD,BOTTOM,,,False,,,False,both
Twitch|16.1,P271,Twitch,16.1,15.24,,pre,1,EMERALD,BOTTOM,,,False,0,observed_new,True,pre_only
Twitch|16.1,P305,Twitch,16.1,15.24,,post,3,DIAMOND,BOTTOM,7,established_5plus,True,7,established_5plus,True,both
Twitch|16.1,P305,Twitch,16.1,15.24,,pre,7,DIAMOND,BOTTOM,1,limited_1_4,True,0,observed_new,True,both
Twitch|16.1,P335,Twitch,16.1,15.24,,post,1,DIAMOND,MIDDLE,0,observed_new,True,0,observed_new,True,post_only
Twitch|16.1,P338,Twitch,16.1,15.24,,post,2,DIAMOND,UTILITY,1,limited_1_4,True,1,limited_1_4,True,both
Twitch|16.1,P338,Twitch,16.1,15.24,,pre,1,DIAMOND,UTILITY,0,observed_new,True,0,observed_new,True,both
Twitch|16.1,P340,Twitch,16.1,15.24,,post,2,DIAMOND,MIDDLE,0,observed_new,True,0,observed_new,True,post_only
Twitch|16.1,P341,Twitch,16.1,15.24,,pre,1,DIAMOND,BOTTOM,0,observed_new,True,0,observed_new,True,pre_only
Twitch|16.1,P381,Twitch,16.1,15.24,,post,2,DIAMOND,JUNGLE,,,False,0,observed_new,True,post_only
Twitch|16.1,P430,Twitch,16.1,15.24,,post,1,MASTER+,MIDDLE,,,False,,,False,post_only
Viego|16.1,P005,Viego,16.1,15.24,,pre,3,GOLD,JUNGLE,,,False,,,False,pre_only
Viego|16.1,P008,Viego,16.1,15.24,,post,2,GOLD,JUNGLE,,,False,3,limited_1_4,True,post_only
Viego|16.1,P014,Viego,16.1,15.24,,post,1,GOLD,JUNGLE,,,False,,,False,post_only
Viego|16.1,P024,Viego,16.1,15.24,,post,2,GOLD,UTILITY,,,False,,,False,post_only
Viego|16.1,P037,Viego,16.1,15.24,,pre,1,GOLD,JUNGLE,0,observed_new,True,0,observed_new,True,pre_only
Viego|16.1,P038,Viego,16.1,15.24,,post,1,GOLD,MIDDLE,6,established_5plus,True,1,limited_1_4,True,post_only
Viego|16.1,P105,Viego,16.1,15.24,,pre,2,PLATINUM,MIDDLE,4,limited_1_4,True,0,observed_new,True,pre_only
Viego|16.1,P146,Viego,16.1,15.24,,post,1,PLATINUM,MIDDLE,,,False,3,limited_1_4,True,post_only
Viego|16.1,P157,Viego,16.1,15.24,,post,3,PLATINUM,TOP,,,False,0,observed_new,True,post_only
Viego|16.1,P189,Viego,16.1,15.24,,pre,1,PLATINUM,TOP,,,False,,,False,pre_only
Viego|16.1,P208,Viego,16.1,15.24,,post,30,EMERALD,JUNGLE,,,False,34,established_5plus,True,both
Viego|16.1,P208,Viego,16.1,15.24,,pre,34,EMERALD,JUNGLE,,,False,,,False,both
Viego|16.1,P211,Viego,16.1,15.24,,pre,5,EMERALD,BOTTOM,,,False,0,observed_new,True,pre_only
Viego|16.1,P240,Viego,16.1,15.24,,post,2,EMERALD,BOTTOM,2,limited_1_4,True,1,limited_1_4,True,both
Viego|16.1,P240,Viego,16.1,15.24,,pre,2,EMERALD,BOTTOM,1,limited_1_4,True,0,observed_new,True,both
Viego|16.1,P248,Viego,16.1,15.24,,pre,1,EMERALD,JUNGLE,,,False,15,established_5plus,True,pre_only
Viego|16.1,P263,Viego,16.1,15.24,,pre,1,EMERALD,JUNGLE,,,False,,,False,pre_only
Viego|16.1,P269,Viego,16.1,15.24,,post,3,EMERALD,MIDDLE,16,established_5plus,True,9,established_5plus,True,both
Viego|16.1,P269,Viego,16.1,15.24,,pre,13,EMERALD,MIDDLE,9,established_5plus,True,3,limited_1_4,True,both
Viego|16.1,P329,Viego,16.1,15.24,,post,11,DIAMOND,JUNGLE,79,established_5plus,True,39,established_5plus,True,both
Viego|16.1,P329,Viego,16.1,15.24,,pre,6,DIAMOND,JUNGLE,77,established_5plus,True,41,established_5plus,True,both
Viego|16.1,P350,Viego,16.1,15.24,,pre,1,DIAMOND,TOP,,,False,1,limited_1_4,True,pre_only
Viego|16.1,P359,Viego,16.1,15.24,,post,12,DIAMOND,UTILITY,,,False,,,False,post_only
Viego|16.1,P381,Viego,16.1,15.24,,post,1,DIAMOND,JUNGLE,0,observed_new,True,0,observed_new,True,post_only
Viego|16.1,P426,Viego,16.1,15.24,,post,1,MASTER+,MIDDLE,,,False,,,False,post_only
Xayah|16.1,P038,Xayah,16.1,15.24,,post,1,GOLD,MIDDLE,0,observed_new,True,0,observed_new,True,post_only
Xayah|16.1,P053,Xayah,16.1,15.24,,post,1,GOLD,TOP,2,limited_1_4,True,0,observed_new,True,both
Xayah|16.1,P053,Xayah,16.1,15.24,,pre,15,GOLD,TOP,,,False,,,False,both
Xayah|16.1,P068,Xayah,16.1,15.24,,pre,5,GOLD,BOTTOM,,,False,,,False,pre_only
Xayah|16.1,P114,Xayah,16.1,15.24,,pre,1,PLATINUM,BOTTOM,4,limited_1_4,True,2,limited_1_4,True,pre_only
Xayah|16.1,P156,Xayah,16.1,15.24,,post,1,PLATINUM,JUNGLE,1,limited_1_4,True,0,observed_new,True,post_only
Xayah|16.1,P180,Xayah,16.1,15.24,,pre,1,PLATINUM,BOTTOM,4,limited_1_4,True,2,limited_1_4,True,pre_only
Xayah|16.1,P192,Xayah,16.1,15.24,,post,1,PLATINUM,TOP,0,observed_new,True,0,observed_new,True,post_only
Xayah|16.1,P208,Xayah,16.1,15.24,,post,12,EMERALD,JUNGLE,,,False,2,limited_1_4,True,both
Xayah|16.1,P208,Xayah,16.1,15.24,,pre,3,EMERALD,JUNGLE,,,False,,,False,both
Xayah|16.1,P211,Xayah,16.1,15.24,,post,1,EMERALD,BOTTOM,0,observed_new,True,0,observed_new,True,post_only
Xayah|16.1,P218,Xayah,16.1,15.24,,pre,1,EMERALD,UTILITY,,,False,,,False,pre_only
Xayah|16.1,P239,Xayah,16.1,15.24,,pre,1,EMERALD,BOTTOM,0,observed_new,True,0,observed_new,True,pre_only
Xayah|16.1,P246,Xayah,16.1,15.24,,post,1,EMERALD,BOTTOM,,,False,0,observed_new,True,post_only
Xayah|16.1,P259,Xayah,16.1,15.24,,post,1,EMERALD,UTILITY,0,observed_new,True,0,observed_new,True,post_only
Xayah|16.1,P305,Xayah,16.1,15.24,,pre,3,DIAMOND,BOTTOM,0,observed_new,True,0,observed_new,True,pre_only
Xayah|16.1,P307,Xayah,16.1,15.24,,post,1,DIAMOND,BOTTOM,,,False,,,False,both
Xayah|16.1,P307,Xayah,16.1,15.24,,pre,3,DIAMOND,BOTTOM,,,False,,,False,both
Xayah|16.1,P339,Xayah,16.1,15.24,,post,1,DIAMOND,MIDDLE,0,observed_new,True,0,observed_new,True,post_only
Xayah|16.1,P390,Xayah,16.1,15.24,,pre,1,DIAMOND,TOP,0,observed_new,True,0,observed_new,True,pre_only
Xayah|16.1,P433,Xayah,16.1,15.24,,post,3,MASTER+,BOTTOM,,,False,,,False,post_only
Xayah|16.1,P467,Xayah,16.1,15.24,,pre,3,MASTER+,BOTTOM,,,False,,,False,pre_only
Xayah|16.1,P490,Xayah,16.1,15.24,,pre,1,MASTER+,BOTTOM,,,False,,,False,pre_only
Yasuo|16.1,P007,Yasuo,16.1,15.24,,post,1,GOLD,TOP,2,limited_1_4,True,2,limited_1_4,True,both
Yasuo|16.1,P007,Yasuo,16.1,15.24,,pre,2,GOLD,TOP,2,limited_1_4,True,0,observed_new,True,both
Yasuo|16.1,P020,Yasuo,16.1,15.24,,post,1,GOLD,MIDDLE,,,False,,,False,post_only
Yasuo|16.1,P037,Yasuo,16.1,15.24,,post,3,GOLD,JUNGLE,2,limited_1_4,True,1,limited_1_4,True,both
Yasuo|16.1,P037,Yasuo,16.1,15.24,,pre,2,GOLD,JUNGLE,1,limited_1_4,True,0,observed_new,True,both
Yasuo|16.1,P040,Yasuo,16.1,15.24,,post,1,GOLD,BOTTOM,,,False,,,False,post_only
Yasuo|16.1,P054,Yasuo,16.1,15.24,,pre,3,GOLD,TOP,54,established_5plus,True,36,established_5plus,True,pre_only
Yasuo|16.1,P072,Yasuo,16.1,15.24,,pre,2,GOLD,MIDDLE,,,False,,,False,pre_only
Yasuo|16.1,P116,Yasuo,16.1,15.24,,pre,1,PLATINUM,TOP,0,observed_new,True,0,observed_new,True,pre_only
Yasuo|16.1,P133,Yasuo,16.1,15.24,,pre,1,PLATINUM,MIDDLE,,,False,,,False,pre_only
Yasuo|16.1,P145,Yasuo,16.1,15.24,,post,1,PLATINUM,TOP,2,limited_1_4,True,0,observed_new,True,post_only
Yasuo|16.1,P161,Yasuo,16.1,15.24,,post,5,PLATINUM,MIDDLE,,,False,,,False,post_only
Yasuo|16.1,P189,Yasuo,16.1,15.24,,post,2,PLATINUM,TOP,,,False,6,established_5plus,True,both
Yasuo|16.1,P189,Yasuo,16.1,15.24,,pre,7,PLATINUM,TOP,,,False,,,False,both
Yasuo|16.1,P201,Yasuo,16.1,15.24,,post,4,EMERALD,MIDDLE,4,limited_1_4,True,3,limited_1_4,True,both
Yasuo|16.1,P201,Yasuo,16.1,15.24,,pre,4,EMERALD,MIDDLE,0,observed_new,True,0,observed_new,True,both
Yasuo|16.1,P246,Yasuo,16.1,15.24,,post,1,EMERALD,BOTTOM,,,False,1,limited_1_4,True,post_only
Yasuo|16.1,P262,Yasuo,16.1,15.24,,post,2,EMERALD,MIDDLE,,,False,,,False,post_only
Yasuo|16.1,P267,Yasuo,16.1,15.24,,post,29,EMERALD,JUNGLE,25,established_5plus,True,4,limited_1_4,True,both
Yasuo|16.1,P267,Yasuo,16.1,15.24,,pre,25,EMERALD,JUNGLE,18,established_5plus,True,5,established_5plus,True,both
Yasuo|16.1,P302,Yasuo,16.1,15.24,,pre,1,DIAMOND,UTILITY,,,False,,,False,pre_only
Yasuo|16.1,P306,Yasuo,16.1,15.24,,post,3,DIAMOND,MIDDLE,,,False,0,observed_new,True,both
Yasuo|16.1,P306,Yasuo,16.1,15.24,,pre,1,DIAMOND,MIDDLE,,,False,,,False,both
Yasuo|16.1,P335,Yasuo,16.1,15.24,,post,1,DIAMOND,MIDDLE,0,observed_new,True,0,observed_new,True,post_only
Yasuo|16.1,P337,Yasuo,16.1,15.24,,pre,1,DIAMOND,MIDDLE,,,False,,,False,pre_only
Yasuo|16.1,P348,Yasuo,16.1,15.24,,post,2,DIAMOND,BOTTOM,16,established_5plus,True,10,established_5plus,True,both
Yasuo|16.1,P348,Yasuo,16.1,15.24,,pre,1,DIAMOND,BOTTOM,16,established_5plus,True,10,established_5plus,True,both
Yasuo|16.1,P360,Yasuo,16.1,15.24,,post,5,DIAMOND,MIDDLE,,,False,,,False,post_only
Yasuo|16.1,P365,Yasuo,16.1,15.24,,pre,2,DIAMOND,TOP,4,limited_1_4,True,1,limited_1_4,True,pre_only
Yasuo|16.1,P390,Yasuo,16.1,15.24,,pre,1,DIAMOND,TOP,0,observed_new,True,0,observed_new,True,pre_only
Yasuo|16.1,P403,Yasuo,16.1,15.24,,post,3,MASTER+,JUNGLE,0,observed_new,True,0,observed_new,True,post_only
Yasuo|16.1,P421,Yasuo,16.1,15.24,,post,20,MASTER+,MIDDLE,,,False,,,False,post_only
Yasuo|16.1,P426,Yasuo,16.1,15.24,,post,9,MASTER+,MIDDLE,,,False,,,False,post_only
Yasuo|16.1,P451,Yasuo,16.1,15.24,,pre,1,MASTER+,TOP,,,False,,,False,pre_only
Yasuo|16.1,P455,Yasuo,16.1,15.24,,post,1,MASTER+,MIDDLE,2,limited_1_4,True,0,observed_new,True,post_only
Yasuo|16.1,P480,Yasuo,16.1,15.24,,post,32,MASTER+,TOP,,,False,,,False,both
Yasuo|16.1,P480,Yasuo,16.1,15.24,,pre,7,MASTER+,TOP,,,False,,,False,both
Yasuo|16.1,P486,Yasuo,16.1,15.24,,pre,3,MASTER+,JUNGLE,0,observed_new,True,0,observed_new,True,pre_only
Yone|16.1,P017,Yone,16.1,15.24,,pre,1,GOLD,MIDDLE,0,observed_new,True,0,observed_new,True,pre_only
Yone|16.1,P072,Yone,16.1,15.24,,pre,2,GOLD,MIDDLE,,,False,,,False,pre_only
Yone|16.1,P108,Yone,16.1,15.24,,pre,1,PLATINUM,MIDDLE,,,False,,,False,pre_only
Yone|16.1,P116,Yone,16.1,15.24,,pre,5,PLATINUM,TOP,0,observed_new,True,0,observed_new,True,pre_only
Yone|16.1,P146,Yone,16.1,15.24,,post,1,PLATINUM,MIDDLE,0,observed_new,True,0,observed_new,True,post_only
Yone|16.1,P175,Yone,16.1,15.24,,post,1,PLATINUM,UTILITY,,,False,,,False,post_only
Yone|16.1,P189,Yone,16.1,15.24,,post,1,PLATINUM,TOP,9,established_5plus,True,6,established_5plus,True,both
Yone|16.1,P189,Yone,16.1,15.24,,pre,9,PLATINUM,TOP,,,False,,,False,both
Yone|16.1,P201,Yone,16.1,15.24,,pre,6,EMERALD,MIDDLE,11,established_5plus,True,3,limited_1_4,True,pre_only
Yone|16.1,P205,Yone,16.1,15.24,,pre,1,EMERALD,JUNGLE,1,limited_1_4,True,0,observed_new,True,pre_only
Yone|16.1,P218,Yone,16.1,15.24,,post,1,EMERALD,UTILITY,0,observed_new,True,0,observed_new,True,post_only
Yone|16.1,P220,Yone,16.1,15.24,,pre,1,EMERALD,BOTTOM,2,limited_1_4,True,0,observed_new,True,pre_only
Yone|16.1,P230,Yone,16.1,15.24,,post,1,EMERALD,JUNGLE,0,observed_new,True,0,observed_new,True,post_only
Yone|16.1,P240,Yone,16.1,15.24,,post,1,EMERALD,BOTTOM,1,limited_1_4,True,1,limited_1_4,True,both
Yone|16.1,P240,Yone,16.1,15.24,,pre,1,EMERALD,BOTTOM,0,observed_new,True,0,observed_new,True,both
Yone|16.1,P267,Yone,16.1,15.24,,post,8,EMERALD,JUNGLE,17,established_5plus,True,4,limited_1_4,True,both
Yone|16.1,P267,Yone,16.1,15.24,,pre,16,EMERALD,JUNGLE,15,established_5plus,True,14,established_5plus,True,both
Yone|16.1,P271,Yone,16.1,15.24,,pre,3,EMERALD,BOTTOM,,,False,1,limited_1_4,True,pre_only
Yone|16.1,P306,Yone,16.1,15.24,,post,1,DIAMOND,MIDDLE,,,False,0,observed_new,True,both
Yone|16.1,P306,Yone,16.1,15.24,,pre,1,DIAMOND,MIDDLE,,,False,,,False,both
Yone|16.1,P353,Yone,16.1,15.24,,post,1,DIAMOND,JUNGLE,3,limited_1_4,True,2,limited_1_4,True,both
Yone|16.1,P353,Yone,16.1,15.24,,pre,3,DIAMOND,JUNGLE,1,limited_1_4,True,0,observed_new,True,both
Yone|16.1,P360,Yone,16.1,15.24,,post,1,DIAMOND,MIDDLE,,,False,,,False,both
Yone|16.1,P360,Yone,16.1,15.24,,pre,2,DIAMOND,MIDDLE,,,False,,,False,both
Yone|16.1,P365,Yone,16.1,15.24,,pre,2,DIAMOND,TOP,2,limited_1_4,True,1,limited_1_4,True,pre_only
Yone|16.1,P390,Yone,16.1,15.24,,pre,2,DIAMOND,TOP,3,limited_1_4,True,1,limited_1_4,True,pre_only
Yone|16.1,P396,Yone,16.1,15.24,,post,2,DIAMOND,JUNGLE,,,False,,,False,both
Yone|16.1,P396,Yone,16.1,15.24,,pre,1,DIAMOND,JUNGLE,,,False,,,False,both
Yone|16.1,P421,Yone,16.1,15.24,,post,2,MASTER+,MIDDLE,,,False,,,False,post_only
Yone|16.1,P426,Yone,16.1,15.24,,post,1,MASTER+,MIDDLE,,,False,,,False,post_only
Yone|16.1,P449,Yone,16.1,15.24,,post,8,MASTER+,JUNGLE,,,False,,,False,post_only
Yone|16.1,P451,Yone,16.1,15.24,,pre,1,MASTER+,TOP,,,False,,,False,pre_only
Yone|16.1,P462,Yone,16.1,15.24,,pre,1,MASTER+,MIDDLE,,,False,0,observed_new,True,pre_only
Yone|16.1,P480,Yone,16.1,15.24,,post,2,MASTER+,TOP,,,False,3,limited_1_4,True,both
Yone|16.1,P480,Yone,16.1,15.24,,pre,1,MASTER+,TOP,,,False,,,False,both
Yone|16.1,P484,Yone,16.1,15.24,,pre,4,MASTER+,BOTTOM,,,False,,,False,pre_only
Yunara|16.1,P008,Yunara,16.1,15.24,,post,1,GOLD,JUNGLE,,,False,1,limited_1_4,True,both
Yunara|16.1,P008,Yunara,16.1,15.24,,pre,1,GOLD,JUNGLE,,,False,0,observed_new,True,both
Yunara|16.1,P033,Yunara,16.1,15.24,,post,2,GOLD,MIDDLE,,,False,,,False,post_only
Yunara|16.1,P038,Yunara,16.1,15.24,,post,1,GOLD,MIDDLE,1,limited_1_4,True,1,limited_1_4,True,post_only
Yunara|16.1,P053,Yunara,16.1,15.24,,pre,2,GOLD,TOP,,,False,,,False,pre_only
Yunara|16.1,P076,Yunara,16.1,15.24,,pre,2,GOLD,BOTTOM,,,False,,,False,pre_only
Yunara|16.1,P189,Yunara,16.1,15.24,,post,1,PLATINUM,TOP,,,False,0,observed_new,True,post_only
Yunara|16.1,P208,Yunara,16.1,15.24,,post,2,EMERALD,JUNGLE,0,observed_new,True,0,observed_new,True,post_only
Yunara|16.1,P220,Yunara,16.1,15.24,,pre,1,EMERALD,BOTTOM,4,limited_1_4,True,1,limited_1_4,True,pre_only
Yunara|16.1,P239,Yunara,16.1,15.24,,pre,1,EMERALD,BOTTOM,1,limited_1_4,True,0,observed_new,True,pre_only
Yunara|16.1,P249,Yunara,16.1,15.24,,pre,8,EMERALD,BOTTOM,,,False,,,False,pre_only
Yunara|16.1,P279,Yunara,16.1,15.24,,post,1,EMERALD,BOTTOM,,,False,,,False,post_only
Yunara|16.1,P318,Yunara,16.1,15.24,,post,3,DIAMOND,BOTTOM,8,established_5plus,True,1,limited_1_4,True,post_only
Yunara|16.1,P332,Yunara,16.1,15.24,,post,1,DIAMOND,BOTTOM,,,False,,,False,post_only
Yunara|16.1,P335,Yunara,16.1,15.24,,post,1,DIAMOND,MIDDLE,7,established_5plus,True,4,limited_1_4,True,post_only
Yunara|16.1,P341,Yunara,16.1,15.24,,pre,2,DIAMOND,BOTTOM,3,limited_1_4,True,1,limited_1_4,True,pre_only
Yunara|16.1,P396,Yunara,16.1,15.24,,pre,4,DIAMOND,JUNGLE,,,False,,,False,pre_only
Yunara|16.1,P467,Yunara,16.1,15.24,,post,1,MASTER+,BOTTOM,,,False,0,observed_new,True,both
Yunara|16.1,P467,Yunara,16.1,15.24,,pre,3,MASTER+,BOTTOM,,,False,,,False,both
Yunara|16.1,P484,Yunara,16.1,15.24,,post,4,MASTER+,BOTTOM,,,False,0,observed_new,True,post_only
Yunara|16.1,P490,Yunara,16.1,15.24,,post,1,MASTER+,BOTTOM,,,False,6,established_5plus,True,both
Yunara|16.1,P490,Yunara,16.1,15.24,,pre,8,MASTER+,BOTTOM,,,False,,,False,both
Zeri|16.1,P114,Zeri,16.1,15.24,,pre,11,PLATINUM,BOTTOM,45,established_5plus,True,24,established_5plus,True,pre_only
Zeri|16.1,P189,Zeri,16.1,15.24,,pre,1,PLATINUM,TOP,,,False,,,False,pre_only
Zeri|16.1,P201,Zeri,16.1,15.24,,pre,2,EMERALD,MIDDLE,0,observed_new,True,0,observed_new,True,pre_only
Zeri|16.1,P209,Zeri,16.1,15.24,,post,4,EMERALD,MIDDLE,23,established_5plus,True,0,observed_new,True,post_only
Zeri|16.1,P220,Zeri,16.1,15.24,,pre,1,EMERALD,BOTTOM,0,observed_new,True,0,observed_new,True,pre_only
Zeri|16.1,P307,Zeri,16.1,15.24,,post,4,DIAMOND,BOTTOM,,,False,,,False,post_only
Zeri|16.1,P318,Zeri,16.1,15.24,,post,2,DIAMOND,BOTTOM,1,limited_1_4,True,1,limited_1_4,True,post_only
Zeri|16.1,P335,Zeri,16.1,15.24,,post,1,DIAMOND,MIDDLE,0,observed_new,True,0,observed_new,True,post_only
Zeri|16.1,P437,Zeri,16.1,15.24,,pre,1,MASTER+,UTILITY,0,observed_new,True,0,observed_new,True,pre_only
Zeri|16.1,P455,Zeri,16.1,15.24,,pre,1,MASTER+,MIDDLE,,,False,0,observed_new,True,pre_only
Zeri|16.1,P480,Zeri,16.1,15.24,,pre,1,MASTER+,TOP,,,False,,,False,pre_only
Aatrox|16.2,P102,Aatrox,16.2,16.1,,post,3,PLATINUM,BOTTOM,,,False,,,False,both
Aatrox|16.2,P102,Aatrox,16.2,16.1,,pre,1,PLATINUM,BOTTOM,,,False,,,False,both
Aatrox|16.2,P157,Aatrox,16.2,16.1,,post,1,PLATINUM,TOP,0,observed_new,True,0,observed_new,True,post_only
Aatrox|16.2,P171,Aatrox,16.2,16.1,,post,2,PLATINUM,BOTTOM,12,established_5plus,True,12,established_5plus,True,both
Aatrox|16.2,P171,Aatrox,16.2,16.1,,pre,7,PLATINUM,BOTTOM,,,False,5,established_5plus,True,both
Aatrox|16.2,P189,Aatrox,16.2,16.1,,pre,1,PLATINUM,TOP,0,observed_new,True,0,observed_new,True,pre_only
Aatrox|16.2,P227,Aatrox,16.2,16.1,,pre,1,EMERALD,TOP,,,False,0,observed_new,True,pre_only
Aatrox|16.2,P298,Aatrox,16.2,16.1,,post,2,EMERALD,JUNGLE,,,False,,,False,post_only
Aatrox|16.2,P328,Aatrox,16.2,16.1,,post,10,DIAMOND,JUNGLE,,,False,,,False,post_only
Aatrox|16.2,P375,Aatrox,16.2,16.1,,post,2,DIAMOND,UTILITY,1,limited_1_4,True,0,observed_new,True,post_only
Aatrox|16.2,P390,Aatrox,16.2,16.1,,pre,1,DIAMOND,TOP,5,established_5plus,True,1,limited_1_4,True,pre_only
Aatrox|16.2,P440,Aatrox,16.2,16.1,,post,1,MASTER+,UTILITY,,,False,1,limited_1_4,True,post_only
Aatrox|16.2,P455,Aatrox,16.2,16.1,,post,1,MASTER+,MIDDLE,0,observed_new,True,0,observed_new,True,post_only
Aatrox|16.2,P459,Aatrox,16.2,16.1,,post,1,MASTER+,TOP,1,limited_1_4,True,0,observed_new,True,post_only
Ashe|16.2,P018,Ashe,16.2,16.1,,post,1,GOLD,MIDDLE,,,False,0,observed_new,True,post_only
Ashe|16.2,P037,Ashe,16.2,16.1,,pre,1,GOLD,JUNGLE,0,observed_new,True,0,observed_new,True,pre_only
Ashe|16.2,P069,Ashe,16.2,16.1,,post,6,GOLD,BOTTOM,,,False,,,False,post_only
Ashe|16.2,P092,Ashe,16.2,16.1,,post,3,GOLD,BOTTOM,,,False,,,False,post_only
Ashe|16.2,P105,Ashe,16.2,16.1,,post,2,PLATINUM,MIDDLE,0,observed_new,True,0,observed_new,True,post_only
Ashe|16.2,P131,Ashe,16.2,16.1,,post,5,PLATINUM,JUNGLE,32,established_5plus,True,17,established_5plus,True,post_only
Ashe|16.2,P137,Ashe,16.2,16.1,,post,4,PLATINUM,MIDDLE,,,False,3,limited_1_4,True,post_only
Ashe|16.2,P161,Ashe,16.2,16.1,,post,1,PLATINUM,MIDDLE,,,False,0,observed_new,True,post_only
Ashe|16.2,P178,Ashe,16.2,16.1,,post,1,PLATINUM,UTILITY,,,False,,,False,post_only
Ashe|16.2,P181,Ashe,16.2,16.1,,pre,1,PLATINUM,JUNGLE,2,limited_1_4,True,1,limited_1_4,True,pre_only
Ashe|16.2,P183,Ashe,16.2,16.1,,post,1,PLATINUM,UTILITY,,,False,,,False,post_only
Ashe|16.2,P198,Ashe,16.2,16.1,,post,2,PLATINUM,TOP,,,False,0,observed_new,True,post_only
Ashe|16.2,P218,Ashe,16.2,16.1,,post,1,EMERALD,UTILITY,2,limited_1_4,True,1,limited_1_4,True,both
Ashe|16.2,P218,Ashe,16.2,16.1,,pre,1,EMERALD,UTILITY,1,limited_1_4,True,0,observed_new,True,both
Ashe|16.2,P220,Ashe,16.2,16.1,,post,1,EMERALD,BOTTOM,21,established_5plus,True,16,established_5plus,True,both
Ashe|16.2,P220,Ashe,16.2,16.1,,pre,4,EMERALD,BOTTOM,18,established_5plus,True,13,established_5plus,True,both
Ashe|16.2,P228,Ashe,16.2,16.1,,post,1,EMERALD,TOP,0,observed_new,True,0,observed_new,True,post_only
Ashe|16.2,P251,Ashe,16.2,16.1,,post,1,EMERALD,TOP,3,limited_1_4,True,2,limited_1_4,True,post_only
Ashe|16.2,P253,Ashe,16.2,16.1,,post,1,EMERALD,BOTTOM,,,False,,,False,post_only
Ashe|16.2,P259,Ashe,16.2,16.1,,pre,2,EMERALD,UTILITY,1,limited_1_4,True,0,observed_new,True,pre_only
Ashe|16.2,P279,Ashe,16.2,16.1,,post,1,EMERALD,BOTTOM,,,False,1,limited_1_4,True,post_only
Ashe|16.2,P333,Ashe,16.2,16.1,,post,1,DIAMOND,BOTTOM,,,False,,,False,post_only
Ashe|16.2,P341,Ashe,16.2,16.1,,post,5,DIAMOND,BOTTOM,1,limited_1_4,True,1,limited_1_4,True,post_only
Ashe|16.2,P383,Ashe,16.2,16.1,,pre,5,DIAMOND,BOTTOM,,,False,,,False,pre_only
Ashe|16.2,P408,Ashe,16.2,16.1,,post,4,MASTER+,UTILITY,0,observed_new,True,0,observed_new,True,post_only
Ashe|16.2,P440,Ashe,16.2,16.1,,post,1,MASTER+,UTILITY,,,False,0,observed_new,True,post_only
Ashe|16.2,P467,Ashe,16.2,16.1,,post,2,MASTER+,BOTTOM,,,False,7,established_5plus,True,post_only
Ashe|16.2,P485,Ashe,16.2,16.1,,pre,1,MASTER+,BOTTOM,,,False,,,False,pre_only
Gwen|16.2,P037,Gwen,16.2,16.1,,pre,1,GOLD,JUNGLE,0,observed_new,True,0,observed_new,True,pre_only
Gwen|16.2,P045,Gwen,16.2,16.1,,post,1,GOLD,UTILITY,,,False,0,observed_new,True,post_only
Gwen|16.2,P050,Gwen,16.2,16.1,,pre,5,GOLD,TOP,,,False,20,established_5plus,True,pre_only
Gwen|16.2,P074,Gwen,16.2,16.1,,post,1,GOLD,TOP,,,False,,,False,post_only
Gwen|16.2,P094,Gwen,16.2,16.1,,post,1,GOLD,JUNGLE,,,False,,,False,post_only
Gwen|16.2,P106,Gwen,16.2,16.1,,post,1,PLATINUM,UTILITY,1,limited_1_4,True,1,limited_1_4,True,both
Gwen|16.2,P106,Gwen,16.2,16.1,,pre,1,PLATINUM,UTILITY,0,observed_new,True,0,observed_new,True,both
Gwen|16.2,P181,Gwen,16.2,16.1,,post,1,PLATINUM,JUNGLE,8,established_5plus,True,3,limited_1_4,True,both
Gwen|16.2,P181,Gwen,16.2,16.1,,pre,3,PLATINUM,JUNGLE,7,established_5plus,True,2,limited_1_4,True,both
Gwen|16.2,P182,Gwen,16.2,16.1,,pre,1,PLATINUM,TOP,,,False,,,False,pre_only
Gwen|16.2,P201,Gwen,16.2,16.1,,pre,1,EMERALD,MIDDLE,0,observed_new,True,0,observed_new,True,pre_only
Gwen|16.2,P218,Gwen,16.2,16.1,,pre,3,EMERALD,UTILITY,0,observed_new,True,0,observed_new,True,pre_only
Gwen|16.2,P220,Gwen,16.2,16.1,,post,1,EMERALD,BOTTOM,12,established_5plus,True,9,established_5plus,True,both
Gwen|16.2,P220,Gwen,16.2,16.1,,pre,2,EMERALD,BOTTOM,13,established_5plus,True,7,established_5plus,True,both
Gwen|16.2,P240,Gwen,16.2,16.1,,pre,1,EMERALD,BOTTOM,0,observed_new,True,0,observed_new,True,pre_only
Gwen|16.2,P267,Gwen,16.2,16.1,,pre,2,EMERALD,JUNGLE,0,observed_new,True,0,observed_new,True,pre_only
Gwen|16.2,P304,Gwen,16.2,16.1,,pre,1,DIAMOND,UTILITY,,,False,0,observed_new,True,pre_only
Gwen|16.2,P319,Gwen,16.2,16.1,,pre,2,DIAMOND,MIDDLE,0,observed_new,True,0,observed_new,True,pre_only
Gwen|16.2,P353,Gwen,16.2,16.1,,pre,1,DIAMOND,JUNGLE,0,observed_new,True,0,observed_new,True,pre_only
Gwen|16.2,P367,Gwen,16.2,16.1,,post,1,DIAMOND,MIDDLE,,,False,,,False,post_only
Gwen|16.2,P420,Gwen,16.2,16.1,,post,2,MASTER+,BOTTOM,,,False,,,False,both
Gwen|16.2,P420,Gwen,16.2,16.1,,pre,2,MASTER+,BOTTOM,,,False,,,False,both
Gwen|16.2,P450,Gwen,16.2,16.1,,post,8,MASTER+,JUNGLE,26,established_5plus,True,20,established_5plus,True,both
Gwen|16.2,P450,Gwen,16.2,16.1,,pre,24,MASTER+,JUNGLE,2,limited_1_4,True,2,limited_1_4,True,both
Gwen|16.2,P455,Gwen,16.2,16.1,,post,1,MASTER+,MIDDLE,0,observed_new,True,0,observed_new,True,post_only
Gwen|16.2,P476,Gwen,16.2,16.1,,pre,1,MASTER+,JUNGLE,0,observed_new,True,0,observed_new,True,pre_only
Gwen|16.2,P479,Gwen,16.2,16.1,,post,1,MASTER+,BOTTOM,,,False,,,False,post_only
Gwen|16.2,P485,Gwen,16.2,16.1,,pre,3,MASTER+,BOTTOM,,,False,,,False,pre_only
Gwen|16.2,P487,Gwen,16.2,16.1,,pre,1,MASTER+,JUNGLE,,,False,,,False,pre_only
Jayce|16.2,P021,Jayce,16.2,16.1,,post,1,GOLD,BOTTOM,,,False,,,False,post_only
Jayce|16.2,P055,Jayce,16.2,16.1,,pre,1,GOLD,TOP,,,False,,,False,pre_only
Jayce|16.2,P102,Jayce,16.2,16.1,,pre,1,PLATINUM,BOTTOM,,,False,,,False,pre_only
Jayce|16.2,P171,Jayce,16.2,16.1,,pre,1,PLATINUM,BOTTOM,,,False,1,limited_1_4,True,pre_only
Jayce|16.2,P189,Jayce,16.2,16.1,,post,1,PLATINUM,TOP,0,observed_new,True,0,observed_new,True,post_only
Jayce|16.2,P195,Jayce,16.2,16.1,,pre,2,PLATINUM,JUNGLE,,,False,,,False,pre_only
Jayce|16.2,P240,Jayce,16.2,16.1,,pre,1,EMERALD,BOTTOM,0,observed_new,True,0,observed_new,True,pre_only
Jayce|16.2,P279,Jayce,16.2,16.1,,post,1,EMERALD,BOTTOM,,,False,0,observed_new,True,post_only
Jayce|16.2,P375,Jayce,16.2,16.1,,pre,4,DIAMOND,UTILITY,,,False,0,observed_new,True,pre_only
Jayce|16.2,P381,Jayce,16.2,16.1,,post,2,DIAMOND,JUNGLE,0,observed_new,True,0,observed_new,True,post_only
Jayce|16.2,P390,Jayce,16.2,16.1,,pre,1,DIAMOND,TOP,4,limited_1_4,True,0,observed_new,True,pre_only
Jayce|16.2,P396,Jayce,16.2,16.1,,post,1,DIAMOND,JUNGLE,,,False,3,limited_1_4,True,both
Jayce|16.2,P396,Jayce,16.2,16.1,,pre,3,DIAMOND,JUNGLE,,,False,,,False,both
Jayce|16.2,P418,Jayce,16.2,16.1,,post,1,MASTER+,MIDDLE,7,established_5plus,True,6,established_5plus,True,post_only
Jayce|16.2,P455,Jayce,16.2,16.1,,post,13,MASTER+,MIDDLE,2,limited_1_4,True,0,observed_new,True,post_only
Jayce|16.2,P459,Jayce,16.2,16.1,,pre,1,MASTER+,TOP,0,observed_new,True,0,observed_new,True,pre_only
Jayce|16.2,P463,Jayce,16.2,16.1,,pre,6,MASTER+,TOP,28,established_5plus,True,9,established_5plus,True,pre_only
Jayce|16.2,P464,Jayce,16.2,16.1,,pre,2,MASTER+,JUNGLE,0,observed_new,True,0,observed_new,True,pre_only
Jayce|16.2,P479,Jayce,16.2,16.1,,post,3,MASTER+,BOTTOM,,,False,,,False,post_only
Jayce|16.2,P495,Jayce,16.2,16.1,,pre,1,MASTER+,JUNGLE,,,False,0,observed_new,True,pre_only
Lillia|16.2,P033,Lillia,16.2,16.1,,post,13,GOLD,MIDDLE,,,False,0,observed_new,True,post_only
Lillia|16.2,P181,Lillia,16.2,16.1,,pre,1,PLATINUM,JUNGLE,0,observed_new,True,0,observed_new,True,pre_only
Lillia|16.2,P189,Lillia,16.2,16.1,,pre,2,PLATINUM,TOP,,,False,0,observed_new,True,pre_only
Lillia|16.2,P208,Lillia,16.2,16.1,,pre,1,EMERALD,JUNGLE,,,False,0,observed_new,True,pre_only
Lillia|16.2,P242,Lillia,16.2,16.1,,post,8,EMERALD,JUNGLE,,,False,,,False,both
Lillia|16.2,P242,Lillia,16.2,16.1,,pre,24,EMERALD,JUNGLE,,,False,,,False,both
Lillia|16.2,P296,Lillia,16.2,16.1,,post,1,EMERALD,UTILITY,,,False,0,observed_new,True,post_only
Lillia|16.2,P381,Lillia,16.2,16.1,,post,1,DIAMOND,JUNGLE,0,observed_new,True,0,observed_new,True,post_only
Lillia|16.2,P476,Lillia,16.2,16.1,,pre,1,MASTER+,JUNGLE,2,limited_1_4,True,2,limited_1_4,True,pre_only
Malphite|16.2,P004,Malphite,16.2,16.1,,post,1,GOLD,MIDDLE,0,observed_new,True,0,observed_new,True,both
Malphite|16.2,P004,Malphite,16.2,16.1,,pre,2,GOLD,MIDDLE,,,False,,,False,both
Malphite|16.2,P006,Malphite,16.2,16.1,,post,1,GOLD,UTILITY,8,established_5plus,True,8,established_5plus,True,both
Malphite|16.2,P006,Malphite,16.2,16.1,,pre,8,GOLD,UTILITY,0,observed_new,True,0,observed_new,True,both
Malphite|16.2,P007,Malphite,16.2,16.1,,post,1,GOLD,TOP,0,observed_new,True,0,observed_new,True,post_only
Malphite|16.2,P020,Malphite,16.2,16.1,,pre,1,GOLD,MIDDLE,,,False,0,observed_new,True,pre_only
Malphite|16.2,P022,Malphite,16.2,16.1,,pre,2,GOLD,JUNGLE,,,False,0,observed_new,True,pre_only
Malphite|16.2,P029,Malphite,16.2,16.1,,pre,5,GOLD,TOP,16,established_5plus,True,3,limited_1_4,True,pre_only
Malphite|16.2,P037,Malphite,16.2,16.1,,post,1,GOLD,JUNGLE,9,established_5plus,True,1,limited_1_4,True,both
Malphite|16.2,P037,Malphite,16.2,16.1,,pre,1,GOLD,JUNGLE,8,established_5plus,True,4,limited_1_4,True,both
Malphite|16.2,P045,Malphite,16.2,16.1,,post,1,GOLD,UTILITY,,,False,0,observed_new,True,post_only
Malphite|16.2,P145,Malphite,16.2,16.1,,post,2,PLATINUM,TOP,3,limited_1_4,True,0,observed_new,True,post_only
Malphite|16.2,P146,Malphite,16.2,16.1,,pre,1,PLATINUM,MIDDLE,,,False,0,observed_new,True,pre_only
Malphite|16.2,P147,Malphite,16.2,16.1,,pre,1,PLATINUM,MIDDLE,,,False,0,observed_new,True,pre_only
Malphite|16.2,P151,Malphite,16.2,16.1,,post,2,PLATINUM,UTILITY,0,observed_new,True,0,observed_new,True,both
Malphite|16.2,P151,Malphite,16.2,16.1,,pre,1,PLATINUM,UTILITY,,,False,0,observed_new,True,both
Malphite|16.2,P152,Malphite,16.2,16.1,,post,3,PLATINUM,UTILITY,,,False,,,False,post_only
Malphite|16.2,P189,Malphite,16.2,16.1,,pre,1,PLATINUM,TOP,,,False,0,observed_new,True,pre_only
Malphite|16.2,P201,Malphite,16.2,16.1,,pre,2,EMERALD,MIDDLE,0,observed_new,True,0,observed_new,True,pre_only
Malphite|16.2,P208,Malphite,16.2,16.1,,post,1,EMERALD,JUNGLE,0,observed_new,True,0,observed_new,True,post_only
Malphite|16.2,P217,Malphite,16.2,16.1,,pre,1,EMERALD,TOP,,,False,3,limited_1_4,True,pre_only
Malphite|16.2,P228,Malphite,16.2,16.1,,post,1,EMERALD,TOP,0,observed_new,True,0,observed_new,True,post_only
Malphite|16.2,P262,Malphite,16.2,16.1,,pre,1,EMERALD,MIDDLE,,,False,1,limited_1_4,True,pre_only
Malphite|16.2,P278,Malphite,16.2,16.1,,pre,1,EMERALD,JUNGLE,,,False,3,limited_1_4,True,pre_only
Malphite|16.2,P285,Malphite,16.2,16.1,,post,1,EMERALD,UTILITY,,,False,,,False,post_only
Malphite|16.2,P286,Malphite,16.2,16.1,,post,3,EMERALD,TOP,3,limited_1_4,True,3,limited_1_4,True,both
Malphite|16.2,P286,Malphite,16.2,16.1,,pre,3,EMERALD,TOP,0,observed_new,True,0,observed_new,True,both
Malphite|16.2,P292,Malphite,16.2,16.1,,post,1,EMERALD,TOP,17,established_5plus,True,15,established_5plus,True,post_only
Malphite|16.2,P296,Malphite,16.2,16.1,,pre,10,EMERALD,UTILITY,,,False,0,observed_new,True,pre_only
Malphite|16.2,P299,Malphite,16.2,16.1,,pre,1,EMERALD,UTILITY,,,False,,,False,pre_only
Malphite|16.2,P338,Malphite,16.2,16.1,,post,2,DIAMOND,UTILITY,5,established_5plus,True,3,limited_1_4,True,both
Malphite|16.2,P338,Malphite,16.2,16.1,,pre,3,DIAMOND,UTILITY,2,limited_1_4,True,2,limited_1_4,True,both
Malphite|16.2,P342,Malphite,16.2,16.1,,pre,1,DIAMOND,JUNGLE,0,observed_new,True,0,observed_new,True,pre_only
Malphite|16.2,P359,Malphite,16.2,16.1,,pre,2,DIAMOND,UTILITY,,,False,,,False,pre_only
Malphite|16.2,P373,Malphite,16.2,16.1,,post,1,DIAMOND,TOP,,,False,,,False,post_only
Malphite|16.2,P381,Malphite,16.2,16.1,,post,2,DIAMOND,JUNGLE,0,observed_new,True,0,observed_new,True,post_only
Malphite|16.2,P384,Malphite,16.2,16.1,,pre,2,DIAMOND,BOTTOM,0,observed_new,True,0,observed_new,True,pre_only
Malphite|16.2,P403,Malphite,16.2,16.1,,post,6,MASTER+,JUNGLE,0,observed_new,True,0,observed_new,True,post_only
Malphite|16.2,P442,Malphite,16.2,16.1,,pre,1,MASTER+,UTILITY,0,observed_new,True,0,observed_new,True,pre_only
Malphite|16.2,P467,Malphite,16.2,16.1,,post,1,MASTER+,BOTTOM,,,False,0,observed_new,True,post_only
Malphite|16.2,P485,Malphite,16.2,16.1,,pre,2,MASTER+,BOTTOM,,,False,,,False,pre_only
Sivir|16.2,P004,Sivir,16.2,16.1,,post,2,GOLD,MIDDLE,0,observed_new,True,0,observed_new,True,post_only
Sivir|16.2,P005,Sivir,16.2,16.1,,pre,1,GOLD,JUNGLE,,,False,,,False,pre_only
Sivir|16.2,P037,Sivir,16.2,16.1,,post,1,GOLD,JUNGLE,2,limited_1_4,True,2,limited_1_4,True,both
Sivir|16.2,P037,Sivir,16.2,16.1,,pre,2,GOLD,JUNGLE,0,observed_new,True,0,observed_new,True,both
Sivir|16.2,P053,Sivir,16.2,16.1,,post,1,GOLD,TOP,0,observed_new,True,0,observed_new,True,post_only
Sivir|16.2,P064,Sivir,16.2,16.1,,pre,2,GOLD,BOTTOM,,,False,,,False,pre_only
Sivir|16.2,P069,Sivir,16.2,16.1,,post,1,GOLD,BOTTOM,,,False,,,False,post_only
Sivir|16.2,P086,Sivir,16.2,16.1,,post,1,GOLD,BOTTOM,11,established_5plus,True,9,established_5plus,True,both
Sivir|16.2,P086,Sivir,16.2,16.1,,pre,7,GOLD,BOTTOM,20,established_5plus,True,3,limited_1_4,True,both
Sivir|16.2,P102,Sivir,16.2,16.1,,pre,1,PLATINUM,BOTTOM,,,False,,,False,pre_only
Sivir|16.2,P137,Sivir,16.2,16.1,,post,11,PLATINUM,MIDDLE,,,False,0,observed_new,True,post_only
Sivir|16.2,P156,Sivir,16.2,16.1,,pre,2,PLATINUM,JUNGLE,0,observed_new,True,0,observed_new,True,pre_only
Sivir|16.2,P180,Sivir,16.2,16.1,,pre,2,PLATINUM,BOTTOM,3,limited_1_4,True,1,limited_1_4,True,pre_only
Sivir|16.2,P189,Sivir,16.2,16.1,,pre,1,PLATINUM,TOP,0,observed_new,True,0,observed_new,True,pre_only
Sivir|16.2,P198,Sivir,16.2,16.1,,post,3,PLATINUM,TOP,,,False,,,False,post_only
Sivir|16.2,P208,Sivir,16.2,16.1,,pre,1,EMERALD,JUNGLE,0,observed_new,True,0,observed_new,True,pre_only
Sivir|16.2,P218,Sivir,16.2,16.1,,pre,7,EMERALD,UTILITY,0,observed_new,True,0,observed_new,True,pre_only
Sivir|16.2,P228,Sivir,16.2,16.1,,post,1,EMERALD,TOP,0,observed_new,True,0,observed_new,True,post_only
Sivir|16.2,P233,Sivir,16.2,16.1,,post,1,EMERALD,BOTTOM,5,established_5plus,True,0,observed_new,True,post_only
Sivir|16.2,P239,Sivir,16.2,16.1,,pre,2,EMERALD,BOTTOM,0,observed_new,True,0,observed_new,True,pre_only
Sivir|16.2,P240,Sivir,16.2,16.1,,pre,1,EMERALD,BOTTOM,0,observed_new,True,0,observed_new,True,pre_only
Sivir|16.2,P249,Sivir,16.2,16.1,,post,3,EMERALD,BOTTOM,,,False,7,established_5plus,True,both
Sivir|16.2,P249,Sivir,16.2,16.1,,pre,5,EMERALD,BOTTOM,,,False,2,limited_1_4,True,both
Sivir|16.2,P253,Sivir,16.2,16.1,,pre,1,EMERALD,BOTTOM,,,False,,,False,pre_only
Sivir|16.2,P279,Sivir,16.2,16.1,,post,1,EMERALD,BOTTOM,,,False,,,False,post_only
Sivir|16.2,P303,Sivir,16.2,16.1,,post,1,DIAMOND,UTILITY,1,limited_1_4,True,0,observed_new,True,post_only
Sivir|16.2,P305,Sivir,16.2,16.1,,pre,1,DIAMOND,BOTTOM,4,limited_1_4,True,0,observed_new,True,pre_only
Sivir|16.2,P307,Sivir,16.2,16.1,,post,1,DIAMOND,BOTTOM,,,False,0,observed_new,True,post_only
Sivir|16.2,P333,Sivir,16.2,16.1,,post,2,DIAMOND,BOTTOM,,,False,,,False,post_only
Sivir|16.2,P371,Sivir,16.2,16.1,,pre,3,DIAMOND,BOTTOM,,,False,,,False,pre_only
Sivir|16.2,P433,Sivir,16.2,16.1,,pre,1,MASTER+,BOTTOM,,,False,,,False,pre_only
Sivir|16.2,P442,Sivir,16.2,16.1,,post,1,MASTER+,UTILITY,2,limited_1_4,True,1,limited_1_4,True,both
Sivir|16.2,P442,Sivir,16.2,16.1,,pre,1,MASTER+,UTILITY,2,limited_1_4,True,0,observed_new,True,both
Sivir|16.2,P462,Sivir,16.2,16.1,,pre,4,MASTER+,MIDDLE,0,observed_new,True,0,observed_new,True,pre_only
Sivir|16.2,P467,Sivir,16.2,16.1,,post,1,MASTER+,BOTTOM,1,limited_1_4,True,0,observed_new,True,both
Sivir|16.2,P467,Sivir,16.2,16.1,,pre,1,MASTER+,BOTTOM,,,False,0,observed_new,True,both
Smolder|16.2,P005,Smolder,16.2,16.1,,pre,1,GOLD,JUNGLE,,,False,,,False,pre_only
Smolder|16.2,P037,Smolder,16.2,16.1,,post,16,GOLD,JUNGLE,4,limited_1_4,True,4,limited_1_4,True,both
Smolder|16.2,P037,Smolder,16.2,16.1,,pre,4,GOLD,JUNGLE,0,observed_new,True,0,observed_new,True,both
Smolder|16.2,P053,Smolder,16.2,16.1,,pre,2,GOLD,TOP,2,limited_1_4,True,0,observed_new,True,pre_only
Smolder|16.2,P072,Smolder,16.2,16.1,,post,2,GOLD,MIDDLE,,,False,,,False,post_only
Smolder|16.2,P131,Smolder,16.2,16.1,,post,3,PLATINUM,JUNGLE,17,established_5plus,True,9,established_5plus,True,post_only
Smolder|16.2,P146,Smolder,16.2,16.1,,pre,1,PLATINUM,MIDDLE,,,False,0,observed_new,True,pre_only
Smolder|16.2,P161,Smolder,16.2,16.1,,post,2,PLATINUM,MIDDLE,,,False,,,False,post_only
Smolder|16.2,P189,Smolder,16.2,16.1,,pre,8,PLATINUM,TOP,,,False,2,limited_1_4,True,pre_only
Smolder|16.2,P198,Smolder,16.2,16.1,,post,4,PLATINUM,TOP,,,False,,,False,post_only
Smolder|16.2,P201,Smolder,16.2,16.1,,pre,4,EMERALD,MIDDLE,6,established_5plus,True,2,limited_1_4,True,pre_only
Smolder|16.2,P202,Smolder,16.2,16.1,,post,16,EMERALD,BOTTOM,13,established_5plus,True,13,established_5plus,True,both
Smolder|16.2,P202,Smolder,16.2,16.1,,pre,13,EMERALD,BOTTOM,0,observed_new,True,0,observed_new,True,both
Smolder|16.2,P211,Smolder,16.2,16.1,,pre,2,EMERALD,BOTTOM,,,False,2,limited_1_4,True,pre_only
Smolder|16.2,P233,Smolder,16.2,16.1,,pre,1,EMERALD,BOTTOM,2,limited_1_4,True,1,limited_1_4,True,pre_only
Smolder|16.2,P239,Smolder,16.2,16.1,,pre,5,EMERALD,BOTTOM,0,observed_new,True,0,observed_new,True,pre_only
Smolder|16.2,P242,Smolder,16.2,16.1,,pre,1,EMERALD,JUNGLE,,,False,,,False,pre_only
Smolder|16.2,P251,Smolder,16.2,16.1,,post,4,EMERALD,TOP,12,established_5plus,True,9,established_5plus,True,both
Smolder|16.2,P251,Smolder,16.2,16.1,,pre,3,EMERALD,TOP,10,established_5plus,True,8,established_5plus,True,both
Smolder|16.2,P279,Smolder,16.2,16.1,,post,3,EMERALD,BOTTOM,,,False,0,observed_new,True,post_only
Smolder|16.2,P303,Smolder,16.2,16.1,,post,2,DIAMOND,UTILITY,7,established_5plus,True,2,limited_1_4,True,post_only
Smolder|16.2,P305,Smolder,16.2,16.1,,pre,4,DIAMOND,BOTTOM,37,established_5plus,True,19,established_5plus,True,pre_only
Smolder|16.2,P310,Smolder,16.2,16.1,,post,2,DIAMOND,TOP,,,False,,,False,post_only
Smolder|16.2,P318,Smolder,16.2,16.1,,pre,2,DIAMOND,BOTTOM,0,observed_new,True,0,observed_new,True,pre_only
Smolder|16.2,P335,Smolder,16.2,16.1,,post,1,DIAMOND,MIDDLE,0,observed_new,True,0,observed_new,True,post_only
Smolder|16.2,P433,Smolder,16.2,16.1,,post,2,MASTER+,BOTTOM,,,False,,,False,both
Smolder|16.2,P433,Smolder,16.2,16.1,,pre,4,MASTER+,BOTTOM,,,False,,,False,both
Smolder|16.2,P442,Smolder,16.2,16.1,,post,1,MASTER+,UTILITY,0,observed_new,True,0,observed_new,True,post_only
Smolder|16.2,P461,Smolder,16.2,16.1,,pre,2,MASTER+,BOTTOM,,,False,,,False,pre_only
Smolder|16.2,P467,Smolder,16.2,16.1,,post,1,MASTER+,BOTTOM,0,observed_new,True,0,observed_new,True,post_only
Smolder|16.2,P480,Smolder,16.2,16.1,,pre,2,MASTER+,TOP,,,False,,,False,pre_only
Smolder|16.2,P490,Smolder,16.2,16.1,,pre,3,MASTER+,BOTTOM,,,False,,,False,pre_only
Taliyah|16.2,P053,Taliyah,16.2,16.1,,pre,6,GOLD,TOP,0,observed_new,True,0,observed_new,True,pre_only
Taliyah|16.2,P171,Taliyah,16.2,16.1,,pre,1,PLATINUM,BOTTOM,0,observed_new,True,0,observed_new,True,pre_only
Taliyah|16.2,P195,Taliyah,16.2,16.1,,pre,1,PLATINUM,JUNGLE,,,False,,,False,pre_only
Taliyah|16.2,P246,Taliyah,16.2,16.1,,post,1,EMERALD,BOTTOM,2,limited_1_4,True,2,limited_1_4,True,post_only
Taliyah|16.2,P338,Taliyah,16.2,16.1,,pre,1,DIAMOND,UTILITY,0,observed_new,True,0,observed_new,True,pre_only
Taliyah|16.2,P442,Taliyah,16.2,16.1,,post,1,MASTER+,UTILITY,1,limited_1_4,True,0,observed_new,True,post_only
Taliyah|16.2,P455,Taliyah,16.2,16.1,,post,2,MASTER+,MIDDLE,0,observed_new,True,0,observed_new,True,post_only
Taliyah|16.2,P464,Taliyah,16.2,16.1,,post,3,MASTER+,JUNGLE,0,observed_new,True,0,observed_new,True,post_only
Varus|16.2,P007,Varus,16.2,16.1,,post,7,GOLD,TOP,1,limited_1_4,True,1,limited_1_4,True,both
Varus|16.2,P007,Varus,16.2,16.1,,pre,1,GOLD,TOP,0,observed_new,True,0,observed_new,True,both
Varus|16.2,P021,Varus,16.2,16.1,,post,1,GOLD,BOTTOM,,,False,,,False,post_only
Varus|16.2,P033,Varus,16.2,16.1,,pre,2,GOLD,MIDDLE,,,False,0,observed_new,True,pre_only
Varus|16.2,P037,Varus,16.2,16.1,,post,1,GOLD,JUNGLE,0,observed_new,True,0,observed_new,True,post_only
Varus|16.2,P105,Varus,16.2,16.1,,post,11,PLATINUM,MIDDLE,0,observed_new,True,0,observed_new,True,post_only
Varus|16.2,P157,Varus,16.2,16.1,,post,7,PLATINUM,TOP,0,observed_new,True,0,observed_new,True,post_only
Varus|16.2,P160,Varus,16.2,16.1,,post,1,PLATINUM,UTILITY,0,observed_new,True,0,observed_new,True,post_only
Varus|16.2,P180,Varus,16.2,16.1,,post,2,PLATINUM,BOTTOM,2,limited_1_4,True,0,observed_new,True,post_only
Varus|16.2,P189,Varus,16.2,16.1,,post,1,PLATINUM,TOP,1,limited_1_4,True,0,observed_new,True,post_only
Varus|16.2,P192,Varus,16.2,16.1,,pre,1,PLATINUM,TOP,1,limited_1_4,True,1,limited_1_4,True,pre_only
Varus|16.2,P195,Varus,16.2,16.1,,pre,1,PLATINUM,JUNGLE,,,False,,,False,pre_only
Varus|16.2,P198,Varus,16.2,16.1,,post,5,PLATINUM,TOP,,,False,0,observed_new,True,post_only
Varus|16.2,P228,Varus,16.2,16.1,,post,1,EMERALD,TOP,4,limited_1_4,True,0,observed_new,True,post_only
Varus|16.2,P239,Varus,16.2,16.1,,post,1,EMERALD,BOTTOM,1,limited_1_4,True,0,observed_new,True,post_only
Varus|16.2,P249,Varus,16.2,16.1,,post,4,EMERALD,BOTTOM,,,False,0,observed_new,True,post_only
Varus|16.2,P286,Varus,16.2,16.1,,post,2,EMERALD,TOP,0,observed_new,True,0,observed_new,True,post_only
Varus|16.2,P292,Varus,16.2,16.1,,post,5,EMERALD,TOP,0,observed_new,True,0,observed_new,True,post_only
Varus|16.2,P307,Varus,16.2,16.1,,post,2,DIAMOND,BOTTOM,,,False,0,observed_new,True,post_only
Varus|16.2,P365,Varus,16.2,16.1,,post,1,DIAMOND,TOP,0,observed_new,True,0,observed_new,True,post_only
Varus|16.2,P419,Varus,16.2,16.1,,post,2,MASTER+,BOTTOM,,,False,,,False,post_only
Varus|16.2,P467,Varus,16.2,16.1,,post,2,MASTER+,BOTTOM,0,observed_new,True,0,observed_new,True,post_only
Varus|16.2,P484,Varus,16.2,16.1,,post,1,MASTER+,BOTTOM,,,False,0,observed_new,True,post_only
Varus|16.2,P490,Varus,16.2,16.1,,post,1,MASTER+,BOTTOM,,,False,2,limited_1_4,True,both
Varus|16.2,P490,Varus,16.2,16.1,,pre,4,MASTER+,BOTTOM,,,False,,,False,both
Viego|16.2,P005,Viego,16.2,16.1,,post,1,GOLD,JUNGLE,,,False,,,False,post_only
Viego|16.2,P008,Viego,16.2,16.1,,pre,2,GOLD,JUNGLE,,,False,3,limited_1_4,True,pre_only
Viego|16.2,P014,Viego,16.2,16.1,,pre,1,GOLD,JUNGLE,,,False,,,False,pre_only
Viego|16.2,P024,Viego,16.2,16.1,,post,1,GOLD,UTILITY,,,False,,,False,both
Viego|16.2,P024,Viego,16.2,16.1,,pre,2,GOLD,UTILITY,,,False,,,False,both
Viego|16.2,P033,Viego,16.2,16.1,,post,24,GOLD,MIDDLE,,,False,0,observed_new,True,post_only
Viego|16.2,P038,Viego,16.2,16.1,,pre,1,GOLD,MIDDLE,6,established_5plus,True,1,limited_1_4,True,pre_only
Viego|16.2,P145,Viego,16.2,16.1,,post,1,PLATINUM,TOP,0,observed_new,True,0,observed_new,True,post_only
Viego|16.2,P146,Viego,16.2,16.1,,pre,1,PLATINUM,MIDDLE,,,False,3,limited_1_4,True,pre_only
Viego|16.2,P157,Viego,16.2,16.1,,pre,3,PLATINUM,TOP,,,False,0,observed_new,True,pre_only
Viego|16.2,P161,Viego,16.2,16.1,,post,15,PLATINUM,MIDDLE,,,False,0,observed_new,True,post_only
Viego|16.2,P208,Viego,16.2,16.1,,post,75,EMERALD,JUNGLE,45,established_5plus,True,13,established_5plus,True,both
Viego|16.2,P208,Viego,16.2,16.1,,pre,30,EMERALD,JUNGLE,,,False,34,established_5plus,True,both
Viego|16.2,P240,Viego,16.2,16.1,,post,1,EMERALD,BOTTOM,3,limited_1_4,True,2,limited_1_4,True,both
Viego|16.2,P240,Viego,16.2,16.1,,pre,2,EMERALD,BOTTOM,2,limited_1_4,True,1,limited_1_4,True,both
Viego|16.2,P248,Viego,16.2,16.1,,post,1,EMERALD,JUNGLE,,,False,15,established_5plus,True,post_only
Viego|16.2,P263,Viego,16.2,16.1,,post,1,EMERALD,JUNGLE,,,False,1,limited_1_4,True,post_only
Viego|16.2,P267,Viego,16.2,16.1,,post,1,EMERALD,JUNGLE,0,observed_new,True,0,observed_new,True,post_only
Viego|16.2,P269,Viego,16.2,16.1,,post,1,EMERALD,MIDDLE,16,established_5plus,True,3,limited_1_4,True,both
Viego|16.2,P269,Viego,16.2,16.1,,pre,3,EMERALD,MIDDLE,16,established_5plus,True,9,established_5plus,True,both
Viego|16.2,P329,Viego,16.2,16.1,,post,36,DIAMOND,JUNGLE,77,established_5plus,True,34,established_5plus,True,both
Viego|16.2,P329,Viego,16.2,16.1,,pre,11,DIAMOND,JUNGLE,79,established_5plus,True,39,established_5plus,True,both
Viego|16.2,P339,Viego,16.2,16.1,,post,3,DIAMOND,MIDDLE,0,observed_new,True,0,observed_new,True,post_only
Viego|16.2,P359,Viego,16.2,16.1,,post,3,DIAMOND,UTILITY,,,False,,,False,both
Viego|16.2,P359,Viego,16.2,16.1,,pre,12,DIAMOND,UTILITY,,,False,,,False,both
Viego|16.2,P381,Viego,16.2,16.1,,post,1,DIAMOND,JUNGLE,1,limited_1_4,True,0,observed_new,True,both
Viego|16.2,P381,Viego,16.2,16.1,,pre,1,DIAMOND,JUNGLE,0,observed_new,True,0,observed_new,True,both
Viego|16.2,P398,Viego,16.2,16.1,,post,1,DIAMOND,JUNGLE,6,established_5plus,True,2,limited_1_4,True,post_only
Viego|16.2,P426,Viego,16.2,16.1,,post,1,MASTER+,MIDDLE,,,False,,,False,both
Viego|16.2,P426,Viego,16.2,16.1,,pre,1,MASTER+,MIDDLE,,,False,,,False,both
Viego|16.2,P449,Viego,16.2,16.1,,post,1,MASTER+,JUNGLE,,,False,,,False,post_only
Viego|16.2,P455,Viego,16.2,16.1,,post,2,MASTER+,MIDDLE,0,observed_new,True,0,observed_new,True,post_only
Zed|16.2,P007,Zed,16.2,16.1,,post,1,GOLD,TOP,3,limited_1_4,True,2,limited_1_4,True,both
Zed|16.2,P007,Zed,16.2,16.1,,pre,2,GOLD,TOP,2,limited_1_4,True,1,limited_1_4,True,both
Zed|16.2,P024,Zed,16.2,16.1,,post,1,GOLD,UTILITY,,,False,,,False,post_only
Zed|16.2,P032,Zed,16.2,16.1,,post,1,GOLD,MIDDLE,,,False,6,established_5plus,True,post_only
Zed|16.2,P037,Zed,16.2,16.1,,post,1,GOLD,JUNGLE,0,observed_new,True,0,observed_new,True,post_only
Zed|16.2,P066,Zed,16.2,16.1,,post,10,GOLD,MIDDLE,,,False,,,False,both
Zed|16.2,P066,Zed,16.2,16.1,,pre,6,GOLD,MIDDLE,,,False,,,False,both
Zed|16.2,P132,Zed,16.2,16.1,,post,1,PLATINUM,MIDDLE,5,established_5plus,True,2,limited_1_4,True,both
Zed|16.2,P132,Zed,16.2,16.1,,pre,1,PLATINUM,MIDDLE,4,limited_1_4,True,1,limited_1_4,True,both
Zed|16.2,P133,Zed,16.2,16.1,,post,2,PLATINUM,MIDDLE,,,False,,,False,post_only
Zed|16.2,P218,Zed,16.2,16.1,,pre,3,EMERALD,UTILITY,2,limited_1_4,True,2,limited_1_4,True,pre_only
Zed|16.2,P239,Zed,16.2,16.1,,pre,1,EMERALD,BOTTOM,1,limited_1_4,True,0,observed_new,True,pre_only
Zed|16.2,P240,Zed,16.2,16.1,,post,1,EMERALD,BOTTOM,9,established_5plus,True,6,established_5plus,True,both
Zed|16.2,P240,Zed,16.2,16.1,,pre,7,EMERALD,BOTTOM,3,limited_1_4,True,3,limited_1_4,True,both
Zed|16.2,P246,Zed,16.2,16.1,,pre,2,EMERALD,BOTTOM,,,False,0,observed_new,True,pre_only
Zed|16.2,P262,Zed,16.2,16.1,,post,1,EMERALD,MIDDLE,,,False,4,limited_1_4,True,both
Zed|16.2,P262,Zed,16.2,16.1,,pre,2,EMERALD,MIDDLE,,,False,,,False,both
Zed|16.2,P271,Zed,16.2,16.1,,post,3,EMERALD,BOTTOM,,,False,0,observed_new,True,post_only
Zed|16.2,P273,Zed,16.2,16.1,,post,2,EMERALD,MIDDLE,,,False,,,False,post_only
Zed|16.2,P304,Zed,16.2,16.1,,pre,1,DIAMOND,UTILITY,,,False,,,False,pre_only
Zed|16.2,P306,Zed,16.2,16.1,,post,5,DIAMOND,MIDDLE,,,False,2,limited_1_4,True,both
Zed|16.2,P306,Zed,16.2,16.1,,pre,2,DIAMOND,MIDDLE,,,False,0,observed_new,True,both
Zed|16.2,P307,Zed,16.2,16.1,,post,1,DIAMOND,BOTTOM,,,False,0,observed_new,True,post_only
Zed|16.2,P348,Zed,16.2,16.1,,pre,1,DIAMOND,BOTTOM,4,limited_1_4,True,4,limited_1_4,True,pre_only
Zed|16.2,P359,Zed,16.2,16.1,,pre,2,DIAMOND,UTILITY,,,False,,,False,pre_only
Zed|16.2,P360,Zed,16.2,16.1,,post,1,DIAMOND,MIDDLE,,,False,0,observed_new,True,post_only
Zed|16.2,P365,Zed,16.2,16.1,,pre,1,DIAMOND,TOP,0,observed_new,True,0,observed_new,True,pre_only
Zed|16.2,P381,Zed,16.2,16.1,,post,1,DIAMOND,JUNGLE,0,observed_new,True,0,observed_new,True,post_only
Zed|16.2,P396,Zed,16.2,16.1,,pre,1,DIAMOND,JUNGLE,,,False,,,False,pre_only
Zed|16.2,P403,Zed,16.2,16.1,,pre,2,MASTER+,JUNGLE,5,established_5plus,True,4,limited_1_4,True,pre_only
Zed|16.2,P426,Zed,16.2,16.1,,post,4,MASTER+,MIDDLE,,,False,,,False,both
Zed|16.2,P426,Zed,16.2,16.1,,pre,5,MASTER+,MIDDLE,,,False,,,False,both
Zed|16.2,P455,Zed,16.2,16.1,,pre,1,MASTER+,MIDDLE,0,observed_new,True,0,observed_new,True,pre_only
Zed|16.2,P458,Zed,16.2,16.1,,post,3,MASTER+,MIDDLE,76,established_5plus,True,37,established_5plus,True,both
Zed|16.2,P458,Zed,16.2,16.1,,pre,45,MASTER+,MIDDLE,84,established_5plus,True,42,established_5plus,True,both
Zed|16.2,P462,Zed,16.2,16.1,,post,1,MASTER+,MIDDLE,36,established_5plus,True,16,established_5plus,True,both
Zed|16.2,P462,Zed,16.2,16.1,,pre,10,MASTER+,MIDDLE,28,established_5plus,True,19,established_5plus,True,both
Zed|16.2,P464,Zed,16.2,16.1,,pre,7,MASTER+,JUNGLE,1,limited_1_4,True,1,limited_1_4,True,pre_only
Ahri|16.3,P004,Ahri,16.3,16.2,,post,1,GOLD,MIDDLE,1,limited_1_4,True,0,observed_new,True,both
Ahri|16.3,P004,Ahri,16.3,16.2,,pre,1,GOLD,MIDDLE,0,observed_new,True,0,observed_new,True,both
Ahri|16.3,P006,Ahri,16.3,16.2,,post,1,GOLD,UTILITY,0,observed_new,True,0,observed_new,True,post_only
Ahri|16.3,P007,Ahri,16.3,16.2,,post,4,GOLD,TOP,0,observed_new,True,0,observed_new,True,post_only
Ahri|16.3,P015,Ahri,16.3,16.2,,post,1,GOLD,MIDDLE,,,False,,,False,post_only
Ahri|16.3,P037,Ahri,16.3,16.2,,pre,1,GOLD,JUNGLE,0,observed_new,True,0,observed_new,True,pre_only
Ahri|16.3,P068,Ahri,16.3,16.2,,pre,2,GOLD,BOTTOM,,,False,,,False,pre_only
Ahri|16.3,P070,Ahri,16.3,16.2,,pre,1,GOLD,TOP,0,observed_new,True,0,observed_new,True,pre_only
Ahri|16.3,P107,Ahri,16.3,16.2,,post,3,PLATINUM,MIDDLE,4,limited_1_4,True,0,observed_new,True,post_only
Ahri|16.3,P110,Ahri,16.3,16.2,,post,2,PLATINUM,UTILITY,,,False,,,False,post_only
Ahri|16.3,P123,Ahri,16.3,16.2,,post,5,PLATINUM,MIDDLE,64,established_5plus,True,29,established_5plus,True,both
Ahri|16.3,P123,Ahri,16.3,16.2,,pre,2,PLATINUM,MIDDLE,66,established_5plus,True,32,established_5plus,True,both
Ahri|16.3,P132,Ahri,16.3,16.2,,pre,1,PLATINUM,MIDDLE,3,limited_1_4,True,1,limited_1_4,True,pre_only
Ahri|16.3,P133,Ahri,16.3,16.2,,pre,2,PLATINUM,MIDDLE,,,False,,,False,pre_only
Ahri|16.3,P142,Ahri,16.3,16.2,,post,1,PLATINUM,UTILITY,,,False,,,False,post_only
Ahri|16.3,P152,Ahri,16.3,16.2,,pre,1,PLATINUM,UTILITY,,,False,,,False,pre_only
Ahri|16.3,P161,Ahri,16.3,16.2,,post,1,PLATINUM,MIDDLE,,,False,0,observed_new,True,both
Ahri|16.3,P161,Ahri,16.3,16.2,,pre,1,PLATINUM,MIDDLE,,,False,,,False,both
Ahri|16.3,P183,Ahri,16.3,16.2,,post,1,PLATINUM,UTILITY,,,False,,,False,both
Ahri|16.3,P183,Ahri,16.3,16.2,,pre,2,PLATINUM,UTILITY,,,False,,,False,both
Ahri|16.3,P198,Ahri,16.3,16.2,,pre,1,PLATINUM,TOP,,,False,,,False,pre_only
Ahri|16.3,P209,Ahri,16.3,16.2,,post,1,EMERALD,MIDDLE,2,limited_1_4,True,0,observed_new,True,post_only
Ahri|16.3,P217,Ahri,16.3,16.2,,post,3,EMERALD,TOP,,,False,1,limited_1_4,True,both
Ahri|16.3,P217,Ahri,16.3,16.2,,pre,1,EMERALD,TOP,,,False,0,observed_new,True,both
Ahri|16.3,P231,Ahri,16.3,16.2,,post,2,EMERALD,MIDDLE,,,False,2,limited_1_4,True,post_only
Ahri|16.3,P246,Ahri,16.3,16.2,,post,2,EMERALD,BOTTOM,5,established_5plus,True,3,limited_1_4,True,both
Ahri|16.3,P246,Ahri,16.3,16.2,,pre,2,EMERALD,BOTTOM,4,limited_1_4,True,2,limited_1_4,True,both
Ahri|16.3,P267,Ahri,16.3,16.2,,pre,1,EMERALD,JUNGLE,0,observed_new,True,0,observed_new,True,pre_only
Ahri|16.3,P271,Ahri,16.3,16.2,,post,3,EMERALD,BOTTOM,,,False,1,limited_1_4,True,both
Ahri|16.3,P271,Ahri,16.3,16.2,,pre,1,EMERALD,BOTTOM,,,False,0,observed_new,True,both
Ahri|16.3,P307,Ahri,16.3,16.2,,pre,1,DIAMOND,BOTTOM,,,False,0,observed_new,True,pre_only
Ahri|16.3,P319,Ahri,16.3,16.2,,pre,3,DIAMOND,MIDDLE,1,limited_1_4,True,1,limited_1_4,True,pre_only
Ahri|16.3,P330,Ahri,16.3,16.2,,pre,3,DIAMOND,MIDDLE,,,False,,,False,pre_only
Ahri|16.3,P338,Ahri,16.3,16.2,,pre,1,DIAMOND,UTILITY,0,observed_new,True,0,observed_new,True,pre_only
Ahri|16.3,P360,Ahri,16.3,16.2,,post,15,DIAMOND,MIDDLE,6,established_5plus,True,2,limited_1_4,True,both
Ahri|16.3,P360,Ahri,16.3,16.2,,pre,2,DIAMOND,MIDDLE,,,False,4,limited_1_4,True,both
Ahri|16.3,P361,Ahri,16.3,16.2,,post,1,DIAMOND,MIDDLE,3,limited_1_4,True,0,observed_new,True,post_only
Ahri|16.3,P367,Ahri,16.3,16.2,,pre,5,DIAMOND,MIDDLE,,,False,,,False,pre_only
Ahri|16.3,P419,Ahri,16.3,16.2,,post,2,MASTER+,BOTTOM,,,False,,,False,post_only
Ahri|16.3,P420,Ahri,16.3,16.2,,post,1,MASTER+,BOTTOM,,,False,0,observed_new,True,post_only
Ahri|16.3,P442,Ahri,16.3,16.2,,post,2,MASTER+,UTILITY,9,established_5plus,True,8,established_5plus,True,both
Ahri|16.3,P442,Ahri,16.3,16.2,,pre,5,MASTER+,UTILITY,5,established_5plus,True,4,limited_1_4,True,both
Ahri|16.3,P448,Ahri,16.3,16.2,,post,1,MASTER+,UTILITY,,,False,0,observed_new,True,post_only
Ahri|16.3,P464,Ahri,16.3,16.2,,pre,1,MASTER+,JUNGLE,3,limited_1_4,True,1,limited_1_4,True,pre_only
Ahri|16.3,P477,Ahri,16.3,16.2,,post,4,MASTER+,MIDDLE,,,False,,,False,post_only
Ahri|16.3,P484,Ahri,16.3,16.2,,post,2,MASTER+,BOTTOM,3,limited_1_4,True,3,limited_1_4,True,both
Ahri|16.3,P484,Ahri,16.3,16.2,,pre,3,MASTER+,BOTTOM,,,False,0,observed_new,True,both
Braum|16.3,P004,Braum,16.3,16.2,,pre,3,GOLD,MIDDLE,9,established_5plus,True,3,limited_1_4,True,pre_only
Braum|16.3,P040,Braum,16.3,16.2,,pre,1,GOLD,BOTTOM,,,False,,,False,pre_only
Braum|16.3,P045,Braum,16.3,16.2,,post,4,GOLD,UTILITY,10,established_5plus,True,2,limited_1_4,True,post_only
Braum|16.3,P053,Braum,16.3,16.2,,pre,1,GOLD,TOP,0,observed_new,True,0,observed_new,True,pre_only
Braum|16.3,P151,Braum,16.3,16.2,,post,6,PLATINUM,UTILITY,0,observed_new,True,0,observed_new,True,post_only
Braum|16.3,P198,Braum,16.3,16.2,,post,20,PLATINUM,TOP,7,established_5plus,True,4,limited_1_4,True,both
Braum|16.3,P198,Braum,16.3,16.2,,pre,7,PLATINUM,TOP,,,False,0,observed_new,True,both
Braum|16.3,P201,Braum,16.3,16.2,,pre,2,EMERALD,MIDDLE,0,observed_new,True,0,observed_new,True,pre_only
Braum|16.3,P216,Braum,16.3,16.2,,pre,1,EMERALD,UTILITY,,,False,0,observed_new,True,pre_only
Braum|16.3,P218,Braum,16.3,16.2,,post,4,EMERALD,UTILITY,2,limited_1_4,True,2,limited_1_4,True,both
Braum|16.3,P218,Braum,16.3,16.2,,pre,2,EMERALD,UTILITY,0,observed_new,True,0,observed_new,True,both
Braum|16.3,P240,Braum,16.3,16.2,,post,1,EMERALD,BOTTOM,1,limited_1_4,True,0,observed_new,True,both
Braum|16.3,P240,Braum,16.3,16.2,,pre,1,EMERALD,BOTTOM,0,observed_new,True,0,observed_new,True,both
Braum|16.3,P263,Braum,16.3,16.2,,post,1,EMERALD,JUNGLE,,,False,0,observed_new,True,post_only
Braum|16.3,P279,Braum,16.3,16.2,,post,1,EMERALD,BOTTOM,0,observed_new,True,0,observed_new,True,post_only
Braum|16.3,P280,Braum,16.3,16.2,,post,1,EMERALD,UTILITY,,,False,,,False,post_only
Braum|16.3,P282,Braum,16.3,16.2,,post,2,EMERALD,UTILITY,2,limited_1_4,True,1,limited_1_4,True,post_only
Braum|16.3,P285,Braum,16.3,16.2,,post,6,EMERALD,UTILITY,,,False,20,established_5plus,True,both
Braum|16.3,P285,Braum,16.3,16.2,,pre,20,EMERALD,UTILITY,,,False,,,False,both
Braum|16.3,P295,Braum,16.3,16.2,,pre,3,EMERALD,UTILITY,17,established_5plus,True,6,established_5plus,True,pre_only
Braum|16.3,P303,Braum,16.3,16.2,,post,1,DIAMOND,UTILITY,0,observed_new,True,0,observed_new,True,post_only
Braum|16.3,P304,Braum,16.3,16.2,,post,8,DIAMOND,UTILITY,,,False,10,established_5plus,True,post_only
Braum|16.3,P312,Braum,16.3,16.2,,pre,1,DIAMOND,TOP,,,False,1,limited_1_4,True,pre_only
Braum|16.3,P324,Braum,16.3,16.2,,post,1,DIAMOND,MIDDLE,,,False,2,limited_1_4,True,post_only
Braum|16.3,P326,Braum,16.3,16.2,,post,1,DIAMOND,BOTTOM,,,False,,,False,post_only
Braum|16.3,P391,Braum,16.3,16.2,,post,11,DIAMOND,UTILITY,,,False,,,False,post_only
Braum|16.3,P402,Braum,16.3,16.2,,post,1,MASTER+,UTILITY,1,limited_1_4,True,1,limited_1_4,True,post_only
Braum|16.3,P410,Braum,16.3,16.2,,pre,5,MASTER+,UTILITY,,,False,,,False,pre_only
Braum|16.3,P423,Braum,16.3,16.2,,pre,1,MASTER+,UTILITY,2,limited_1_4,True,1,limited_1_4,True,pre_only
Braum|16.3,P440,Braum,16.3,16.2,,pre,1,MASTER+,UTILITY,,,False,1,limited_1_4,True,pre_only
Braum|16.3,P448,Braum,16.3,16.2,,post,1,MASTER+,UTILITY,,,False,2,limited_1_4,True,post_only
Braum|16.3,P467,Braum,16.3,16.2,,post,1,MASTER+,BOTTOM,2,limited_1_4,True,1,limited_1_4,True,both
Braum|16.3,P467,Braum,16.3,16.2,,pre,1,MASTER+,BOTTOM,1,limited_1_4,True,0,observed_new,True,both
Braum|16.3,P490,Braum,16.3,16.2,,post,1,MASTER+,BOTTOM,0,observed_new,True,0,observed_new,True,post_only
Briar|16.3,P033,Briar,16.3,16.2,,post,2,GOLD,MIDDLE,0,observed_new,True,0,observed_new,True,post_only
Briar|16.3,P106,Briar,16.3,16.2,,post,1,PLATINUM,UTILITY,54,established_5plus,True,24,established_5plus,True,both
Briar|16.3,P106,Briar,16.3,16.2,,pre,9,PLATINUM,UTILITY,71,established_5plus,True,26,established_5plus,True,both
Briar|16.3,P257,Briar,16.3,16.2,,post,2,EMERALD,MIDDLE,0,observed_new,True,0,observed_new,True,post_only
Briar|16.3,P329,Briar,16.3,16.2,,post,2,DIAMOND,JUNGLE,1,limited_1_4,True,1,limited_1_4,True,both
Briar|16.3,P329,Briar,16.3,16.2,,pre,1,DIAMOND,JUNGLE,0,observed_new,True,0,observed_new,True,both
Briar|16.3,P338,Briar,16.3,16.2,,post,1,DIAMOND,UTILITY,2,limited_1_4,True,0,observed_new,True,both
Briar|16.3,P338,Briar,16.3,16.2,,pre,3,DIAMOND,UTILITY,6,established_5plus,True,1,limited_1_4,True,both
Briar|16.3,P403,Briar,16.3,16.2,,post,6,MASTER+,JUNGLE,1,limited_1_4,True,1,limited_1_4,True,both
Briar|16.3,P403,Briar,16.3,16.2,,pre,1,MASTER+,JUNGLE,0,observed_new,True,0,observed_new,True,both
Briar|16.3,P415,Briar,16.3,16.2,,post,1,MASTER+,JUNGLE,,,False,,,False,post_only
Briar|16.3,P455,Briar,16.3,16.2,,pre,1,MASTER+,MIDDLE,0,observed_new,True,0,observed_new,True,pre_only
Briar|16.3,P484,Briar,16.3,16.2,,post,1,MASTER+,BOTTOM,0,observed_new,True,0,observed_new,True,post_only
Diana|16.3,P004,Diana,16.3,16.2,,pre,5,GOLD,MIDDLE,3,limited_1_4,True,0,observed_new,True,pre_only
Diana|16.3,P020,Diana,16.3,16.2,,post,2,GOLD,MIDDLE,,,False,0,observed_new,True,post_only
Diana|16.3,P021,Diana,16.3,16.2,,pre,1,GOLD,BOTTOM,,,False,,,False,pre_only
Diana|16.3,P023,Diana,16.3,16.2,,post,4,GOLD,MIDDLE,,,False,,,False,post_only
Diana|16.3,P028,Diana,16.3,16.2,,post,1,GOLD,MIDDLE,15,established_5plus,True,1,limited_1_4,True,both
Diana|16.3,P028,Diana,16.3,16.2,,pre,1,GOLD,MIDDLE,14,established_5plus,True,14,established_5plus,True,both
Diana|16.3,P033,Diana,16.3,16.2,,pre,5,GOLD,MIDDLE,1,limited_1_4,True,0,observed_new,True,pre_only
Diana|16.3,P037,Diana,16.3,16.2,,pre,1,GOLD,JUNGLE,3,limited_1_4,True,0,observed_new,True,pre_only
Diana|16.3,P070,Diana,16.3,16.2,,post,1,GOLD,TOP,3,limited_1_4,True,2,limited_1_4,True,both
Diana|16.3,P070,Diana,16.3,16.2,,pre,1,GOLD,TOP,3,limited_1_4,True,2,limited_1_4,True,both
Diana|16.3,P080,Diana,16.3,16.2,,pre,2,GOLD,JUNGLE,1,limited_1_4,True,0,observed_new,True,pre_only
Diana|16.3,P133,Diana,16.3,16.2,,pre,2,PLATINUM,MIDDLE,,,False,,,False,pre_only
Diana|16.3,P154,Diana,16.3,16.2,,pre,1,PLATINUM,MIDDLE,,,False,,,False,pre_only
Diana|16.3,P156,Diana,16.3,16.2,,pre,1,PLATINUM,JUNGLE,32,established_5plus,True,6,established_5plus,True,pre_only
Diana|16.3,P251,Diana,16.3,16.2,,pre,3,EMERALD,TOP,15,established_5plus,True,1,limited_1_4,True,pre_only
Diana|16.3,P274,Diana,16.3,16.2,,post,1,EMERALD,MIDDLE,1,limited_1_4,True,1,limited_1_4,True,both
Diana|16.3,P274,Diana,16.3,16.2,,pre,1,EMERALD,MIDDLE,0,observed_new,True,0,observed_new,True,both
Diana|16.3,P279,Diana,16.3,16.2,,pre,3,EMERALD,BOTTOM,,,False,0,observed_new,True,pre_only
Diana|16.3,P298,Diana,16.3,16.2,,pre,1,EMERALD,JUNGLE,,,False,,,False,pre_only
Diana|16.3,P319,Diana,16.3,16.2,,pre,1,DIAMOND,MIDDLE,0,observed_new,True,0,observed_new,True,pre_only
Diana|16.3,P333,Diana,16.3,16.2,,pre,5,DIAMOND,BOTTOM,,,False,,,False,pre_only
Diana|16.3,P340,Diana,16.3,16.2,,post,4,DIAMOND,MIDDLE,49,established_5plus,True,23,established_5plus,True,both
Diana|16.3,P340,Diana,16.3,16.2,,pre,32,DIAMOND,MIDDLE,52,established_5plus,True,25,established_5plus,True,both
Diana|16.3,P342,Diana,16.3,16.2,,pre,1,DIAMOND,JUNGLE,3,limited_1_4,True,3,limited_1_4,True,pre_only
Diana|16.3,P356,Diana,16.3,16.2,,post,2,DIAMOND,MIDDLE,,,False,,,False,post_only
Diana|16.3,P367,Diana,16.3,16.2,,post,1,DIAMOND,MIDDLE,,,False,,,False,post_only
Diana|16.3,P375,Diana,16.3,16.2,,pre,1,DIAMOND,UTILITY,4,limited_1_4,True,3,limited_1_4,True,pre_only
Diana|16.3,P381,Diana,16.3,16.2,,pre,1,DIAMOND,JUNGLE,2,limited_1_4,True,0,observed_new,True,pre_only
Diana|16.3,P430,Diana,16.3,16.2,,pre,1,MASTER+,MIDDLE,,,False,,,False,pre_only
Diana|16.3,P446,Diana,16.3,16.2,,pre,2,MASTER+,JUNGLE,1,limited_1_4,True,1,limited_1_4,True,pre_only
Diana|16.3,P452,Diana,16.3,16.2,,post,3,MASTER+,MIDDLE,24,established_5plus,True,12,established_5plus,True,both
Diana|16.3,P452,Diana,16.3,16.2,,pre,3,MASTER+,MIDDLE,28,established_5plus,True,14,established_5plus,True,both
Diana|16.3,P455,Diana,16.3,16.2,,pre,15,MASTER+,MIDDLE,0,observed_new,True,0,observed_new,True,pre_only
Diana|16.3,P458,Diana,16.3,16.2,,post,1,MASTER+,MIDDLE,3,limited_1_4,True,3,limited_1_4,True,both
Diana|16.3,P458,Diana,16.3,16.2,,pre,2,MASTER+,MIDDLE,1,limited_1_4,True,1,limited_1_4,True,both
Diana|16.3,P464,Diana,16.3,16.2,,pre,1,MASTER+,JUNGLE,1,limited_1_4,True,0,observed_new,True,pre_only
Diana|16.3,P476,Diana,16.3,16.2,,post,1,MASTER+,JUNGLE,14,established_5plus,True,13,established_5plus,True,both
Diana|16.3,P476,Diana,16.3,16.2,,pre,6,MASTER+,JUNGLE,8,established_5plus,True,8,established_5plus,True,both
Draven|16.3,P046,Draven,16.3,16.2,,pre,1,GOLD,JUNGLE,0,observed_new,True,0,observed_new,True,pre_only
Draven|16.3,P053,Draven,16.3,16.2,,post,1,GOLD,TOP,5,established_5plus,True,0,observed_new,True,both
Draven|16.3,P053,Draven,16.3,16.2,,pre,1,GOLD,TOP,16,established_5plus,True,5,established_5plus,True,both
Draven|16.3,P114,Draven,16.3,16.2,,post,31,PLATINUM,BOTTOM,54,established_5plus,True,32,established_5plus,True,post_only
Draven|16.3,P138,Draven,16.3,16.2,,post,1,PLATINUM,MIDDLE,1,limited_1_4,True,1,limited_1_4,True,post_only
Draven|16.3,P203,Draven,16.3,16.2,,post,1,EMERALD,BOTTOM,5,established_5plus,True,2,limited_1_4,True,post_only
Draven|16.3,P228,Draven,16.3,16.2,,pre,1,EMERALD,TOP,1,limited_1_4,True,1,limited_1_4,True,pre_only
Draven|16.3,P235,Draven,16.3,16.2,,post,1,EMERALD,BOTTOM,,,False,,,False,post_only
Draven|16.3,P348,Draven,16.3,16.2,,post,28,DIAMOND,BOTTOM,47,established_5plus,True,25,established_5plus,True,both
Draven|16.3,P348,Draven,16.3,16.2,,pre,37,DIAMOND,BOTTOM,34,established_5plus,True,11,established_5plus,True,both
Draven|16.3,P371,Draven,16.3,16.2,,post,1,DIAMOND,BOTTOM,,,False,,,False,post_only
Draven|16.3,P374,Draven,16.3,16.2,,post,8,DIAMOND,UTILITY,,,False,,,False,post_only
Draven|16.3,P384,Draven,16.3,16.2,,pre,4,DIAMOND,BOTTOM,9,established_5plus,True,5,established_5plus,True,pre_only
Ekko|16.3,P004,Ekko,16.3,16.2,,pre,1,GOLD,MIDDLE,0,observed_new,True,0,observed_new,True,pre_only
Ekko|16.3,P018,Ekko,16.3,16.2,,post,2,GOLD,MIDDLE,,,False,0,observed_new,True,post_only
Ekko|16.3,P021,Ekko,16.3,16.2,,pre,2,GOLD,BOTTOM,,,False,,,False,pre_only
Ekko|16.3,P033,Ekko,16.3,16.2,,post,1,GOLD,MIDDLE,1,limited_1_4,True,1,limited_1_4,True,both
Ekko|16.3,P033,Ekko,16.3,16.2,,pre,1,GOLD,MIDDLE,5,established_5plus,True,0,observed_new,True,both
Ekko|16.3,P037,Ekko,16.3,16.2,,post,1,GOLD,JUNGLE,2,limited_1_4,True,0,observed_new,True,post_only
Ekko|16.3,P070,Ekko,16.3,16.2,,post,1,GOLD,TOP,0,observed_new,True,0,observed_new,True,post_only
Ekko|16.3,P087,Ekko,16.3,16.2,,pre,1,GOLD,BOTTOM,0,observed_new,True,0,observed_new,True,pre_only
Ekko|16.3,P136,Ekko,16.3,16.2,,post,15,PLATINUM,MIDDLE,,,False,,,False,post_only
Ekko|16.3,P146,Ekko,16.3,16.2,,pre,1,PLATINUM,MIDDLE,0,observed_new,True,0,observed_new,True,pre_only
Ekko|16.3,P157,Ekko,16.3,16.2,,pre,1,PLATINUM,TOP,0,observed_new,True,0,observed_new,True,pre_only
Ekko|16.3,P191,Ekko,16.3,16.2,,pre,2,PLATINUM,JUNGLE,39,established_5plus,True,23,established_5plus,True,pre_only
Ekko|16.3,P203,Ekko,16.3,16.2,,post,1,EMERALD,BOTTOM,18,established_5plus,True,0,observed_new,True,post_only
Ekko|16.3,P231,Ekko,16.3,16.2,,post,5,EMERALD,MIDDLE,,,False,12,established_5plus,True,post_only
Ekko|16.3,P240,Ekko,16.3,16.2,,post,1,EMERALD,BOTTOM,2,limited_1_4,True,0,observed_new,True,post_only
Ekko|16.3,P250,Ekko,16.3,16.2,,pre,1,EMERALD,TOP,,,False,0,observed_new,True,pre_only
Ekko|16.3,P262,Ekko,16.3,16.2,,pre,1,EMERALD,MIDDLE,,,False,2,limited_1_4,True,pre_only
Ekko|16.3,P263,Ekko,16.3,16.2,,pre,4,EMERALD,JUNGLE,,,False,0,observed_new,True,pre_only
Ekko|16.3,P279,Ekko,16.3,16.2,,pre,1,EMERALD,BOTTOM,,,False,,,False,pre_only
Ekko|16.3,P301,Ekko,16.3,16.2,,post,4,DIAMOND,JUNGLE,,,False,,,False,post_only
Ekko|16.3,P335,Ekko,16.3,16.2,,pre,1,DIAMOND,MIDDLE,0,observed_new,True,0,observed_new,True,pre_only
Ekko|16.3,P365,Ekko,16.3,16.2,,pre,2,DIAMOND,TOP,0,observed_new,True,0,observed_new,True,pre_only
Ekko|16.3,P367,Ekko,16.3,16.2,,post,1,DIAMOND,MIDDLE,,,False,,,False,both
Ekko|16.3,P367,Ekko,16.3,16.2,,pre,1,DIAMOND,MIDDLE,,,False,,,False,both
Ekko|16.3,P381,Ekko,16.3,16.2,,post,1,DIAMOND,JUNGLE,7,established_5plus,True,2,limited_1_4,True,both
Ekko|16.3,P381,Ekko,16.3,16.2,,pre,5,DIAMOND,JUNGLE,4,limited_1_4,True,2,limited_1_4,True,both
Ekko|16.3,P403,Ekko,16.3,16.2,,pre,4,MASTER+,JUNGLE,17,established_5plus,True,15,established_5plus,True,pre_only
Ekko|16.3,P415,Ekko,16.3,16.2,,post,1,MASTER+,JUNGLE,,,False,,,False,post_only
Ekko|16.3,P455,Ekko,16.3,16.2,,pre,5,MASTER+,MIDDLE,3,limited_1_4,True,3,limited_1_4,True,pre_only
Ekko|16.3,P479,Ekko,16.3,16.2,,pre,1,MASTER+,BOTTOM,,,False,,,False,pre_only
Ekko|16.3,P481,Ekko,16.3,16.2,,post,1,MASTER+,JUNGLE,2,limited_1_4,True,0,observed_new,True,post_only
Ekko|16.3,P485,Ekko,16.3,16.2,,pre,6,MASTER+,BOTTOM,,,False,,,False,pre_only
Ekko|16.3,P495,Ekko,16.3,16.2,,post,11,MASTER+,JUNGLE,,,False,0,observed_new,True,post_only
Ezreal|16.3,P004,Ezreal,16.3,16.2,,post,1,GOLD,MIDDLE,0,observed_new,True,0,observed_new,True,both
Ezreal|16.3,P004,Ezreal,16.3,16.2,,pre,1,GOLD,MIDDLE,0,observed_new,True,0,observed_new,True,both
Ezreal|16.3,P005,Ezreal,16.3,16.2,,post,1,GOLD,JUNGLE,,,False,1,limited_1_4,True,post_only
Ezreal|16.3,P045,Ezreal,16.3,16.2,,post,2,GOLD,UTILITY,4,limited_1_4,True,0,observed_new,True,post_only
Ezreal|16.3,P047,Ezreal,16.3,16.2,,post,2,GOLD,MIDDLE,0,observed_new,True,0,observed_new,True,post_only
Ezreal|16.3,P053,Ezreal,16.3,16.2,,pre,2,GOLD,TOP,0,observed_new,True,0,observed_new,True,pre_only
Ezreal|16.3,P122,Ezreal,16.3,16.2,,post,1,PLATINUM,BOTTOM,,,False,,,False,post_only
Ezreal|16.3,P138,Ezreal,16.3,16.2,,post,1,PLATINUM,MIDDLE,3,limited_1_4,True,3,limited_1_4,True,post_only
Ezreal|16.3,P161,Ezreal,16.3,16.2,,post,1,PLATINUM,MIDDLE,,,False,0,observed_new,True,both
Ezreal|16.3,P161,Ezreal,16.3,16.2,,pre,1,PLATINUM,MIDDLE,,,False,,,False,both
Ezreal|16.3,P183,Ezreal,16.3,16.2,,post,1,PLATINUM,UTILITY,,,False,,,False,post_only
Ezreal|16.3,P198,Ezreal,16.3,16.2,,pre,2,PLATINUM,TOP,,,False,,,False,pre_only
Ezreal|16.3,P229,Ezreal,16.3,16.2,,post,1,EMERALD,TOP,,,False,,,False,post_only
Ezreal|16.3,P246,Ezreal,16.3,16.2,,pre,1,EMERALD,BOTTOM,2,limited_1_4,True,1,limited_1_4,True,pre_only
Ezreal|16.3,P249,Ezreal,16.3,16.2,,post,3,EMERALD,BOTTOM,7,established_5plus,True,6,established_5plus,True,both
Ezreal|16.3,P249,Ezreal,16.3,16.2,,pre,6,EMERALD,BOTTOM,,,False,1,limited_1_4,True,both
Ezreal|16.3,P253,Ezreal,16.3,16.2,,post,1,EMERALD,BOTTOM,,,False,,,False,post_only
Ezreal|16.3,P254,Ezreal,16.3,16.2,,post,3,EMERALD,JUNGLE,,,False,,,False,post_only
Ezreal|16.3,P275,Ezreal,16.3,16.2,,post,1,EMERALD,BOTTOM,,,False,,,False,post_only
Ezreal|16.3,P279,Ezreal,16.3,16.2,,post,2,EMERALD,BOTTOM,1,limited_1_4,True,0,observed_new,True,post_only
Ezreal|16.3,P307,Ezreal,16.3,16.2,,post,3,DIAMOND,BOTTOM,15,established_5plus,True,3,limited_1_4,True,both
Ezreal|16.3,P307,Ezreal,16.3,16.2,,pre,3,DIAMOND,BOTTOM,,,False,12,established_5plus,True,both
Ezreal|16.3,P318,Ezreal,16.3,16.2,,pre,2,DIAMOND,BOTTOM,0,observed_new,True,0,observed_new,True,pre_only
Ezreal|16.3,P333,Ezreal,16.3,16.2,,post,6,DIAMOND,BOTTOM,,,False,6,established_5plus,True,both
Ezreal|16.3,P333,Ezreal,16.3,16.2,,pre,5,DIAMOND,BOTTOM,,,False,,,False,both
Ezreal|16.3,P367,Ezreal,16.3,16.2,,pre,1,DIAMOND,MIDDLE,,,False,,,False,pre_only
Ezreal|16.3,P381,Ezreal,16.3,16.2,,pre,1,DIAMOND,JUNGLE,0,observed_new,True,0,observed_new,True,pre_only
Ezreal|16.3,P419,Ezreal,16.3,16.2,,post,5,MASTER+,BOTTOM,,,False,,,False,post_only
Ezreal|16.3,P433,Ezreal,16.3,16.2,,post,2,MASTER+,BOTTOM,,,False,,,False,post_only
Ezreal|16.3,P449,Ezreal,16.3,16.2,,post,2,MASTER+,JUNGLE,0,observed_new,True,0,observed_new,True,post_only
Ezreal|16.3,P490,Ezreal,16.3,16.2,,post,5,MASTER+,BOTTOM,18,established_5plus,True,10,established_5plus,True,both
Ezreal|16.3,P490,Ezreal,16.3,16.2,,pre,5,MASTER+,BOTTOM,,,False,7,established_5plus,True,both
Hecarim|16.3,P033,Hecarim,16.3,16.2,,post,1,GOLD,MIDDLE,0,observed_new,True,0,observed_new,True,post_only
Hecarim|16.3,P070,Hecarim,16.3,16.2,,pre,1,GOLD,TOP,0,observed_new,True,0,observed_new,True,pre_only
Hecarim|16.3,P208,Hecarim,16.3,16.2,,pre,1,EMERALD,JUNGLE,0,observed_new,True,0,observed_new,True,pre_only
Hecarim|16.3,P311,Hecarim,16.3,16.2,,post,1,DIAMOND,JUNGLE,,,False,,,False,post_only
Hecarim|16.3,P342,Hecarim,16.3,16.2,,post,3,DIAMOND,JUNGLE,7,established_5plus,True,7,established_5plus,True,both
Hecarim|16.3,P342,Hecarim,16.3,16.2,,pre,4,DIAMOND,JUNGLE,5,established_5plus,True,3,limited_1_4,True,both
Hecarim|16.3,P381,Hecarim,16.3,16.2,,post,4,DIAMOND,JUNGLE,0,observed_new,True,0,observed_new,True,post_only
Hecarim|16.3,P425,Hecarim,16.3,16.2,,post,1,MASTER+,JUNGLE,20,established_5plus,True,5,established_5plus,True,post_only
Hecarim|16.3,P450,Hecarim,16.3,16.2,,post,11,MASTER+,JUNGLE,16,established_5plus,True,12,established_5plus,True,both
Hecarim|16.3,P450,Hecarim,16.3,16.2,,pre,2,MASTER+,JUNGLE,19,established_5plus,True,10,established_5plus,True,both
Hecarim|16.3,P495,Hecarim,16.3,16.2,,post,1,MASTER+,JUNGLE,1,limited_1_4,True,1,limited_1_4,True,post_only
Heimerdinger|16.3,P006,Heimerdinger,16.3,16.2,,pre,1,GOLD,UTILITY,0,observed_new,True,0,observed_new,True,pre_only
Heimerdinger|16.3,P035,Heimerdinger,16.3,16.2,,post,1,GOLD,UTILITY,71,established_5plus,True,41,established_5plus,True,both
Heimerdinger|16.3,P035,Heimerdinger,16.3,16.2,,pre,11,GOLD,UTILITY,60,established_5plus,True,42,established_5plus,True,both
Heimerdinger|16.3,P069,Heimerdinger,16.3,16.2,,post,12,GOLD,BOTTOM,,,False,7,established_5plus,True,both
Heimerdinger|16.3,P069,Heimerdinger,16.3,16.2,,pre,7,GOLD,BOTTOM,,,False,,,False,both
Heimerdinger|16.3,P132,Heimerdinger,16.3,16.2,,pre,1,PLATINUM,MIDDLE,0,observed_new,True,0,observed_new,True,pre_only
Heimerdinger|16.3,P163,Heimerdinger,16.3,16.2,,post,1,PLATINUM,TOP,,,False,1,limited_1_4,True,post_only
Heimerdinger|16.3,P192,Heimerdinger,16.3,16.2,,post,3,PLATINUM,TOP,2,limited_1_4,True,2,limited_1_4,True,both
Heimerdinger|16.3,P192,Heimerdinger,16.3,16.2,,pre,2,PLATINUM,TOP,0,observed_new,True,0,observed_new,True,both
Heimerdinger|16.3,P286,Heimerdinger,16.3,16.2,,pre,1,EMERALD,TOP,0,observed_new,True,0,observed_new,True,pre_only
Heimerdinger|16.3,P338,Heimerdinger,16.3,16.2,,post,3,DIAMOND,UTILITY,0,observed_new,True,0,observed_new,True,post_only
Heimerdinger|16.3,P340,Heimerdinger,16.3,16.2,,post,2,DIAMOND,MIDDLE,16,established_5plus,True,6,established_5plus,True,both
Heimerdinger|16.3,P340,Heimerdinger,16.3,16.2,,pre,8,DIAMOND,MIDDLE,24,established_5plus,True,12,established_5plus,True,both
Heimerdinger|16.3,P394,Heimerdinger,16.3,16.2,,pre,1,DIAMOND,TOP,0,observed_new,True,0,observed_new,True,pre_only
Heimerdinger|16.3,P452,Heimerdinger,16.3,16.2,,pre,1,MASTER+,MIDDLE,0,observed_new,True,0,observed_new,True,pre_only
Heimerdinger|16.3,P471,Heimerdinger,16.3,16.2,,post,1,MASTER+,TOP,,,False,,,False,post_only
Jayce|16.3,P020,Jayce,16.3,16.2,,post,1,GOLD,MIDDLE,,,False,0,observed_new,True,post_only
Jayce|16.3,P021,Jayce,16.3,16.2,,pre,1,GOLD,BOTTOM,,,False,,,False,pre_only
Jayce|16.3,P102,Jayce,16.3,16.2,,post,1,PLATINUM,BOTTOM,,,False,,,False,post_only
Jayce|16.3,P189,Jayce,16.3,16.2,,post,1,PLATINUM,TOP,1,limited_1_4,True,1,limited_1_4,True,both
Jayce|16.3,P189,Jayce,16.3,16.2,,pre,1,PLATINUM,TOP,0,observed_new,True,0,observed_new,True,both
Jayce|16.3,P279,Jayce,16.3,16.2,,pre,1,EMERALD,BOTTOM,,,False,0,observed_new,True,pre_only
Jayce|16.3,P381,Jayce,16.3,16.2,,pre,2,DIAMOND,JUNGLE,0,observed_new,True,0,observed_new,True,pre_only
Jayce|16.3,P396,Jayce,16.3,16.2,,pre,1,DIAMOND,JUNGLE,,,False,3,limited_1_4,True,pre_only
Jayce|16.3,P418,Jayce,16.3,16.2,,pre,1,MASTER+,MIDDLE,7,established_5plus,True,6,established_5plus,True,pre_only
Jayce|16.3,P420,Jayce,16.3,16.2,,post,1,MASTER+,BOTTOM,,,False,0,observed_new,True,post_only
Jayce|16.3,P455,Jayce,16.3,16.2,,pre,13,MASTER+,MIDDLE,2,limited_1_4,True,0,observed_new,True,pre_only
Jayce|16.3,P479,Jayce,16.3,16.2,,pre,3,MASTER+,BOTTOM,,,False,,,False,pre_only
Kayn|16.3,P094,Kayn,16.3,16.2,,post,2,GOLD,JUNGLE,,,False,,,False,post_only
Kayn|16.3,P136,Kayn,16.3,16.2,,post,1,PLATINUM,MIDDLE,,,False,0,observed_new,True,post_only
Kayn|16.3,P181,Kayn,16.3,16.2,,post,47,PLATINUM,JUNGLE,86,established_5plus,True,43,established_5plus,True,both
Kayn|16.3,P181,Kayn,16.3,16.2,,pre,16,PLATINUM,JUNGLE,85,established_5plus,True,40,established_5plus,True,both
Kayn|16.3,P208,Kayn,16.3,16.2,,post,6,EMERALD,JUNGLE,2,limited_1_4,True,1,limited_1_4,True,both
Kayn|16.3,P208,Kayn,16.3,16.2,,pre,3,EMERALD,JUNGLE,2,limited_1_4,True,1,limited_1_4,True,both
Kayn|16.3,P232,Kayn,16.3,16.2,,post,1,EMERALD,JUNGLE,,,False,34,established_5plus,True,both
Kayn|16.3,P232,Kayn,16.3,16.2,,pre,6,EMERALD,JUNGLE,,,False,33,established_5plus,True,both
Kayn|16.3,P240,Kayn,16.3,16.2,,pre,1,EMERALD,BOTTOM,1,limited_1_4,True,1,limited_1_4,True,pre_only
Kayn|16.3,P261,Kayn,16.3,16.2,,post,4,EMERALD,BOTTOM,0,observed_new,True,0,observed_new,True,post_only
Kayn|16.3,P267,Kayn,16.3,16.2,,post,1,EMERALD,JUNGLE,2,limited_1_4,True,1,limited_1_4,True,both
Kayn|16.3,P267,Kayn,16.3,16.2,,pre,1,EMERALD,JUNGLE,1,limited_1_4,True,0,observed_new,True,both
Kayn|16.3,P305,Kayn,16.3,16.2,,post,1,DIAMOND,BOTTOM,0,observed_new,True,0,observed_new,True,post_only
Kayn|16.3,P338,Kayn,16.3,16.2,,pre,1,DIAMOND,UTILITY,0,observed_new,True,0,observed_new,True,pre_only
Kayn|16.3,P381,Kayn,16.3,16.2,,pre,1,DIAMOND,JUNGLE,0,observed_new,True,0,observed_new,True,pre_only
Kayn|16.3,P403,Kayn,16.3,16.2,,pre,9,MASTER+,JUNGLE,0,observed_new,True,0,observed_new,True,pre_only
Kayn|16.3,P415,Kayn,16.3,16.2,,post,5,MASTER+,JUNGLE,,,False,,,False,post_only
Maokai|16.3,P129,Maokai,16.3,16.2,,post,2,PLATINUM,UTILITY,,,False,4,limited_1_4,True,post_only
Maokai|16.3,P152,Maokai,16.3,16.2,,post,2,PLATINUM,UTILITY,,,False,,,False,both
Maokai|16.3,P152,Maokai,16.3,16.2,,pre,2,PLATINUM,UTILITY,,,False,,,False,both
Maokai|16.3,P292,Maokai,16.3,16.2,,post,2,EMERALD,TOP,5,established_5plus,True,1,limited_1_4,True,post_only
Maokai|16.3,P484,Maokai,16.3,16.2,,post,2,MASTER+,BOTTOM,0,observed_new,True,0,observed_new,True,post_only
Mel|16.3,P004,Mel,16.3,16.2,,pre,1,GOLD,MIDDLE,0,observed_new,True,0,observed_new,True,pre_only
Mel|16.3,P015,Mel,16.3,16.2,,post,1,GOLD,MIDDLE,,,False,,,False,post_only
Mel|16.3,P016,Mel,16.3,16.2,,pre,4,GOLD,JUNGLE,7,established_5plus,True,1,limited_1_4,True,pre_only
Mel|16.3,P019,Mel,16.3,16.2,,post,1,GOLD,UTILITY,0,observed_new,True,0,observed_new,True,post_only
Mel|16.3,P021,Mel,16.3,16.2,,pre,5,GOLD,BOTTOM,,,False,,,False,pre_only
Mel|16.3,P028,Mel,16.3,16.2,,post,1,GOLD,MIDDLE,1,limited_1_4,True,0,observed_new,True,both
Mel|16.3,P028,Mel,16.3,16.2,,pre,1,GOLD,MIDDLE,1,limited_1_4,True,0,observed_new,True,both
Mel|16.3,P069,Mel,16.3,16.2,,post,20,GOLD,BOTTOM,,,False,8,established_5plus,True,both
Mel|16.3,P069,Mel,16.3,16.2,,pre,8,GOLD,BOTTOM,,,False,,,False,both
Mel|16.3,P136,Mel,16.3,16.2,,post,1,PLATINUM,MIDDLE,,,False,,,False,post_only
Mel|16.3,P145,Mel,16.3,16.2,,pre,1,PLATINUM,TOP,2,limited_1_4,True,0,observed_new,True,pre_only
Mel|16.3,P256,Mel,16.3,16.2,,post,1,EMERALD,MIDDLE,,,False,0,observed_new,True,post_only
Mel|16.3,P262,Mel,16.3,16.2,,pre,1,EMERALD,MIDDLE,,,False,4,limited_1_4,True,pre_only
Mel|16.3,P303,Mel,16.3,16.2,,post,1,DIAMOND,UTILITY,1,limited_1_4,True,0,observed_new,True,post_only
Mel|16.3,P331,Mel,16.3,16.2,,pre,1,DIAMOND,UTILITY,,,False,3,limited_1_4,True,pre_only
Mel|16.3,P426,Mel,16.3,16.2,,pre,2,MASTER+,MIDDLE,,,False,,,False,pre_only
Mel|16.3,P440,Mel,16.3,16.2,,pre,3,MASTER+,UTILITY,,,False,6,established_5plus,True,pre_only
Mel|16.3,P442,Mel,16.3,16.2,,pre,1,MASTER+,UTILITY,3,limited_1_4,True,0,observed_new,True,pre_only
Mel|16.3,P494,Mel,16.3,16.2,,pre,2,MASTER+,BOTTOM,5,established_5plus,True,0,observed_new,True,pre_only
Naafiri|16.3,P004,Naafiri,16.3,16.2,,pre,2,GOLD,MIDDLE,0,observed_new,True,0,observed_new,True,pre_only
Naafiri|16.3,P033,Naafiri,16.3,16.2,,post,2,GOLD,MIDDLE,0,observed_new,True,0,observed_new,True,post_only
Naafiri|16.3,P070,Naafiri,16.3,16.2,,pre,1,GOLD,TOP,0,observed_new,True,0,observed_new,True,pre_only
Naafiri|16.3,P157,Naafiri,16.3,16.2,,pre,9,PLATINUM,TOP,0,observed_new,True,0,observed_new,True,pre_only
Naafiri|16.3,P160,Naafiri,16.3,16.2,,pre,1,PLATINUM,UTILITY,0,observed_new,True,0,observed_new,True,pre_only
Naafiri|16.3,P189,Naafiri,16.3,16.2,,pre,2,PLATINUM,TOP,1,limited_1_4,True,1,limited_1_4,True,pre_only
Naafiri|16.3,P198,Naafiri,16.3,16.2,,post,5,PLATINUM,TOP,0,observed_new,True,0,observed_new,True,post_only
Naafiri|16.3,P231,Naafiri,16.3,16.2,,post,1,EMERALD,MIDDLE,,,False,0,observed_new,True,post_only
Naafiri|16.3,P240,Naafiri,16.3,16.2,,post,1,EMERALD,BOTTOM,0,observed_new,True,0,observed_new,True,post_only
Naafiri|16.3,P271,Naafiri,16.3,16.2,,pre,1,EMERALD,BOTTOM,,,False,0,observed_new,True,pre_only
Naafiri|16.3,P274,Naafiri,16.3,16.2,,post,1,EMERALD,MIDDLE,10,established_5plus,True,10,established_5plus,True,post_only
Naafiri|16.3,P338,Naafiri,16.3,16.2,,pre,1,DIAMOND,UTILITY,2,limited_1_4,True,1,limited_1_4,True,pre_only
Naafiri|16.3,P360,Naafiri,16.3,16.2,,post,1,DIAMOND,MIDDLE,0,observed_new,True,0,observed_new,True,post_only
Naafiri|16.3,P420,Naafiri,16.3,16.2,,post,1,MASTER+,BOTTOM,,,False,0,observed_new,True,post_only
Naafiri|16.3,P460,Naafiri,16.3,16.2,,pre,3,MASTER+,MIDDLE,5,established_5plus,True,4,limited_1_4,True,pre_only
Nilah|16.3,P028,Nilah,16.3,16.2,,post,1,GOLD,MIDDLE,0,observed_new,True,0,observed_new,True,post_only
Nilah|16.3,P053,Nilah,16.3,16.2,,pre,1,GOLD,TOP,2,limited_1_4,True,0,observed_new,True,pre_only
Nilah|16.3,P054,Nilah,16.3,16.2,,post,1,GOLD,TOP,0,observed_new,True,0,observed_new,True,post_only
Nilah|16.3,P484,Nilah,16.3,16.2,,pre,1,MASTER+,BOTTOM,,,False,3,limited_1_4,True,pre_only
Riven|16.3,P005,Riven,16.3,16.2,,post,2,GOLD,JUNGLE,,,False,7,established_5plus,True,both
Riven|16.3,P005,Riven,16.3,16.2,,pre,5,GOLD,JUNGLE,,,False,,,False,both
Riven|16.3,P007,Riven,16.3,16.2,,pre,1,GOLD,TOP,3,limited_1_4,True,1,limited_1_4,True,pre_only
Riven|16.3,P031,Riven,16.3,16.2,,post,2,GOLD,TOP,,,False,,,False,post_only
Riven|16.3,P037,Riven,16.3,16.2,,pre,1,GOLD,JUNGLE,0,observed_new,True,0,observed_new,True,pre_only
Riven|16.3,P110,Riven,16.3,16.2,,post,1,PLATINUM,UTILITY,,,False,,,False,post_only
Riven|16.3,P173,Riven,16.3,16.2,,post,28,PLATINUM,TOP,,,False,47,established_5plus,True,both
Riven|16.3,P173,Riven,16.3,16.2,,pre,39,PLATINUM,TOP,,,False,,,False,both
Riven|16.3,P174,Riven,16.3,16.2,,pre,1,PLATINUM,TOP,,,False,,,False,pre_only
Riven|16.3,P189,Riven,16.3,16.2,,pre,1,PLATINUM,TOP,0,observed_new,True,0,observed_new,True,pre_only
Riven|16.3,P192,Riven,16.3,16.2,,pre,5,PLATINUM,TOP,1,limited_1_4,True,0,observed_new,True,pre_only
Riven|16.3,P209,Riven,16.3,16.2,,post,3,EMERALD,MIDDLE,7,established_5plus,True,0,observed_new,True,post_only
Riven|16.3,P313,Riven,16.3,16.2,,post,6,DIAMOND,TOP,1,limited_1_4,True,0,observed_new,True,post_only
Riven|16.3,P348,Riven,16.3,16.2,,post,8,DIAMOND,BOTTOM,1,limited_1_4,True,0,observed_new,True,post_only
Riven|16.3,P420,Riven,16.3,16.2,,pre,5,MASTER+,BOTTOM,,,False,,,False,pre_only
Riven|16.3,P455,Riven,16.3,16.2,,pre,1,MASTER+,MIDDLE,0,observed_new,True,0,observed_new,True,pre_only
Ryze|16.3,P004,Ryze,16.3,16.2,,post,5,GOLD,MIDDLE,1,limited_1_4,True,1,limited_1_4,True,both
Ryze|16.3,P004,Ryze,16.3,16.2,,pre,1,GOLD,MIDDLE,0,observed_new,True,0,observed_new,True,both
Ryze|16.3,P102,Ryze,16.3,16.2,,pre,1,PLATINUM,BOTTOM,,,False,,,False,pre_only
Ryze|16.3,P107,Ryze,16.3,16.2,,post,4,PLATINUM,MIDDLE,11,established_5plus,True,7,established_5plus,True,both
Ryze|16.3,P107,Ryze,16.3,16.2,,pre,2,PLATINUM,MIDDLE,9,established_5plus,True,9,established_5plus,True,both
Ryze|16.3,P157,Ryze,16.3,16.2,,pre,4,PLATINUM,TOP,1,limited_1_4,True,1,limited_1_4,True,pre_only
Ryze|16.3,P160,Ryze,16.3,16.2,,pre,1,PLATINUM,UTILITY,0,observed_new,True,0,observed_new,True,pre_only
Ryze|16.3,P161,Ryze,16.3,16.2,,pre,5,PLATINUM,MIDDLE,,,False,,,False,pre_only
Ryze|16.3,P201,Ryze,16.3,16.2,,pre,1,EMERALD,MIDDLE,4,limited_1_4,True,4,limited_1_4,True,pre_only
Ryze|16.3,P241,Ryze,16.3,16.2,,post,1,EMERALD,BOTTOM,6,established_5plus,True,2,limited_1_4,True,post_only
Ryze|16.3,P279,Ryze,16.3,16.2,,pre,2,EMERALD,BOTTOM,,,False,,,False,pre_only
Ryze|16.3,P319,Ryze,16.3,16.2,,pre,1,DIAMOND,MIDDLE,2,limited_1_4,True,0,observed_new,True,pre_only
Ryze|16.3,P360,Ryze,16.3,16.2,,post,1,DIAMOND,MIDDLE,10,established_5plus,True,7,established_5plus,True,both
Ryze|16.3,P360,Ryze,16.3,16.2,,pre,8,DIAMOND,MIDDLE,,,False,,,False,both
Ryze|16.3,P361,Ryze,16.3,16.2,,post,5,DIAMOND,MIDDLE,3,limited_1_4,True,0,observed_new,True,post_only
Ryze|16.3,P367,Ryze,16.3,16.2,,pre,5,DIAMOND,MIDDLE,,,False,,,False,pre_only
Ryze|16.3,P379,Ryze,16.3,16.2,,post,1,DIAMOND,UTILITY,0,observed_new,True,0,observed_new,True,post_only
Ryze|16.3,P398,Ryze,16.3,16.2,,pre,1,DIAMOND,JUNGLE,0,observed_new,True,0,observed_new,True,pre_only
Ryze|16.3,P402,Ryze,16.3,16.2,,post,2,MASTER+,UTILITY,0,observed_new,True,0,observed_new,True,post_only
Ryze|16.3,P418,Ryze,16.3,16.2,,post,1,MASTER+,MIDDLE,10,established_5plus,True,6,established_5plus,True,both
Ryze|16.3,P418,Ryze,16.3,16.2,,pre,1,MASTER+,MIDDLE,9,established_5plus,True,5,established_5plus,True,both
Ryze|16.3,P419,Ryze,16.3,16.2,,post,1,MASTER+,BOTTOM,,,False,,,False,post_only
Ryze|16.3,P420,Ryze,16.3,16.2,,pre,1,MASTER+,BOTTOM,,,False,,,False,pre_only
Ryze|16.3,P452,Ryze,16.3,16.2,,post,4,MASTER+,MIDDLE,6,established_5plus,True,3,limited_1_4,True,both
Ryze|16.3,P452,Ryze,16.3,16.2,,pre,2,MASTER+,MIDDLE,4,limited_1_4,True,1,limited_1_4,True,both
Ryze|16.3,P462,Ryze,16.3,16.2,,post,2,MASTER+,MIDDLE,0,observed_new,True,0,observed_new,True,post_only
Ryze|16.3,P464,Ryze,16.3,16.2,,pre,1,MASTER+,JUNGLE,0,observed_new,True,0,observed_new,True,pre_only
Trundle|16.3,P015,Trundle,16.3,16.2,,post,2,GOLD,MIDDLE,,,False,,,False,post_only
Trundle|16.3,P022,Trundle,16.3,16.2,,post,8,GOLD,JUNGLE,26,established_5plus,True,25,established_5plus,True,both
Trundle|16.3,P022,Trundle,16.3,16.2,,pre,25,GOLD,JUNGLE,3,limited_1_4,True,0,observed_new,True,both
Trundle|16.3,P031,Trundle,16.3,16.2,,pre,1,GOLD,TOP,,,False,,,False,pre_only
Trundle|16.3,P136,Trundle,16.3,16.2,,post,2,PLATINUM,MIDDLE,,,False,0,observed_new,True,post_only
Trundle|16.3,P152,Trundle,16.3,16.2,,post,16,PLATINUM,UTILITY,,,False,,,False,both
Trundle|16.3,P152,Trundle,16.3,16.2,,pre,9,PLATINUM,UTILITY,,,False,,,False,both
Trundle|16.3,P201,Trundle,16.3,16.2,,pre,1,EMERALD,MIDDLE,0,observed_new,True,0,observed_new,True,pre_only
Trundle|16.3,P207,Trundle,16.3,16.2,,post,2,EMERALD,UTILITY,0,observed_new,True,0,observed_new,True,post_only
Trundle|16.3,P338,Trundle,16.3,16.2,,post,1,DIAMOND,UTILITY,0,observed_new,True,0,observed_new,True,post_only
Trundle|16.3,P375,Trundle,16.3,16.2,,pre,2,DIAMOND,UTILITY,0,observed_new,True,0,observed_new,True,pre_only
Tryndamere|16.3,P004,Tryndamere,16.3,16.2,,pre,1,GOLD,MIDDLE,0,observed_new,True,0,observed_new,True,pre_only
Tryndamere|16.3,P028,Tryndamere,16.3,16.2,,post,3,GOLD,MIDDLE,0,observed_new,True,0,observed_new,True,post_only
Tryndamere|16.3,P117,Tryndamere,16.3,16.2,,pre,1,PLATINUM,BOTTOM,,,False,0,observed_new,True,pre_only
Tryndamere|16.3,P128,Tryndamere,16.3,16.2,,post,3,PLATINUM,MIDDLE,,,False,,,False,post_only
Tryndamere|16.3,P157,Tryndamere,16.3,16.2,,pre,1,PLATINUM,TOP,2,limited_1_4,True,2,limited_1_4,True,pre_only
Tryndamere|16.3,P217,Tryndamere,16.3,16.2,,post,15,EMERALD,TOP,,,False,5,established_5plus,True,both
Tryndamere|16.3,P217,Tryndamere,16.3,16.2,,pre,1,EMERALD,TOP,,,False,4,limited_1_4,True,both
Tryndamere|16.3,P250,Tryndamere,16.3,16.2,,pre,1,EMERALD,TOP,,,False,1,limited_1_4,True,pre_only
Tryndamere|16.3,P275,Tryndamere,16.3,16.2,,post,1,EMERALD,BOTTOM,,,False,,,False,post_only
Tryndamere|16.3,P278,Tryndamere,16.3,16.2,,post,3,EMERALD,JUNGLE,1,limited_1_4,True,1,limited_1_4,True,both
Tryndamere|16.3,P278,Tryndamere,16.3,16.2,,pre,1,EMERALD,JUNGLE,,,False,0,observed_new,True,both
Varus|16.3,P007,Varus,16.3,16.2,,pre,7,GOLD,TOP,1,limited_1_4,True,1,limited_1_4,True,pre_only
Varus|16.3,P015,Varus,16.3,16.2,,post,1,GOLD,MIDDLE,,,False,,,False,post_only
Varus|16.3,P021,Varus,16.3,16.2,,pre,1,GOLD,BOTTOM,,,False,,,False,pre_only
Varus|16.3,P037,Varus,16.3,16.2,,pre,1,GOLD,JUNGLE,0,observed_new,True,0,observed_new,True,pre_only
Varus|16.3,P076,Varus,16.3,16.2,,post,1,GOLD,BOTTOM,,,False,,,False,post_only
Varus|16.3,P105,Varus,16.3,16.2,,pre,11,PLATINUM,MIDDLE,0,observed_new,True,0,observed_new,True,pre_only
Varus|16.3,P122,Varus,16.3,16.2,,post,2,PLATINUM,BOTTOM,,,False,,,False,post_only
Varus|16.3,P137,Varus,16.3,16.2,,post,1,PLATINUM,MIDDLE,,,False,0,observed_new,True,post_only
Varus|16.3,P157,Varus,16.3,16.2,,pre,7,PLATINUM,TOP,0,observed_new,True,0,observed_new,True,pre_only
Varus|16.3,P160,Varus,16.3,16.2,,pre,1,PLATINUM,UTILITY,0,observed_new,True,0,observed_new,True,pre_only
Varus|16.3,P180,Varus,16.3,16.2,,pre,2,PLATINUM,BOTTOM,2,limited_1_4,True,0,observed_new,True,pre_only
Varus|16.3,P189,Varus,16.3,16.2,,pre,1,PLATINUM,TOP,1,limited_1_4,True,0,observed_new,True,pre_only
Varus|16.3,P192,Varus,16.3,16.2,,post,1,PLATINUM,TOP,2,limited_1_4,True,1,limited_1_4,True,post_only
Varus|16.3,P198,Varus,16.3,16.2,,pre,5,PLATINUM,TOP,,,False,0,observed_new,True,pre_only
Varus|16.3,P228,Varus,16.3,16.2,,pre,1,EMERALD,TOP,4,limited_1_4,True,0,observed_new,True,pre_only
Varus|16.3,P239,Varus,16.3,16.2,,pre,1,EMERALD,BOTTOM,1,limited_1_4,True,0,observed_new,True,pre_only
Varus|16.3,P249,Varus,16.3,16.2,,post,2,EMERALD,BOTTOM,4,limited_1_4,True,4,limited_1_4,True,both
Varus|16.3,P249,Varus,16.3,16.2,,pre,4,EMERALD,BOTTOM,,,False,0,observed_new,True,both
Varus|16.3,P286,Varus,16.3,16.2,,pre,2,EMERALD,TOP,0,observed_new,True,0,observed_new,True,pre_only
Varus|16.3,P292,Varus,16.3,16.2,,pre,5,EMERALD,TOP,0,observed_new,True,0,observed_new,True,pre_only
Varus|16.3,P307,Varus,16.3,16.2,,post,7,DIAMOND,BOTTOM,2,limited_1_4,True,2,limited_1_4,True,both
Varus|16.3,P307,Varus,16.3,16.2,,pre,2,DIAMOND,BOTTOM,,,False,0,observed_new,True,both
Varus|16.3,P332,Varus,16.3,16.2,,post,1,DIAMOND,BOTTOM,,,False,,,False,post_only
Varus|16.3,P361,Varus,16.3,16.2,,post,3,DIAMOND,MIDDLE,0,observed_new,True,0,observed_new,True,post_only
Varus|16.3,P365,Varus,16.3,16.2,,post,1,DIAMOND,TOP,1,limited_1_4,True,1,limited_1_4,True,both
Varus|16.3,P365,Varus,16.3,16.2,,pre,1,DIAMOND,TOP,0,observed_new,True,0,observed_new,True,both
Varus|16.3,P419,Varus,16.3,16.2,,post,11,MASTER+,BOTTOM,,,False,,,False,both
Varus|16.3,P419,Varus,16.3,16.2,,pre,2,MASTER+,BOTTOM,,,False,,,False,both
Varus|16.3,P426,Varus,16.3,16.2,,post,1,MASTER+,MIDDLE,,,False,0,observed_new,True,post_only
Varus|16.3,P467,Varus,16.3,16.2,,post,5,MASTER+,BOTTOM,2,limited_1_4,True,2,limited_1_4,True,both
Varus|16.3,P467,Varus,16.3,16.2,,pre,2,MASTER+,BOTTOM,0,observed_new,True,0,observed_new,True,both
Varus|16.3,P484,Varus,16.3,16.2,,pre,1,MASTER+,BOTTOM,,,False,0,observed_new,True,pre_only
Varus|16.3,P490,Varus,16.3,16.2,,post,1,MASTER+,BOTTOM,8,established_5plus,True,3,limited_1_4,True,both
Varus|16.3,P490,Varus,16.3,16.2,,pre,1,MASTER+,BOTTOM,,,False,2,limited_1_4,True,both
Vi|16.3,P007,Vi,16.3,16.2,,pre,1,GOLD,TOP,0,observed_new,True,0,observed_new,True,pre_only
Vi|16.3,P045,Vi,16.3,16.2,,pre,1,GOLD,UTILITY,,,False,0,observed_new,True,pre_only
Vi|16.3,P080,Vi,16.3,16.2,,post,1,GOLD,JUNGLE,3,limited_1_4,True,1,limited_1_4,True,post_only
Vi|16.3,P131,Vi,16.3,16.2,,pre,3,PLATINUM,JUNGLE,5,established_5plus,True,2,limited_1_4,True,pre_only
Vi|16.3,P201,Vi,16.3,16.2,,pre,1,EMERALD,MIDDLE,0,observed_new,True,0,observed_new,True,pre_only
Vi|16.3,P261,Vi,16.3,16.2,,post,4,EMERALD,BOTTOM,0,observed_new,True,0,observed_new,True,post_only
Vi|16.3,P333,Vi,16.3,16.2,,post,7,DIAMOND,BOTTOM,,,False,0,observed_new,True,post_only
Vi|16.3,P338,Vi,16.3,16.2,,pre,1,DIAMOND,UTILITY,0,observed_new,True,0,observed_new,True,pre_only
Vi|16.3,P381,Vi,16.3,16.2,,pre,2,DIAMOND,JUNGLE,0,observed_new,True,0,observed_new,True,pre_only
Vi|16.3,P449,Vi,16.3,16.2,,post,3,MASTER+,JUNGLE,,,False,0,observed_new,True,post_only
Vi|16.3,P455,Vi,16.3,16.2,,post,1,MASTER+,MIDDLE,0,observed_new,True,0,observed_new,True,post_only
Volibear|16.3,P033,Volibear,16.3,16.2,,post,1,GOLD,MIDDLE,0,observed_new,True,0,observed_new,True,post_only
Volibear|16.3,P048,Volibear,16.3,16.2,,post,1,GOLD,BOTTOM,11,established_5plus,True,2,limited_1_4,True,post_only
Volibear|16.3,P065,Volibear,16.3,16.2,,pre,1,GOLD,JUNGLE,,,False,6,established_5plus,True,pre_only
Volibear|16.3,P130,Volibear,16.3,16.2,,post,1,PLATINUM,JUNGLE,35,established_5plus,True,27,established_5plus,True,post_only
Volibear|16.3,P145,Volibear,16.3,16.2,,pre,1,PLATINUM,TOP,3,limited_1_4,True,2,limited_1_4,True,pre_only
Volibear|16.3,P148,Volibear,16.3,16.2,,pre,1,PLATINUM,UTILITY,1,limited_1_4,True,0,observed_new,True,pre_only
Volibear|16.3,P159,Volibear,16.3,16.2,,pre,2,PLATINUM,JUNGLE,,,False,,,False,pre_only
Volibear|16.3,P189,Volibear,16.3,16.2,,post,1,PLATINUM,TOP,2,limited_1_4,True,2,limited_1_4,True,both
Volibear|16.3,P189,Volibear,16.3,16.2,,pre,2,PLATINUM,TOP,0,observed_new,True,0,observed_new,True,both
Volibear|16.3,P208,Volibear,16.3,16.2,,post,26,EMERALD,JUNGLE,27,established_5plus,True,15,established_5plus,True,both
Volibear|16.3,P208,Volibear,16.3,16.2,,pre,33,EMERALD,JUNGLE,18,established_5plus,True,11,established_5plus,True,both
Volibear|16.3,P250,Volibear,16.3,16.2,,pre,1,EMERALD,TOP,,,False,2,limited_1_4,True,pre_only
Volibear|16.3,P251,Volibear,16.3,16.2,,pre,1,EMERALD,TOP,3,limited_1_4,True,1,limited_1_4,True,pre_only
Volibear|16.3,P275,Volibear,16.3,16.2,,post,1,EMERALD,BOTTOM,,,False,,,False,post_only
Volibear|16.3,P276,Volibear,16.3,16.2,,post,8,EMERALD,TOP,5,established_5plus,True,5,established_5plus,True,both
Volibear|16.3,P276,Volibear,16.3,16.2,,pre,1,EMERALD,TOP,4,limited_1_4,True,4,limited_1_4,True,both
Volibear|16.3,P279,Volibear,16.3,16.2,,pre,2,EMERALD,BOTTOM,,,False,0,observed_new,True,pre_only
Volibear|16.3,P307,Volibear,16.3,16.2,,post,1,DIAMOND,BOTTOM,,,False,0,observed_new,True,post_only
Volibear|16.3,P324,Volibear,16.3,16.2,,pre,1,DIAMOND,MIDDLE,,,False,0,observed_new,True,pre_only
Volibear|16.3,P329,Volibear,16.3,16.2,,pre,1,DIAMOND,JUNGLE,0,observed_new,True,0,observed_new,True,pre_only
Volibear|16.3,P348,Volibear,16.3,16.2,,pre,1,DIAMOND,BOTTOM,1,limited_1_4,True,0,observed_new,True,pre_only
Volibear|16.3,P373,Volibear,16.3,16.2,,post,1,DIAMOND,TOP,,,False,,,False,both
Volibear|16.3,P373,Volibear,16.3,16.2,,pre,6,DIAMOND,TOP,,,False,,,False,both
Volibear|16.3,P420,Volibear,16.3,16.2,,pre,1,MASTER+,BOTTOM,,,False,,,False,pre_only
Volibear|16.3,P455,Volibear,16.3,16.2,,pre,7,MASTER+,MIDDLE,0,observed_new,True,0,observed_new,True,pre_only
Volibear|16.3,P485,Volibear,16.3,16.2,,pre,13,MASTER+,BOTTOM,,,False,,,False,pre_only
Volibear|16.3,P487,Volibear,16.3,16.2,,pre,2,MASTER+,JUNGLE,,,False,,,False,pre_only
Yone|16.3,P007,Yone,16.3,16.2,,post,1,GOLD,TOP,0,observed_new,True,0,observed_new,True,post_only
Yone|16.3,P017,Yone,16.3,16.2,,post,1,GOLD,MIDDLE,1,limited_1_4,True,1,limited_1_4,True,post_only
Yone|16.3,P018,Yone,16.3,16.2,,post,1,GOLD,MIDDLE,,,False,0,observed_new,True,post_only
Yone|16.3,P033,Yone,16.3,16.2,,pre,1,GOLD,MIDDLE,,,False,0,observed_new,True,pre_only
Yone|16.3,P053,Yone,16.3,16.2,,post,2,GOLD,TOP,0,observed_new,True,0,observed_new,True,post_only
Yone|16.3,P070,Yone,16.3,16.2,,post,3,GOLD,TOP,1,limited_1_4,True,0,observed_new,True,post_only
Yone|16.3,P072,Yone,16.3,16.2,,pre,6,GOLD,MIDDLE,,,False,,,False,pre_only
Yone|16.3,P133,Yone,16.3,16.2,,pre,1,PLATINUM,MIDDLE,,,False,,,False,pre_only
Yone|16.3,P157,Yone,16.3,16.2,,pre,1,PLATINUM,TOP,0,observed_new,True,0,observed_new,True,pre_only
Yone|16.3,P161,Yone,16.3,16.2,,post,1,PLATINUM,MIDDLE,,,False,1,limited_1_4,True,both
Yone|16.3,P161,Yone,16.3,16.2,,pre,1,PLATINUM,MIDDLE,,,False,,,False,both
Yone|16.3,P189,Yone,16.3,16.2,,pre,1,PLATINUM,TOP,9,established_5plus,True,1,limited_1_4,True,pre_only
Yone|16.3,P208,Yone,16.3,16.2,,post,1,EMERALD,JUNGLE,0,observed_new,True,0,observed_new,True,post_only
Yone|16.3,P240,Yone,16.3,16.2,,post,2,EMERALD,BOTTOM,2,limited_1_4,True,1,limited_1_4,True,both
Yone|16.3,P240,Yone,16.3,16.2,,pre,1,EMERALD,BOTTOM,2,limited_1_4,True,1,limited_1_4,True,both
Yone|16.3,P249,Yone,16.3,16.2,,post,1,EMERALD,BOTTOM,0,observed_new,True,0,observed_new,True,post_only
Yone|16.3,P267,Yone,16.3,16.2,,pre,10,EMERALD,JUNGLE,9,established_5plus,True,7,established_5plus,True,pre_only
Yone|16.3,P306,Yone,16.3,16.2,,post,1,DIAMOND,MIDDLE,,,False,2,limited_1_4,True,both
Yone|16.3,P306,Yone,16.3,16.2,,pre,1,DIAMOND,MIDDLE,,,False,1,limited_1_4,True,both
Yone|16.3,P318,Yone,16.3,16.2,,pre,1,DIAMOND,BOTTOM,0,observed_new,True,0,observed_new,True,pre_only
Yone|16.3,P356,Yone,16.3,16.2,,post,11,DIAMOND,MIDDLE,,,False,,,False,post_only
Yone|16.3,P360,Yone,16.3,16.2,,post,1,DIAMOND,MIDDLE,4,limited_1_4,True,0,observed_new,True,both
Yone|16.3,P360,Yone,16.3,16.2,,pre,1,DIAMOND,MIDDLE,,,False,3,limited_1_4,True,both
Yone|16.3,P361,Yone,16.3,16.2,,post,1,DIAMOND,MIDDLE,4,limited_1_4,True,1,limited_1_4,True,post_only
Yone|16.3,P365,Yone,16.3,16.2,,post,1,DIAMOND,TOP,3,limited_1_4,True,1,limited_1_4,True,post_only
Yone|16.3,P396,Yone,16.3,16.2,,pre,1,DIAMOND,JUNGLE,,,False,,,False,pre_only
Yone|16.3,P421,Yone,16.3,16.2,,post,1,MASTER+,MIDDLE,,,False,0,observed_new,True,post_only
Yone|16.3,P426,Yone,16.3,16.2,,post,2,MASTER+,MIDDLE,,,False,3,limited_1_4,True,both
Yone|16.3,P426,Yone,16.3,16.2,,pre,3,MASTER+,MIDDLE,,,False,,,False,both
Yone|16.3,P449,Yone,16.3,16.2,,post,14,MASTER+,JUNGLE,,,False,9,established_5plus,True,both
Yone|16.3,P449,Yone,16.3,16.2,,pre,5,MASTER+,JUNGLE,,,False,,,False,both
Yone|16.3,P452,Yone,16.3,16.2,,post,1,MASTER+,MIDDLE,0,observed_new,True,0,observed_new,True,post_only
Yone|16.3,P462,Yone,16.3,16.2,,post,1,MASTER+,MIDDLE,0,observed_new,True,0,observed_new,True,post_only
Yone|16.3,P464,Yone,16.3,16.2,,post,1,MASTER+,JUNGLE,0,observed_new,True,0,observed_new,True,post_only
Zaahen|16.3,P031,Zaahen,16.3,16.2,,post,5,GOLD,TOP,,,False,,,False,both
Zaahen|16.3,P031,Zaahen,16.3,16.2,,pre,3,GOLD,TOP,,,False,,,False,both
Zaahen|16.3,P033,Zaahen,16.3,16.2,,post,25,GOLD,MIDDLE,2,limited_1_4,True,2,limited_1_4,True,both
Zaahen|16.3,P033,Zaahen,16.3,16.2,,pre,2,GOLD,MIDDLE,0,observed_new,True,0,observed_new,True,both
Zaahen|16.3,P037,Zaahen,16.3,16.2,,pre,4,GOLD,JUNGLE,2,limited_1_4,True,0,observed_new,True,pre_only
Zaahen|16.3,P102,Zaahen,16.3,16.2,,post,1,PLATINUM,BOTTOM,,,False,,,False,both
Zaahen|16.3,P102,Zaahen,16.3,16.2,,pre,1,PLATINUM,BOTTOM,,,False,,,False,both
Zaahen|16.3,P146,Zaahen,16.3,16.2,,post,1,PLATINUM,MIDDLE,1,limited_1_4,True,1,limited_1_4,True,post_only
Zaahen|16.3,P157,Zaahen,16.3,16.2,,pre,3,PLATINUM,TOP,1,limited_1_4,True,1,limited_1_4,True,pre_only
Zaahen|16.3,P171,Zaahen,16.3,16.2,,pre,1,PLATINUM,BOTTOM,6,established_5plus,True,5,established_5plus,True,pre_only
Zaahen|16.3,P182,Zaahen,16.3,16.2,,pre,3,PLATINUM,TOP,,,False,,,False,pre_only
Zaahen|16.3,P189,Zaahen,16.3,16.2,,pre,1,PLATINUM,TOP,1,limited_1_4,True,0,observed_new,True,pre_only
Zaahen|16.3,P228,Zaahen,16.3,16.2,,pre,5,EMERALD,TOP,3,limited_1_4,True,3,limited_1_4,True,pre_only
Zaahen|16.3,P230,Zaahen,16.3,16.2,,post,4,EMERALD,JUNGLE,4,limited_1_4,True,4,limited_1_4,True,post_only
Zaahen|16.3,P245,Zaahen,16.3,16.2,,post,16,EMERALD,TOP,,,False,0,observed_new,True,post_only
Zaahen|16.3,P260,Zaahen,16.3,16.2,,post,1,EMERALD,JUNGLE,,,False,,,False,post_only
Zaahen|16.3,P291,Zaahen,16.3,16.2,,post,39,EMERALD,TOP,,,False,,,False,post_only
Zaahen|16.3,P298,Zaahen,16.3,16.2,,pre,2,EMERALD,JUNGLE,,,False,,,False,pre_only
Zaahen|16.3,P338,Zaahen,16.3,16.2,,post,1,DIAMOND,UTILITY,0,observed_new,True,0,observed_new,True,post_only
Zaahen|16.3,P365,Zaahen,16.3,16.2,,post,7,DIAMOND,TOP,20,established_5plus,True,14,established_5plus,True,both
Zaahen|16.3,P365,Zaahen,16.3,16.2,,pre,1,DIAMOND,TOP,19,established_5plus,True,15,established_5plus,True,both
Zaahen|16.3,P393,Zaahen,16.3,16.2,,post,1,DIAMOND,TOP,,,False,0,observed_new,True,post_only
Zaahen|16.3,P415,Zaahen,16.3,16.2,,post,2,MASTER+,JUNGLE,,,False,,,False,post_only
Zaahen|16.3,P420,Zaahen,16.3,16.2,,post,17,MASTER+,BOTTOM,,,False,10,established_5plus,True,both
Zaahen|16.3,P420,Zaahen,16.3,16.2,,pre,4,MASTER+,BOTTOM,,,False,,,False,both
Zaahen|16.3,P421,Zaahen,16.3,16.2,,post,4,MASTER+,MIDDLE,,,False,4,limited_1_4,True,both
Zaahen|16.3,P421,Zaahen,16.3,16.2,,pre,4,MASTER+,MIDDLE,,,False,1,limited_1_4,True,both
Zaahen|16.3,P460,Zaahen,16.3,16.2,,post,6,MASTER+,MIDDLE,16,established_5plus,True,6,established_5plus,True,both
Zaahen|16.3,P460,Zaahen,16.3,16.2,,pre,3,MASTER+,MIDDLE,13,established_5plus,True,13,established_5plus,True,both
Zaahen|16.3,P462,Zaahen,16.3,16.2,,pre,1,MASTER+,MIDDLE,2,limited_1_4,True,1,limited_1_4,True,pre_only
Zaahen|16.3,P464,Zaahen,16.3,16.2,,post,1,MASTER+,JUNGLE,1,limited_1_4,True,1,limited_1_4,True,post_only
Zed|16.3,P007,Zed,16.3,16.2,,pre,1,GOLD,TOP,3,limited_1_4,True,2,limited_1_4,True,pre_only
Zed|16.3,P015,Zed,16.3,16.2,,post,1,GOLD,MIDDLE,,,False,,,False,post_only
Zed|16.3,P024,Zed,16.3,16.2,,pre,1,GOLD,UTILITY,,,False,,,False,pre_only
Zed|16.3,P028,Zed,16.3,16.2,,post,1,GOLD,MIDDLE,0,observed_new,True,0,observed_new,True,post_only
Zed|16.3,P032,Zed,16.3,16.2,,pre,1,GOLD,MIDDLE,,,False,6,established_5plus,True,pre_only
Zed|16.3,P037,Zed,16.3,16.2,,pre,1,GOLD,JUNGLE,0,observed_new,True,0,observed_new,True,pre_only
Zed|16.3,P066,Zed,16.3,16.2,,post,15,GOLD,MIDDLE,,,False,32,established_5plus,True,both
Zed|16.3,P066,Zed,16.3,16.2,,pre,10,GOLD,MIDDLE,,,False,,,False,both
Zed|16.3,P132,Zed,16.3,16.2,,pre,1,PLATINUM,MIDDLE,5,established_5plus,True,2,limited_1_4,True,pre_only
Zed|16.3,P133,Zed,16.3,16.2,,pre,2,PLATINUM,MIDDLE,,,False,,,False,pre_only
Zed|16.3,P137,Zed,16.3,16.2,,post,1,PLATINUM,MIDDLE,,,False,0,observed_new,True,post_only
Zed|16.3,P240,Zed,16.3,16.2,,post,1,EMERALD,BOTTOM,10,established_5plus,True,5,established_5plus,True,both
Zed|16.3,P240,Zed,16.3,16.2,,pre,1,EMERALD,BOTTOM,9,established_5plus,True,6,established_5plus,True,both
Zed|16.3,P262,Zed,16.3,16.2,,pre,1,EMERALD,MIDDLE,,,False,4,limited_1_4,True,pre_only
Zed|16.3,P271,Zed,16.3,16.2,,pre,3,EMERALD,BOTTOM,,,False,0,observed_new,True,pre_only
Zed|16.3,P273,Zed,16.3,16.2,,pre,2,EMERALD,MIDDLE,,,False,,,False,pre_only
Zed|16.3,P306,Zed,16.3,16.2,,post,1,DIAMOND,MIDDLE,,,False,7,established_5plus,True,both
Zed|16.3,P306,Zed,16.3,16.2,,pre,5,DIAMOND,MIDDLE,,,False,2,limited_1_4,True,both
Zed|16.3,P307,Zed,16.3,16.2,,pre,1,DIAMOND,BOTTOM,,,False,0,observed_new,True,pre_only
Zed|16.3,P319,Zed,16.3,16.2,,post,1,DIAMOND,MIDDLE,3,limited_1_4,True,0,observed_new,True,post_only
Zed|16.3,P356,Zed,16.3,16.2,,post,5,DIAMOND,MIDDLE,,,False,,,False,post_only
Zed|16.3,P360,Zed,16.3,16.2,,pre,1,DIAMOND,MIDDLE,,,False,0,observed_new,True,pre_only
Zed|16.3,P381,Zed,16.3,16.2,,pre,1,DIAMOND,JUNGLE,0,observed_new,True,0,observed_new,True,pre_only
Zed|16.3,P419,Zed,16.3,16.2,,post,1,MASTER+,BOTTOM,,,False,0,observed_new,True,post_only
Zed|16.3,P426,Zed,16.3,16.2,,post,5,MASTER+,MIDDLE,,,False,6,established_5plus,True,both
Zed|16.3,P426,Zed,16.3,16.2,,pre,4,MASTER+,MIDDLE,,,False,,,False,both
Zed|16.3,P458,Zed,16.3,16.2,,post,1,MASTER+,MIDDLE,76,established_5plus,True,36,established_5plus,True,both
Zed|16.3,P458,Zed,16.3,16.2,,pre,3,MASTER+,MIDDLE,76,established_5plus,True,37,established_5plus,True,both
Zed|16.3,P462,Zed,16.3,16.2,,post,2,MASTER+,MIDDLE,31,established_5plus,True,11,established_5plus,True,both
Zed|16.3,P462,Zed,16.3,16.2,,pre,1,MASTER+,MIDDLE,36,established_5plus,True,16,established_5plus,True,both
Ambessa|16.4,P033,Ambessa,16.4,16.3,,pre,1,GOLD,MIDDLE,0,observed_new,True,0,observed_new,True,pre_only
Ambessa|16.4,P037,Ambessa,16.4,16.3,,post,1,GOLD,JUNGLE,0,observed_new,True,0,observed_new,True,post_only
Ambessa|16.4,P125,Ambessa,16.4,16.3,,pre,2,PLATINUM,TOP,,,False,1,limited_1_4,True,pre_only
Ambessa|16.4,P153,Ambessa,16.4,16.3,,post,1,PLATINUM,UTILITY,0,observed_new,True,0,observed_new,True,post_only
Ambessa|16.4,P182,Ambessa,16.4,16.3,,pre,1,PLATINUM,TOP,,,False,0,observed_new,True,pre_only
Ambessa|16.4,P189,Ambessa,16.4,16.3,,pre,1,PLATINUM,TOP,2,limited_1_4,True,0,observed_new,True,pre_only
Ambessa|16.4,P257,Ambessa,16.4,16.3,,pre,2,EMERALD,MIDDLE,0,observed_new,True,0,observed_new,True,pre_only
Ambessa|16.4,P260,Ambessa,16.4,16.3,,pre,2,EMERALD,JUNGLE,,,False,,,False,pre_only
Ambessa|16.4,P295,Ambessa,16.4,16.3,,pre,1,EMERALD,UTILITY,0,observed_new,True,0,observed_new,True,pre_only
Ambessa|16.4,P300,Ambessa,16.4,16.3,,post,4,EMERALD,JUNGLE,2,limited_1_4,True,2,limited_1_4,True,both
Ambessa|16.4,P300,Ambessa,16.4,16.3,,pre,2,EMERALD,JUNGLE,0,observed_new,True,0,observed_new,True,both
Ambessa|16.4,P310,Ambessa,16.4,16.3,,post,2,DIAMOND,TOP,,,False,,,False,both
Ambessa|16.4,P310,Ambessa,16.4,16.3,,pre,2,DIAMOND,TOP,,,False,,,False,both
Ambessa|16.4,P338,Ambessa,16.4,16.3,,pre,4,DIAMOND,UTILITY,1,limited_1_4,True,0,observed_new,True,pre_only
Ambessa|16.4,P365,Ambessa,16.4,16.3,,pre,3,DIAMOND,TOP,5,established_5plus,True,2,limited_1_4,True,pre_only
Ambessa|16.4,P373,Ambessa,16.4,16.3,,post,1,DIAMOND,TOP,,,False,,,False,post_only
Ambessa|16.4,P420,Ambessa,16.4,16.3,,post,13,MASTER+,BOTTOM,14,established_5plus,True,4,limited_1_4,True,both
Ambessa|16.4,P420,Ambessa,16.4,16.3,,pre,8,MASTER+,BOTTOM,,,False,8,established_5plus,True,both
Ambessa|16.4,P460,Ambessa,16.4,16.3,,post,1,MASTER+,MIDDLE,3,limited_1_4,True,1,limited_1_4,True,both
Ambessa|16.4,P460,Ambessa,16.4,16.3,,pre,1,MASTER+,MIDDLE,2,limited_1_4,True,0,observed_new,True,both
Ambessa|16.4,P462,Ambessa,16.4,16.3,,post,1,MASTER+,MIDDLE,7,established_5plus,True,5,established_5plus,True,post_only
Annie|16.4,P018,Annie,16.4,16.3,,pre,1,GOLD,MIDDLE,,,False,0,observed_new,True,pre_only
Annie|16.4,P033,Annie,16.4,16.3,,post,2,GOLD,MIDDLE,0,observed_new,True,0,observed_new,True,post_only
Annie|16.4,P128,Annie,16.4,16.3,,pre,1,PLATINUM,MIDDLE,,,False,,,False,pre_only
Annie|16.4,P231,Annie,16.4,16.3,,pre,3,EMERALD,MIDDLE,,,False,0,observed_new,True,pre_only
Annie|16.4,P251,Annie,16.4,16.3,,post,1,EMERALD,TOP,1,limited_1_4,True,1,limited_1_4,True,both
Annie|16.4,P251,Annie,16.4,16.3,,pre,1,EMERALD,TOP,0,observed_new,True,0,observed_new,True,both
Annie|16.4,P366,Annie,16.4,16.3,,post,1,DIAMOND,MIDDLE,1,limited_1_4,True,0,observed_new,True,post_only
Annie|16.4,P401,Annie,16.4,16.3,,post,2,MASTER+,UTILITY,,,False,,,False,post_only
Annie|16.4,P477,Annie,16.4,16.3,,pre,1,MASTER+,MIDDLE,,,False,,,False,pre_only
Aphelios|16.4,P054,Aphelios,16.4,16.3,,pre,2,GOLD,TOP,0,observed_new,True,0,observed_new,True,pre_only
Aphelios|16.4,P102,Aphelios,16.4,16.3,,pre,5,PLATINUM,BOTTOM,,,False,,,False,pre_only
Aphelios|16.4,P253,Aphelios,16.4,16.3,,pre,1,EMERALD,BOTTOM,,,False,,,False,pre_only
Aphelios|16.4,P307,Aphelios,16.4,16.3,,post,1,DIAMOND,BOTTOM,3,limited_1_4,True,0,observed_new,True,post_only
Aphelios|16.4,P318,Aphelios,16.4,16.3,,post,6,DIAMOND,BOTTOM,85,established_5plus,True,46,established_5plus,True,both
Aphelios|16.4,P318,Aphelios,16.4,16.3,,pre,10,DIAMOND,BOTTOM,84,established_5plus,True,43,established_5plus,True,both
Aphelios|16.4,P326,Aphelios,16.4,16.3,,pre,1,DIAMOND,BOTTOM,,,False,,,False,pre_only
Aphelios|16.4,P359,Aphelios,16.4,16.3,,post,1,DIAMOND,UTILITY,,,False,0,observed_new,True,post_only
Aphelios|16.4,P361,Aphelios,16.4,16.3,,post,1,DIAMOND,MIDDLE,3,limited_1_4,True,2,limited_1_4,True,both
Aphelios|16.4,P361,Aphelios,16.4,16.3,,pre,2,DIAMOND,MIDDLE,3,limited_1_4,True,1,limited_1_4,True,both
Aphelios|16.4,P383,Aphelios,16.4,16.3,,pre,1,DIAMOND,BOTTOM,,,False,,,False,pre_only
Aphelios|16.4,P384,Aphelios,16.4,16.3,,pre,1,DIAMOND,BOTTOM,12,established_5plus,True,4,limited_1_4,True,pre_only
Aphelios|16.4,P419,Aphelios,16.4,16.3,,pre,4,MASTER+,BOTTOM,,,False,,,False,pre_only
Aphelios|16.4,P479,Aphelios,16.4,16.3,,pre,1,MASTER+,BOTTOM,,,False,,,False,pre_only
Aphelios|16.4,P484,Aphelios,16.4,16.3,,pre,20,MASTER+,BOTTOM,33,established_5plus,True,14,established_5plus,True,pre_only
Aphelios|16.4,P489,Aphelios,16.4,16.3,,post,1,MASTER+,BOTTOM,,,False,,,False,post_only
Brand|16.4,P012,Brand,16.4,16.3,,post,1,GOLD,UTILITY,4,limited_1_4,True,4,limited_1_4,True,post_only
Brand|16.4,P033,Brand,16.4,16.3,,post,5,GOLD,MIDDLE,0,observed_new,True,0,observed_new,True,post_only
Brand|16.4,P045,Brand,16.4,16.3,,pre,1,GOLD,UTILITY,2,limited_1_4,True,0,observed_new,True,pre_only
Brand|16.4,P062,Brand,16.4,16.3,,post,1,GOLD,UTILITY,,,False,,,False,post_only
Brand|16.4,P069,Brand,16.4,16.3,,post,33,GOLD,BOTTOM,22,established_5plus,True,10,established_5plus,True,both
Brand|16.4,P069,Brand,16.4,16.3,,pre,22,GOLD,BOTTOM,,,False,2,limited_1_4,True,both
Brand|16.4,P132,Brand,16.4,16.3,,pre,1,PLATINUM,MIDDLE,2,limited_1_4,True,0,observed_new,True,pre_only
Brand|16.4,P152,Brand,16.4,16.3,,pre,1,PLATINUM,UTILITY,,,False,,,False,pre_only
Brand|16.4,P198,Brand,16.4,16.3,,post,4,PLATINUM,TOP,1,limited_1_4,True,1,limited_1_4,True,both
Brand|16.4,P198,Brand,16.4,16.3,,pre,1,PLATINUM,TOP,2,limited_1_4,True,0,observed_new,True,both
Brand|16.4,P217,Brand,16.4,16.3,,pre,6,EMERALD,TOP,,,False,0,observed_new,True,pre_only
Brand|16.4,P247,Brand,16.4,16.3,,post,1,EMERALD,MIDDLE,,,False,,,False,post_only
Brand|16.4,P296,Brand,16.4,16.3,,pre,1,EMERALD,UTILITY,,,False,2,limited_1_4,True,pre_only
Brand|16.4,P303,Brand,16.4,16.3,,post,1,DIAMOND,UTILITY,1,limited_1_4,True,0,observed_new,True,both
Brand|16.4,P303,Brand,16.4,16.3,,pre,1,DIAMOND,UTILITY,3,limited_1_4,True,1,limited_1_4,True,both
Brand|16.4,P305,Brand,16.4,16.3,,pre,1,DIAMOND,BOTTOM,24,established_5plus,True,7,established_5plus,True,pre_only
Brand|16.4,P346,Brand,16.4,16.3,,post,1,DIAMOND,MIDDLE,0,observed_new,True,0,observed_new,True,post_only
Brand|16.4,P391,Brand,16.4,16.3,,post,3,DIAMOND,UTILITY,,,False,0,observed_new,True,post_only
Brand|16.4,P402,Brand,16.4,16.3,,pre,1,MASTER+,UTILITY,0,observed_new,True,0,observed_new,True,pre_only
Brand|16.4,P430,Brand,16.4,16.3,,pre,1,MASTER+,MIDDLE,,,False,0,observed_new,True,pre_only
Brand|16.4,P479,Brand,16.4,16.3,,post,1,MASTER+,BOTTOM,,,False,,,False,post_only
Braum|16.4,P045,Braum,16.4,16.3,,post,3,GOLD,UTILITY,6,established_5plus,True,4,limited_1_4,True,both
Braum|16.4,P045,Braum,16.4,16.3,,pre,4,GOLD,UTILITY,10,established_5plus,True,2,limited_1_4,True,both
Braum|16.4,P062,Braum,16.4,16.3,,post,1,GOLD,UTILITY,,,False,,,False,post_only
Braum|16.4,P151,Braum,16.4,16.3,,post,2,PLATINUM,UTILITY,6,established_5plus,True,4,limited_1_4,True,both
Braum|16.4,P151,Braum,16.4,16.3,,pre,6,PLATINUM,UTILITY,0,observed_new,True,0,observed_new,True,both
Braum|16.4,P155,Braum,16.4,16.3,,post,2,PLATINUM,UTILITY,,,False,,,False,post_only
Braum|16.4,P178,Braum,16.4,16.3,,post,1,PLATINUM,UTILITY,,,False,,,False,post_only
Braum|16.4,P198,Braum,16.4,16.3,,pre,20,PLATINUM,TOP,7,established_5plus,True,4,limited_1_4,True,pre_only
Braum|16.4,P218,Braum,16.4,16.3,,pre,4,EMERALD,UTILITY,2,limited_1_4,True,2,limited_1_4,True,pre_only
Braum|16.4,P240,Braum,16.4,16.3,,pre,1,EMERALD,BOTTOM,1,limited_1_4,True,0,observed_new,True,pre_only
Braum|16.4,P263,Braum,16.4,16.3,,post,1,EMERALD,JUNGLE,,,False,1,limited_1_4,True,both
Braum|16.4,P263,Braum,16.4,16.3,,pre,1,EMERALD,JUNGLE,,,False,0,observed_new,True,both
Braum|16.4,P279,Braum,16.4,16.3,,pre,1,EMERALD,BOTTOM,0,observed_new,True,0,observed_new,True,pre_only
Braum|16.4,P280,Braum,16.4,16.3,,post,3,EMERALD,UTILITY,,,False,,,False,both
Braum|16.4,P280,Braum,16.4,16.3,,pre,1,EMERALD,UTILITY,,,False,,,False,both
Braum|16.4,P282,Braum,16.4,16.3,,pre,2,EMERALD,UTILITY,2,limited_1_4,True,1,limited_1_4,True,pre_only
Braum|16.4,P285,Braum,16.4,16.3,,post,1,EMERALD,UTILITY,,,False,24,established_5plus,True,both
Braum|16.4,P285,Braum,16.4,16.3,,pre,6,EMERALD,UTILITY,,,False,20,established_5plus,True,both
Braum|16.4,P303,Braum,16.4,16.3,,post,7,DIAMOND,UTILITY,1,limited_1_4,True,1,limited_1_4,True,both
Braum|16.4,P303,Braum,16.4,16.3,,pre,1,DIAMOND,UTILITY,0,observed_new,True,0,observed_new,True,both
Braum|16.4,P304,Braum,16.4,16.3,,post,2,DIAMOND,UTILITY,,,False,10,established_5plus,True,both
Braum|16.4,P304,Braum,16.4,16.3,,pre,8,DIAMOND,UTILITY,,,False,10,established_5plus,True,both
Braum|16.4,P324,Braum,16.4,16.3,,post,1,DIAMOND,MIDDLE,,,False,3,limited_1_4,True,both
Braum|16.4,P324,Braum,16.4,16.3,,pre,1,DIAMOND,MIDDLE,,,False,2,limited_1_4,True,both
Braum|16.4,P326,Braum,16.4,16.3,,pre,1,DIAMOND,BOTTOM,,,False,,,False,pre_only
Braum|16.4,P342,Braum,16.4,16.3,,post,1,DIAMOND,JUNGLE,2,limited_1_4,True,2,limited_1_4,True,post_only
Braum|16.4,P391,Braum,16.4,16.3,,post,6,DIAMOND,UTILITY,,,False,,,False,both
Braum|16.4,P391,Braum,16.4,16.3,,pre,11,DIAMOND,UTILITY,,,False,,,False,both
Braum|16.4,P402,Braum,16.4,16.3,,pre,1,MASTER+,UTILITY,1,limited_1_4,True,1,limited_1_4,True,pre_only
Braum|16.4,P410,Braum,16.4,16.3,,post,1,MASTER+,UTILITY,,,False,5,established_5plus,True,post_only
Braum|16.4,P448,Braum,16.4,16.3,,pre,1,MASTER+,UTILITY,,,False,2,limited_1_4,True,pre_only
Braum|16.4,P467,Braum,16.4,16.3,,pre,1,MASTER+,BOTTOM,2,limited_1_4,True,1,limited_1_4,True,pre_only
Braum|16.4,P490,Braum,16.4,16.3,,pre,1,MASTER+,BOTTOM,0,observed_new,True,0,observed_new,True,pre_only
Camille|16.4,P055,Camille,16.4,16.3,,pre,1,GOLD,TOP,,,False,7,established_5plus,True,pre_only
Camille|16.4,P107,Camille,16.4,16.3,,post,3,PLATINUM,MIDDLE,0,observed_new,True,0,observed_new,True,post_only
Camille|16.4,P125,Camille,16.4,16.3,,post,3,PLATINUM,TOP,,,False,17,established_5plus,True,both
Camille|16.4,P125,Camille,16.4,16.3,,pre,3,PLATINUM,TOP,,,False,19,established_5plus,True,both
Camille|16.4,P182,Camille,16.4,16.3,,pre,1,PLATINUM,TOP,,,False,4,limited_1_4,True,pre_only
Camille|16.4,P361,Camille,16.4,16.3,,post,2,DIAMOND,MIDDLE,5,established_5plus,True,1,limited_1_4,True,both
Camille|16.4,P361,Camille,16.4,16.3,,pre,1,DIAMOND,MIDDLE,4,limited_1_4,True,0,observed_new,True,both
Camille|16.4,P420,Camille,16.4,16.3,,post,1,MASTER+,BOTTOM,0,observed_new,True,0,observed_new,True,post_only
Darius|16.4,P015,Darius,16.4,16.3,,pre,1,GOLD,MIDDLE,,,False,,,False,pre_only
Darius|16.4,P028,Darius,16.4,16.3,,pre,1,GOLD,MIDDLE,0,observed_new,True,0,observed_new,True,pre_only
Darius|16.4,P079,Darius,16.4,16.3,,post,1,GOLD,TOP,,,False,1,limited_1_4,True,post_only
Darius|16.4,P094,Darius,16.4,16.3,,post,2,GOLD,JUNGLE,,,False,9,established_5plus,True,both
Darius|16.4,P094,Darius,16.4,16.3,,pre,8,GOLD,JUNGLE,,,False,,,False,both
Darius|16.4,P116,Darius,16.4,16.3,,post,2,PLATINUM,TOP,0,observed_new,True,0,observed_new,True,post_only
Darius|16.4,P157,Darius,16.4,16.3,,post,1,PLATINUM,TOP,1,limited_1_4,True,1,limited_1_4,True,both
Darius|16.4,P157,Darius,16.4,16.3,,pre,1,PLATINUM,TOP,0,observed_new,True,0,observed_new,True,both
Darius|16.4,P198,Darius,16.4,16.3,,post,2,PLATINUM,TOP,0,observed_new,True,0,observed_new,True,post_only
Darius|16.4,P240,Darius,16.4,16.3,,post,4,EMERALD,BOTTOM,0,observed_new,True,0,observed_new,True,post_only
Darius|16.4,P245,Darius,16.4,16.3,,post,27,EMERALD,TOP,5,established_5plus,True,4,limited_1_4,True,both
Darius|16.4,P245,Darius,16.4,16.3,,pre,1,EMERALD,TOP,6,established_5plus,True,3,limited_1_4,True,both
Darius|16.4,P250,Darius,16.4,16.3,,pre,1,EMERALD,TOP,,,False,1,limited_1_4,True,pre_only
Darius|16.4,P280,Darius,16.4,16.3,,pre,1,EMERALD,UTILITY,,,False,,,False,pre_only
Darius|16.4,P291,Darius,16.4,16.3,,post,65,EMERALD,TOP,,,False,12,established_5plus,True,both
Darius|16.4,P291,Darius,16.4,16.3,,pre,19,EMERALD,TOP,,,False,,,False,both
Darius|16.4,P298,Darius,16.4,16.3,,pre,1,EMERALD,JUNGLE,,,False,,,False,pre_only
Darius|16.4,P309,Darius,16.4,16.3,,post,1,DIAMOND,TOP,49,established_5plus,True,24,established_5plus,True,both
Darius|16.4,P309,Darius,16.4,16.3,,pre,2,DIAMOND,TOP,49,established_5plus,True,24,established_5plus,True,both
Darius|16.4,P348,Darius,16.4,16.3,,pre,1,DIAMOND,BOTTOM,2,limited_1_4,True,0,observed_new,True,pre_only
Darius|16.4,P415,Darius,16.4,16.3,,post,1,MASTER+,JUNGLE,,,False,0,observed_new,True,post_only
Darius|16.4,P428,Darius,16.4,16.3,,post,2,MASTER+,MIDDLE,,,False,0,observed_new,True,both
Darius|16.4,P428,Darius,16.4,16.3,,pre,2,MASTER+,MIDDLE,,,False,,,False,both
Darius|16.4,P445,Darius,16.4,16.3,,post,2,MASTER+,UTILITY,,,False,,,False,post_only
Fizz|16.4,P066,Fizz,16.4,16.3,,post,3,GOLD,MIDDLE,2,limited_1_4,True,0,observed_new,True,post_only
Fizz|16.4,P070,Fizz,16.4,16.3,,pre,5,GOLD,TOP,8,established_5plus,True,3,limited_1_4,True,pre_only
Fizz|16.4,P136,Fizz,16.4,16.3,,pre,2,PLATINUM,MIDDLE,,,False,,,False,pre_only
Fizz|16.4,P157,Fizz,16.4,16.3,,post,1,PLATINUM,TOP,3,limited_1_4,True,3,limited_1_4,True,post_only
Fizz|16.4,P163,Fizz,16.4,16.3,,post,1,PLATINUM,TOP,,,False,1,limited_1_4,True,post_only
Fizz|16.4,P192,Fizz,16.4,16.3,,post,1,PLATINUM,TOP,0,observed_new,True,0,observed_new,True,post_only
Fizz|16.4,P198,Fizz,16.4,16.3,,post,8,PLATINUM,TOP,4,limited_1_4,True,3,limited_1_4,True,both
Fizz|16.4,P198,Fizz,16.4,16.3,,pre,4,PLATINUM,TOP,0,observed_new,True,0,observed_new,True,both
Fizz|16.4,P213,Fizz,16.4,16.3,,post,3,EMERALD,BOTTOM,0,observed_new,True,0,observed_new,True,post_only
Fizz|16.4,P240,Fizz,16.4,16.3,,post,11,EMERALD,BOTTOM,2,limited_1_4,True,1,limited_1_4,True,both
Fizz|16.4,P240,Fizz,16.4,16.3,,pre,1,EMERALD,BOTTOM,1,limited_1_4,True,1,limited_1_4,True,both
Fizz|16.4,P271,Fizz,16.4,16.3,,post,1,EMERALD,BOTTOM,,,False,1,limited_1_4,True,post_only
Fizz|16.4,P312,Fizz,16.4,16.3,,post,1,DIAMOND,TOP,3,limited_1_4,True,1,limited_1_4,True,both
Fizz|16.4,P312,Fizz,16.4,16.3,,pre,1,DIAMOND,TOP,,,False,1,limited_1_4,True,both
Fizz|16.4,P356,Fizz,16.4,16.3,,pre,1,DIAMOND,MIDDLE,,,False,,,False,pre_only
Fizz|16.4,P415,Fizz,16.4,16.3,,post,9,MASTER+,JUNGLE,,,False,0,observed_new,True,post_only
Graves|16.4,P015,Graves,16.4,16.3,,pre,2,GOLD,MIDDLE,,,False,,,False,pre_only
Graves|16.4,P033,Graves,16.4,16.3,,post,1,GOLD,MIDDLE,0,observed_new,True,0,observed_new,True,post_only
Graves|16.4,P034,Graves,16.4,16.3,,post,1,GOLD,BOTTOM,0,observed_new,True,0,observed_new,True,post_only
Graves|16.4,P107,Graves,16.4,16.3,,post,1,PLATINUM,MIDDLE,0,observed_new,True,0,observed_new,True,post_only
Graves|16.4,P125,Graves,16.4,16.3,,pre,1,PLATINUM,TOP,,,False,0,observed_new,True,pre_only
Graves|16.4,P136,Graves,16.4,16.3,,pre,2,PLATINUM,MIDDLE,,,False,0,observed_new,True,pre_only
Graves|16.4,P181,Graves,16.4,16.3,,pre,1,PLATINUM,JUNGLE,0,observed_new,True,0,observed_new,True,pre_only
Graves|16.4,P240,Graves,16.4,16.3,,post,1,EMERALD,BOTTOM,0,observed_new,True,0,observed_new,True,post_only
Graves|16.4,P275,Graves,16.4,16.3,,post,1,EMERALD,BOTTOM,,,False,0,observed_new,True,post_only
Graves|16.4,P311,Graves,16.4,16.3,,post,2,DIAMOND,JUNGLE,,,False,,,False,both
Graves|16.4,P311,Graves,16.4,16.3,,pre,4,DIAMOND,JUNGLE,,,False,,,False,both
Graves|16.4,P329,Graves,16.4,16.3,,post,10,DIAMOND,JUNGLE,0,observed_new,True,0,observed_new,True,post_only
Graves|16.4,P370,Graves,16.4,16.3,,pre,7,DIAMOND,JUNGLE,,,False,,,False,pre_only
Graves|16.4,P381,Graves,16.4,16.3,,post,1,DIAMOND,JUNGLE,18,established_5plus,True,7,established_5plus,True,both
Graves|16.4,P381,Graves,16.4,16.3,,pre,3,DIAMOND,JUNGLE,21,established_5plus,True,10,established_5plus,True,both
Graves|16.4,P415,Graves,16.4,16.3,,pre,1,MASTER+,JUNGLE,,,False,,,False,pre_only
Graves|16.4,P416,Graves,16.4,16.3,,post,1,MASTER+,MIDDLE,0,observed_new,True,0,observed_new,True,post_only
Graves|16.4,P420,Graves,16.4,16.3,,post,2,MASTER+,BOTTOM,0,observed_new,True,0,observed_new,True,post_only
Gwen|16.4,P033,Gwen,16.4,16.3,,post,1,GOLD,MIDDLE,1,limited_1_4,True,0,observed_new,True,both
Gwen|16.4,P033,Gwen,16.4,16.3,,pre,4,GOLD,MIDDLE,0,observed_new,True,0,observed_new,True,both
Gwen|16.4,P080,Gwen,16.4,16.3,,pre,1,GOLD,JUNGLE,0,observed_new,True,0,observed_new,True,pre_only
Gwen|16.4,P157,Gwen,16.4,16.3,,pre,1,PLATINUM,TOP,0,observed_new,True,0,observed_new,True,pre_only
Gwen|16.4,P181,Gwen,16.4,16.3,,post,1,PLATINUM,JUNGLE,4,limited_1_4,True,0,observed_new,True,post_only
Gwen|16.4,P182,Gwen,16.4,16.3,,pre,1,PLATINUM,TOP,,,False,0,observed_new,True,pre_only
Gwen|16.4,P209,Gwen,16.4,16.3,,post,1,EMERALD,MIDDLE,0,observed_new,True,0,observed_new,True,post_only
Gwen|16.4,P220,Gwen,16.4,16.3,,pre,1,EMERALD,BOTTOM,12,established_5plus,True,10,established_5plus,True,pre_only
Gwen|16.4,P257,Gwen,16.4,16.3,,post,1,EMERALD,MIDDLE,0,observed_new,True,0,observed_new,True,post_only
Gwen|16.4,P275,Gwen,16.4,16.3,,pre,1,EMERALD,BOTTOM,,,False,0,observed_new,True,pre_only
Gwen|16.4,P288,Gwen,16.4,16.3,,post,1,EMERALD,JUNGLE,,,False,,,False,post_only
Gwen|16.4,P305,Gwen,16.4,16.3,,pre,1,DIAMOND,BOTTOM,0,observed_new,True,0,observed_new,True,pre_only
Gwen|16.4,P346,Gwen,16.4,16.3,,pre,1,DIAMOND,MIDDLE,,,False,0,observed_new,True,pre_only
Gwen|16.4,P353,Gwen,16.4,16.3,,post,1,DIAMOND,JUNGLE,1,limited_1_4,True,1,limited_1_4,True,post_only
Gwen|16.4,P365,Gwen,16.4,16.3,,pre,2,DIAMOND,TOP,1,limited_1_4,True,1,limited_1_4,True,pre_only
Gwen|16.4,P367,Gwen,16.4,16.3,,pre,2,DIAMOND,MIDDLE,,,False,,,False,pre_only
Gwen|16.4,P415,Gwen,16.4,16.3,,pre,2,MASTER+,JUNGLE,,,False,0,observed_new,True,pre_only
Gwen|16.4,P446,Gwen,16.4,16.3,,post,5,MASTER+,JUNGLE,1,limited_1_4,True,1,limited_1_4,True,both
Gwen|16.4,P446,Gwen,16.4,16.3,,pre,1,MASTER+,JUNGLE,0,observed_new,True,0,observed_new,True,both
Gwen|16.4,P450,Gwen,16.4,16.3,,post,1,MASTER+,JUNGLE,35,established_5plus,True,18,established_5plus,True,both
Gwen|16.4,P450,Gwen,16.4,16.3,,pre,3,MASTER+,JUNGLE,32,established_5plus,True,22,established_5plus,True,both
Gwen|16.4,P453,Gwen,16.4,16.3,,post,1,MASTER+,TOP,,,False,,,False,post_only
Hwei|16.4,P155,Hwei,16.4,16.3,,post,1,PLATINUM,UTILITY,,,False,,,False,post_only
Hwei|16.4,P199,Hwei,16.4,16.3,,pre,1,PLATINUM,TOP,11,established_5plus,True,7,established_5plus,True,pre_only
Hwei|16.4,P272,Hwei,16.4,16.3,,post,1,EMERALD,UTILITY,2,limited_1_4,True,1,limited_1_4,True,post_only
Hwei|16.4,P332,Hwei,16.4,16.3,,pre,1,DIAMOND,BOTTOM,,,False,,,False,pre_only
Hwei|16.4,P356,Hwei,16.4,16.3,,post,3,DIAMOND,MIDDLE,0,observed_new,True,0,observed_new,True,post_only
Hwei|16.4,P366,Hwei,16.4,16.3,,post,1,DIAMOND,MIDDLE,34,established_5plus,True,8,established_5plus,True,post_only
Hwei|16.4,P426,Hwei,16.4,16.3,,post,2,MASTER+,MIDDLE,1,limited_1_4,True,0,observed_new,True,post_only
Hwei|16.4,P448,Hwei,16.4,16.3,,pre,2,MASTER+,UTILITY,,,False,0,observed_new,True,pre_only
Hwei|16.4,P494,Hwei,16.4,16.3,,post,3,MASTER+,BOTTOM,0,observed_new,True,0,observed_new,True,post_only
Illaoi|16.4,P078,Illaoi,16.4,16.3,,pre,2,GOLD,TOP,,,False,,,False,pre_only
Illaoi|16.4,P094,Illaoi,16.4,16.3,,post,1,GOLD,JUNGLE,,,False,0,observed_new,True,post_only
Illaoi|16.4,P116,Illaoi,16.4,16.3,,post,1,PLATINUM,TOP,0,observed_new,True,0,observed_new,True,post_only
Illaoi|16.4,P182,Illaoi,16.4,16.3,,pre,1,PLATINUM,TOP,,,False,5,established_5plus,True,pre_only
Illaoi|16.4,P245,Illaoi,16.4,16.3,,post,1,EMERALD,TOP,3,limited_1_4,True,2,limited_1_4,True,post_only
Illaoi|16.4,P250,Illaoi,16.4,16.3,,post,2,EMERALD,TOP,0,observed_new,True,0,observed_new,True,post_only
Illaoi|16.4,P275,Illaoi,16.4,16.3,,pre,1,EMERALD,BOTTOM,,,False,,,False,pre_only
Illaoi|16.4,P453,Illaoi,16.4,16.3,,post,5,MASTER+,TOP,,,False,,,False,post_only
Jinx|16.4,P029,Jinx,16.4,16.3,,post,2,GOLD,TOP,8,established_5plus,True,4,limited_1_4,True,post_only
Jinx|16.4,P034,Jinx,16.4,16.3,,pre,1,GOLD,BOTTOM,,,False,2,limited_1_4,True,pre_only
Jinx|16.4,P048,Jinx,16.4,16.3,,post,8,GOLD,BOTTOM,22,established_5plus,True,16,established_5plus,True,both
Jinx|16.4,P048,Jinx,16.4,16.3,,pre,8,GOLD,BOTTOM,14,established_5plus,True,10,established_5plus,True,both
Jinx|16.4,P076,Jinx,16.4,16.3,,post,12,GOLD,BOTTOM,,,False,0,observed_new,True,post_only
Jinx|16.4,P102,Jinx,16.4,16.3,,pre,1,PLATINUM,BOTTOM,,,False,,,False,pre_only
Jinx|16.4,P122,Jinx,16.4,16.3,,post,24,PLATINUM,BOTTOM,,,False,,,False,both
Jinx|16.4,P122,Jinx,16.4,16.3,,pre,5,PLATINUM,BOTTOM,,,False,,,False,both
Jinx|16.4,P136,Jinx,16.4,16.3,,post,1,PLATINUM,MIDDLE,0,observed_new,True,0,observed_new,True,post_only
Jinx|16.4,P137,Jinx,16.4,16.3,,pre,2,PLATINUM,MIDDLE,,,False,2,limited_1_4,True,pre_only
Jinx|16.4,P161,Jinx,16.4,16.3,,post,2,PLATINUM,MIDDLE,1,limited_1_4,True,1,limited_1_4,True,both
Jinx|16.4,P161,Jinx,16.4,16.3,,pre,1,PLATINUM,MIDDLE,,,False,0,observed_new,True,both
Jinx|16.4,P172,Jinx,16.4,16.3,,pre,4,PLATINUM,BOTTOM,,,False,,,False,pre_only
Jinx|16.4,P213,Jinx,16.4,16.3,,post,1,EMERALD,BOTTOM,1,limited_1_4,True,0,observed_new,True,post_only
Jinx|16.4,P218,Jinx,16.4,16.3,,post,1,EMERALD,UTILITY,10,established_5plus,True,6,established_5plus,True,post_only
Jinx|16.4,P235,Jinx,16.4,16.3,,post,1,EMERALD,BOTTOM,,,False,,,False,post_only
Jinx|16.4,P239,Jinx,16.4,16.3,,pre,2,EMERALD,BOTTOM,22,established_5plus,True,9,established_5plus,True,pre_only
Jinx|16.4,P240,Jinx,16.4,16.3,,post,1,EMERALD,BOTTOM,0,observed_new,True,0,observed_new,True,both
Jinx|16.4,P240,Jinx,16.4,16.3,,pre,1,EMERALD,BOTTOM,0,observed_new,True,0,observed_new,True,both
Jinx|16.4,P254,Jinx,16.4,16.3,,post,1,EMERALD,JUNGLE,,,False,,,False,post_only
Jinx|16.4,P261,Jinx,16.4,16.3,,pre,1,EMERALD,BOTTOM,2,limited_1_4,True,0,observed_new,True,pre_only
Jinx|16.4,P279,Jinx,16.4,16.3,,pre,6,EMERALD,BOTTOM,0,observed_new,True,0,observed_new,True,pre_only
Jinx|16.4,P303,Jinx,16.4,16.3,,pre,1,DIAMOND,UTILITY,5,established_5plus,True,0,observed_new,True,pre_only
Jinx|16.4,P326,Jinx,16.4,16.3,,post,3,DIAMOND,BOTTOM,,,False,,,False,post_only
Jinx|16.4,P333,Jinx,16.4,16.3,,post,2,DIAMOND,BOTTOM,2,limited_1_4,True,0,observed_new,True,both
Jinx|16.4,P333,Jinx,16.4,16.3,,pre,2,DIAMOND,BOTTOM,,,False,0,observed_new,True,both
Jinx|16.4,P341,Jinx,16.4,16.3,,pre,2,DIAMOND,BOTTOM,11,established_5plus,True,7,established_5plus,True,pre_only
Jinx|16.4,P348,Jinx,16.4,16.3,,pre,1,DIAMOND,BOTTOM,1,limited_1_4,True,1,limited_1_4,True,pre_only
Jinx|16.4,P383,Jinx,16.4,16.3,,pre,2,DIAMOND,BOTTOM,,,False,,,False,pre_only
Jinx|16.4,P429,Jinx,16.4,16.3,,post,1,MASTER+,BOTTOM,,,False,,,False,post_only
Jinx|16.4,P433,Jinx,16.4,16.3,,pre,2,MASTER+,BOTTOM,,,False,,,False,pre_only
Jinx|16.4,P464,Jinx,16.4,16.3,,pre,2,MASTER+,JUNGLE,1,limited_1_4,True,1,limited_1_4,True,pre_only
Jinx|16.4,P481,Jinx,16.4,16.3,,post,1,MASTER+,JUNGLE,5,established_5plus,True,3,limited_1_4,True,both
Jinx|16.4,P481,Jinx,16.4,16.3,,pre,1,MASTER+,JUNGLE,4,limited_1_4,True,3,limited_1_4,True,both
Jinx|16.4,P484,Jinx,16.4,16.3,,post,1,MASTER+,BOTTOM,14,established_5plus,True,8,established_5plus,True,both
Jinx|16.4,P484,Jinx,16.4,16.3,,pre,11,MASTER+,BOTTOM,6,established_5plus,True,4,limited_1_4,True,both
Jinx|16.4,P490,Jinx,16.4,16.3,,pre,1,MASTER+,BOTTOM,,,False,3,limited_1_4,True,pre_only
Kassadin|16.4,P018,Kassadin,16.4,16.3,,pre,1,GOLD,MIDDLE,,,False,0,observed_new,True,pre_only
Kassadin|16.4,P147,Kassadin,16.4,16.3,,pre,3,PLATINUM,MIDDLE,,,False,17,established_5plus,True,pre_only
Kassadin|16.4,P279,Kassadin,16.4,16.3,,post,2,EMERALD,BOTTOM,0,observed_new,True,0,observed_new,True,post_only
Kassadin|16.4,P311,Kassadin,16.4,16.3,,pre,1,DIAMOND,JUNGLE,,,False,,,False,pre_only
Kassadin|16.4,P361,Kassadin,16.4,16.3,,pre,2,DIAMOND,MIDDLE,0,observed_new,True,0,observed_new,True,pre_only
Kassadin|16.4,P405,Kassadin,16.4,16.3,,post,1,MASTER+,UTILITY,,,False,5,established_5plus,True,both
Kassadin|16.4,P405,Kassadin,16.4,16.3,,pre,12,MASTER+,UTILITY,,,False,,,False,both
Kassadin|16.4,P426,Kassadin,16.4,16.3,,pre,4,MASTER+,MIDDLE,,,False,0,observed_new,True,pre_only
Kassadin|16.4,P462,Kassadin,16.4,16.3,,pre,1,MASTER+,MIDDLE,0,observed_new,True,0,observed_new,True,pre_only
Kayle|16.4,P004,Kayle,16.4,16.3,,pre,1,GOLD,MIDDLE,1,limited_1_4,True,1,limited_1_4,True,pre_only
Kayle|16.4,P031,Kayle,16.4,16.3,,pre,1,GOLD,TOP,,,False,,,False,pre_only
Kayle|16.4,P033,Kayle,16.4,16.3,,pre,13,GOLD,MIDDLE,0,observed_new,True,0,observed_new,True,pre_only
Kayle|16.4,P047,Kayle,16.4,16.3,,pre,1,GOLD,MIDDLE,29,established_5plus,True,3,limited_1_4,True,pre_only
Kayle|16.4,P070,Kayle,16.4,16.3,,pre,1,GOLD,TOP,1,limited_1_4,True,0,observed_new,True,pre_only
Kayle|16.4,P094,Kayle,16.4,16.3,,pre,1,GOLD,JUNGLE,,,False,,,False,pre_only
Kayle|16.4,P116,Kayle,16.4,16.3,,post,1,PLATINUM,TOP,0,observed_new,True,0,observed_new,True,post_only
Kayle|16.4,P136,Kayle,16.4,16.3,,post,2,PLATINUM,MIDDLE,0,observed_new,True,0,observed_new,True,post_only
Kayle|16.4,P189,Kayle,16.4,16.3,,pre,1,PLATINUM,TOP,1,limited_1_4,True,0,observed_new,True,pre_only
Kayle|16.4,P198,Kayle,16.4,16.3,,post,1,PLATINUM,TOP,0,observed_new,True,0,observed_new,True,post_only
Kayle|16.4,P257,Kayle,16.4,16.3,,pre,1,EMERALD,MIDDLE,1,limited_1_4,True,1,limited_1_4,True,pre_only
Kayle|16.4,P263,Kayle,16.4,16.3,,post,1,EMERALD,JUNGLE,,,False,0,observed_new,True,post_only
Kayle|16.4,P295,Kayle,16.4,16.3,,pre,1,EMERALD,UTILITY,0,observed_new,True,0,observed_new,True,pre_only
Kayle|16.4,P311,Kayle,16.4,16.3,,pre,1,DIAMOND,JUNGLE,,,False,,,False,pre_only
Kayle|16.4,P450,Kayle,16.4,16.3,,post,1,MASTER+,JUNGLE,0,observed_new,True,0,observed_new,True,post_only
Kayle|16.4,P462,Kayle,16.4,16.3,,pre,3,MASTER+,MIDDLE,1,limited_1_4,True,1,limited_1_4,True,pre_only
Kayle|16.4,P463,Kayle,16.4,16.3,,post,2,MASTER+,TOP,0,observed_new,True,0,observed_new,True,post_only
Kennen|16.4,P028,Kennen,16.4,16.3,,pre,1,GOLD,MIDDLE,1,limited_1_4,True,1,limited_1_4,True,pre_only
Kennen|16.4,P116,Kennen,16.4,16.3,,post,5,PLATINUM,TOP,0,observed_new,True,0,observed_new,True,post_only
Kennen|16.4,P160,Kennen,16.4,16.3,,pre,1,PLATINUM,UTILITY,1,limited_1_4,True,0,observed_new,True,pre_only
Kennen|16.4,P310,Kennen,16.4,16.3,,post,3,DIAMOND,TOP,,,False,,,False,both
Kennen|16.4,P310,Kennen,16.4,16.3,,pre,10,DIAMOND,TOP,,,False,,,False,both
Kennen|16.4,P477,Kennen,16.4,16.3,,pre,1,MASTER+,MIDDLE,,,False,,,False,pre_only
Kennen|16.4,P484,Kennen,16.4,16.3,,pre,1,MASTER+,BOTTOM,0,observed_new,True,0,observed_new,True,pre_only
Lux|16.4,P004,Lux,16.4,16.3,,pre,1,GOLD,MIDDLE,3,limited_1_4,True,1,limited_1_4,True,pre_only
Lux|16.4,P006,Lux,16.4,16.3,,post,1,GOLD,UTILITY,1,limited_1_4,True,0,observed_new,True,post_only
Lux|16.4,P017,Lux,16.4,16.3,,pre,1,GOLD,MIDDLE,1,limited_1_4,True,1,limited_1_4,True,pre_only
Lux|16.4,P019,Lux,16.4,16.3,,post,5,GOLD,UTILITY,1,limited_1_4,True,0,observed_new,True,post_only
Lux|16.4,P025,Lux,16.4,16.3,,pre,1,GOLD,UTILITY,,,False,1,limited_1_4,True,pre_only
Lux|16.4,P028,Lux,16.4,16.3,,pre,1,GOLD,MIDDLE,0,observed_new,True,0,observed_new,True,pre_only
Lux|16.4,P037,Lux,16.4,16.3,,post,1,GOLD,JUNGLE,0,observed_new,True,0,observed_new,True,post_only
Lux|16.4,P045,Lux,16.4,16.3,,post,1,GOLD,UTILITY,1,limited_1_4,True,0,observed_new,True,post_only
Lux|16.4,P063,Lux,16.4,16.3,,post,1,GOLD,MIDDLE,77,established_5plus,True,39,established_5plus,True,post_only
Lux|16.4,P069,Lux,16.4,16.3,,post,2,GOLD,BOTTOM,3,limited_1_4,True,0,observed_new,True,both
Lux|16.4,P069,Lux,16.4,16.3,,pre,3,GOLD,BOTTOM,5,established_5plus,True,1,limited_1_4,True,both
Lux|16.4,P092,Lux,16.4,16.3,,pre,1,GOLD,BOTTOM,,,False,,,False,pre_only
Lux|16.4,P101,Lux,16.4,16.3,,post,5,PLATINUM,TOP,21,established_5plus,True,11,established_5plus,True,both
Lux|16.4,P101,Lux,16.4,16.3,,pre,10,PLATINUM,TOP,17,established_5plus,True,11,established_5plus,True,both
Lux|16.4,P151,Lux,16.4,16.3,,post,4,PLATINUM,UTILITY,43,established_5plus,True,9,established_5plus,True,both
Lux|16.4,P151,Lux,16.4,16.3,,pre,32,PLATINUM,UTILITY,92,established_5plus,True,45,established_5plus,True,both
Lux|16.4,P161,Lux,16.4,16.3,,post,2,PLATINUM,MIDDLE,0,observed_new,True,0,observed_new,True,post_only
Lux|16.4,P175,Lux,16.4,16.3,,post,1,PLATINUM,UTILITY,,,False,10,established_5plus,True,both
Lux|16.4,P175,Lux,16.4,16.3,,pre,4,PLATINUM,UTILITY,,,False,,,False,both
Lux|16.4,P179,Lux,16.4,16.3,,post,1,PLATINUM,JUNGLE,0,observed_new,True,0,observed_new,True,post_only
Lux|16.4,P240,Lux,16.4,16.3,,post,1,EMERALD,BOTTOM,0,observed_new,True,0,observed_new,True,post_only
Lux|16.4,P246,Lux,16.4,16.3,,pre,1,EMERALD,BOTTOM,1,limited_1_4,True,0,observed_new,True,pre_only
Lux|16.4,P279,Lux,16.4,16.3,,post,1,EMERALD,BOTTOM,0,observed_new,True,0,observed_new,True,post_only
Lux|16.4,P284,Lux,16.4,16.3,,post,1,EMERALD,UTILITY,10,established_5plus,True,3,limited_1_4,True,post_only
Lux|16.4,P296,Lux,16.4,16.3,,post,1,EMERALD,UTILITY,,,False,0,observed_new,True,post_only
Lux|16.4,P303,Lux,16.4,16.3,,post,2,DIAMOND,UTILITY,0,observed_new,True,0,observed_new,True,post_only
Lux|16.4,P319,Lux,16.4,16.3,,pre,1,DIAMOND,MIDDLE,0,observed_new,True,0,observed_new,True,pre_only
Lux|16.4,P324,Lux,16.4,16.3,,post,3,DIAMOND,MIDDLE,,,False,2,limited_1_4,True,post_only
Lux|16.4,P327,Lux,16.4,16.3,,pre,1,DIAMOND,UTILITY,,,False,,,False,pre_only
Lux|16.4,P338,Lux,16.4,16.3,,post,1,DIAMOND,UTILITY,0,observed_new,True,0,observed_new,True,post_only
Lux|16.4,P402,Lux,16.4,16.3,,pre,1,MASTER+,UTILITY,0,observed_new,True,0,observed_new,True,pre_only
Lux|16.4,P411,Lux,16.4,16.3,,pre,1,MASTER+,UTILITY,0,observed_new,True,0,observed_new,True,pre_only
Lux|16.4,P430,Lux,16.4,16.3,,post,14,MASTER+,MIDDLE,,,False,36,established_5plus,True,both
Lux|16.4,P430,Lux,16.4,16.3,,pre,25,MASTER+,MIDDLE,,,False,32,established_5plus,True,both
Lux|16.4,P442,Lux,16.4,16.3,,post,5,MASTER+,UTILITY,26,established_5plus,True,14,established_5plus,True,both
Lux|16.4,P442,Lux,16.4,16.3,,pre,8,MASTER+,UTILITY,21,established_5plus,True,9,established_5plus,True,both
Lux|16.4,P477,Lux,16.4,16.3,,pre,1,MASTER+,MIDDLE,,,False,,,False,pre_only
Lux|16.4,P481,Lux,16.4,16.3,,pre,1,MASTER+,JUNGLE,0,observed_new,True,0,observed_new,True,pre_only
Lux|16.4,P494,Lux,16.4,16.3,,pre,1,MASTER+,BOTTOM,2,limited_1_4,True,1,limited_1_4,True,pre_only
Maokai|16.4,P129,Maokai,16.4,16.3,,post,5,PLATINUM,UTILITY,,,False,3,limited_1_4,True,both
Maokai|16.4,P129,Maokai,16.4,16.3,,pre,2,PLATINUM,UTILITY,,,False,4,limited_1_4,True,both
Maokai|16.4,P130,Maokai,16.4,16.3,,post,3,PLATINUM,JUNGLE,0,observed_new,True,0,observed_new,True,post_only
Maokai|16.4,P152,Maokai,16.4,16.3,,post,25,PLATINUM,UTILITY,,,False,2,limited_1_4,True,both
Maokai|16.4,P152,Maokai,16.4,16.3,,pre,2,PLATINUM,UTILITY,,,False,,,False,both
Maokai|16.4,P280,Maokai,16.4,16.3,,post,1,EMERALD,UTILITY,,,False,,,False,post_only
Maokai|16.4,P292,Maokai,16.4,16.3,,pre,2,EMERALD,TOP,5,established_5plus,True,1,limited_1_4,True,pre_only
Maokai|16.4,P296,Maokai,16.4,16.3,,post,1,EMERALD,UTILITY,,,False,2,limited_1_4,True,post_only
Maokai|16.4,P303,Maokai,16.4,16.3,,post,1,DIAMOND,UTILITY,0,observed_new,True,0,observed_new,True,post_only
Maokai|16.4,P338,Maokai,16.4,16.3,,post,1,DIAMOND,UTILITY,0,observed_new,True,0,observed_new,True,post_only
Maokai|16.4,P484,Maokai,16.4,16.3,,pre,2,MASTER+,BOTTOM,0,observed_new,True,0,observed_new,True,pre_only
Naafiri|16.4,P033,Naafiri,16.4,16.3,,post,1,GOLD,MIDDLE,1,limited_1_4,True,0,observed_new,True,both
Naafiri|16.4,P033,Naafiri,16.4,16.3,,pre,2,GOLD,MIDDLE,0,observed_new,True,0,observed_new,True,both
Naafiri|16.4,P125,Naafiri,16.4,16.3,,post,2,PLATINUM,TOP,,,False,0,observed_new,True,post_only
Naafiri|16.4,P198,Naafiri,16.4,16.3,,post,4,PLATINUM,TOP,5,established_5plus,True,3,limited_1_4,True,both
Naafiri|16.4,P198,Naafiri,16.4,16.3,,pre,5,PLATINUM,TOP,0,observed_new,True,0,observed_new,True,both
Naafiri|16.4,P231,Naafiri,16.4,16.3,,pre,1,EMERALD,MIDDLE,,,False,0,observed_new,True,pre_only
Naafiri|16.4,P240,Naafiri,16.4,16.3,,pre,1,EMERALD,BOTTOM,0,observed_new,True,0,observed_new,True,pre_only
Naafiri|16.4,P274,Naafiri,16.4,16.3,,pre,1,EMERALD,MIDDLE,10,established_5plus,True,10,established_5plus,True,pre_only
Naafiri|16.4,P338,Naafiri,16.4,16.3,,post,1,DIAMOND,UTILITY,0,observed_new,True,0,observed_new,True,post_only
Naafiri|16.4,P346,Naafiri,16.4,16.3,,post,1,DIAMOND,MIDDLE,0,observed_new,True,0,observed_new,True,post_only
Naafiri|16.4,P360,Naafiri,16.4,16.3,,pre,1,DIAMOND,MIDDLE,0,observed_new,True,0,observed_new,True,pre_only
Naafiri|16.4,P398,Naafiri,16.4,16.3,,post,2,DIAMOND,JUNGLE,2,limited_1_4,True,2,limited_1_4,True,post_only
Naafiri|16.4,P420,Naafiri,16.4,16.3,,post,1,MASTER+,BOTTOM,1,limited_1_4,True,1,limited_1_4,True,both
Naafiri|16.4,P420,Naafiri,16.4,16.3,,pre,1,MASTER+,BOTTOM,,,False,0,observed_new,True,both
Qiyana|16.4,P110,Qiyana,16.4,16.3,,pre,1,PLATINUM,UTILITY,,,False,,,False,pre_only
Qiyana|16.4,P261,Qiyana,16.4,16.3,,post,1,EMERALD,BOTTOM,0,observed_new,True,0,observed_new,True,post_only
Qiyana|16.4,P267,Qiyana,16.4,16.3,,post,2,EMERALD,JUNGLE,2,limited_1_4,True,0,observed_new,True,post_only
Qiyana|16.4,P269,Qiyana,16.4,16.3,,post,2,EMERALD,MIDDLE,14,established_5plus,True,9,established_5plus,True,both
Qiyana|16.4,P269,Qiyana,16.4,16.3,,pre,1,EMERALD,MIDDLE,13,established_5plus,True,9,established_5plus,True,both
Qiyana|16.4,P305,Qiyana,16.4,16.3,,pre,1,DIAMOND,BOTTOM,2,limited_1_4,True,1,limited_1_4,True,pre_only
Qiyana|16.4,P319,Qiyana,16.4,16.3,,pre,2,DIAMOND,MIDDLE,0,observed_new,True,0,observed_new,True,pre_only
Qiyana|16.4,P335,Qiyana,16.4,16.3,,pre,1,DIAMOND,MIDDLE,0,observed_new,True,0,observed_new,True,pre_only
Qiyana|16.4,P353,Qiyana,16.4,16.3,,post,1,DIAMOND,JUNGLE,11,established_5plus,True,4,limited_1_4,True,both
Qiyana|16.4,P353,Qiyana,16.4,16.3,,pre,2,DIAMOND,JUNGLE,9,established_5plus,True,3,limited_1_4,True,both
Qiyana|16.4,P464,Qiyana,16.4,16.3,,pre,1,MASTER+,JUNGLE,0,observed_new,True,0,observed_new,True,pre_only
Qiyana|16.4,P481,Qiyana,16.4,16.3,,post,1,MASTER+,JUNGLE,11,established_5plus,True,11,established_5plus,True,both
Qiyana|16.4,P481,Qiyana,16.4,16.3,,pre,11,MASTER+,JUNGLE,0,observed_new,True,0,observed_new,True,both
Rengar|16.4,P033,Rengar,16.4,16.3,,post,1,GOLD,MIDDLE,1,limited_1_4,True,0,observed_new,True,both
Rengar|16.4,P033,Rengar,16.4,16.3,,pre,1,GOLD,MIDDLE,0,observed_new,True,0,observed_new,True,both
Rengar|16.4,P087,Rengar,16.4,16.3,,pre,11,GOLD,BOTTOM,3,limited_1_4,True,3,limited_1_4,True,pre_only
Rengar|16.4,P238,Rengar,16.4,16.3,,post,4,EMERALD,JUNGLE,,,False,,,False,post_only
Rengar|16.4,P270,Rengar,16.4,16.3,,pre,1,EMERALD,MIDDLE,,,False,0,observed_new,True,pre_only
Rengar|16.4,P346,Rengar,16.4,16.3,,pre,3,DIAMOND,MIDDLE,,,False,14,established_5plus,True,pre_only
Rengar|16.4,P415,Rengar,16.4,16.3,,pre,3,MASTER+,JUNGLE,,,False,,,False,pre_only
Rengar|16.4,P420,Rengar,16.4,16.3,,post,1,MASTER+,BOTTOM,0,observed_new,True,0,observed_new,True,post_only
Rengar|16.4,P427,Rengar,16.4,16.3,,post,1,MASTER+,BOTTOM,26,established_5plus,True,8,established_5plus,True,post_only
Rumble|16.4,P339,Rumble,16.4,16.3,,post,1,DIAMOND,MIDDLE,51,established_5plus,True,26,established_5plus,True,both
Rumble|16.4,P339,Rumble,16.4,16.3,,pre,22,DIAMOND,MIDDLE,55,established_5plus,True,23,established_5plus,True,both
Rumble|16.4,P453,Rumble,16.4,16.3,,post,8,MASTER+,TOP,,,False,,,False,both
Rumble|16.4,P453,Rumble,16.4,16.3,,pre,2,MASTER+,TOP,,,False,,,False,both
Rumble|16.4,P495,Rumble,16.4,16.3,,pre,1,MASTER+,JUNGLE,3,limited_1_4,True,3,limited_1_4,True,pre_only
Ryze|16.4,P004,Ryze,16.4,16.3,,pre,5,GOLD,MIDDLE,1,limited_1_4,True,1,limited_1_4,True,pre_only
Ryze|16.4,P107,Ryze,16.4,16.3,,pre,4,PLATINUM,MIDDLE,11,established_5plus,True,7,established_5plus,True,pre_only
Ryze|16.4,P198,Ryze,16.4,16.3,,post,1,PLATINUM,TOP,0,observed_new,True,0,observed_new,True,post_only
Ryze|16.4,P213,Ryze,16.4,16.3,,post,1,EMERALD,BOTTOM,0,observed_new,True,0,observed_new,True,post_only
Ryze|16.4,P241,Ryze,16.4,16.3,,pre,1,EMERALD,BOTTOM,6,established_5plus,True,2,limited_1_4,True,pre_only
Ryze|16.4,P360,Ryze,16.4,16.3,,pre,1,DIAMOND,MIDDLE,10,established_5plus,True,7,established_5plus,True,pre_only
Ryze|16.4,P361,Ryze,16.4,16.3,,post,1,DIAMOND,MIDDLE,6,established_5plus,True,5,established_5plus,True,both
Ryze|16.4,P361,Ryze,16.4,16.3,,pre,5,DIAMOND,MIDDLE,3,limited_1_4,True,0,observed_new,True,both
Ryze|16.4,P379,Ryze,16.4,16.3,,pre,1,DIAMOND,UTILITY,0,observed_new,True,0,observed_new,True,pre_only
Ryze|16.4,P402,Ryze,16.4,16.3,,pre,2,MASTER+,UTILITY,0,observed_new,True,0,observed_new,True,pre_only
Ryze|16.4,P418,Ryze,16.4,16.3,,pre,1,MASTER+,MIDDLE,10,established_5plus,True,6,established_5plus,True,pre_only
Ryze|16.4,P419,Ryze,16.4,16.3,,pre,1,MASTER+,BOTTOM,,,False,,,False,pre_only
Ryze|16.4,P452,Ryze,16.4,16.3,,post,1,MASTER+,MIDDLE,10,established_5plus,True,7,established_5plus,True,both
Ryze|16.4,P452,Ryze,16.4,16.3,,pre,4,MASTER+,MIDDLE,6,established_5plus,True,3,limited_1_4,True,both
Ryze|16.4,P462,Ryze,16.4,16.3,,pre,2,MASTER+,MIDDLE,0,observed_new,True,0,observed_new,True,pre_only
Samira|16.4,P053,Samira,16.4,16.3,,post,1,GOLD,TOP,0,observed_new,True,0,observed_new,True,post_only
Samira|16.4,P069,Samira,16.4,16.3,,post,1,GOLD,BOTTOM,0,observed_new,True,0,observed_new,True,post_only
Samira|16.4,P189,Samira,16.4,16.3,,post,1,PLATINUM,TOP,1,limited_1_4,True,1,limited_1_4,True,post_only
Samira|16.4,P208,Samira,16.4,16.3,,pre,2,EMERALD,JUNGLE,0,observed_new,True,0,observed_new,True,pre_only
Samira|16.4,P240,Samira,16.4,16.3,,pre,1,EMERALD,BOTTOM,0,observed_new,True,0,observed_new,True,pre_only
Samira|16.4,P248,Samira,16.4,16.3,,pre,1,EMERALD,JUNGLE,,,False,1,limited_1_4,True,pre_only
Samira|16.4,P261,Samira,16.4,16.3,,post,1,EMERALD,BOTTOM,0,observed_new,True,0,observed_new,True,post_only
Samira|16.4,P267,Samira,16.4,16.3,,pre,1,EMERALD,JUNGLE,0,observed_new,True,0,observed_new,True,pre_only
Samira|16.4,P361,Samira,16.4,16.3,,pre,1,DIAMOND,MIDDLE,2,limited_1_4,True,1,limited_1_4,True,pre_only
Senna|16.4,P019,Senna,16.4,16.3,,post,1,GOLD,UTILITY,25,established_5plus,True,4,limited_1_4,True,both
Senna|16.4,P019,Senna,16.4,16.3,,pre,2,GOLD,UTILITY,31,established_5plus,True,6,established_5plus,True,both
Senna|16.4,P028,Senna,16.4,16.3,,pre,1,GOLD,MIDDLE,0,observed_new,True,0,observed_new,True,pre_only
Senna|16.4,P062,Senna,16.4,16.3,,post,1,GOLD,UTILITY,,,False,,,False,post_only
Senna|16.4,P069,Senna,16.4,16.3,,post,1,GOLD,BOTTOM,1,limited_1_4,True,0,observed_new,True,both
Senna|16.4,P069,Senna,16.4,16.3,,pre,2,GOLD,BOTTOM,,,False,1,limited_1_4,True,both
Senna|16.4,P129,Senna,16.4,16.3,,post,12,PLATINUM,UTILITY,,,False,16,established_5plus,True,both
Senna|16.4,P129,Senna,16.4,16.3,,pre,11,PLATINUM,UTILITY,,,False,5,established_5plus,True,both
Senna|16.4,P152,Senna,16.4,16.3,,post,1,PLATINUM,UTILITY,0,observed_new,True,0,observed_new,True,post_only
Senna|16.4,P161,Senna,16.4,16.3,,post,1,PLATINUM,MIDDLE,0,observed_new,True,0,observed_new,True,post_only
Senna|16.4,P189,Senna,16.4,16.3,,post,2,PLATINUM,TOP,2,limited_1_4,True,1,limited_1_4,True,post_only
Senna|16.4,P198,Senna,16.4,16.3,,pre,1,PLATINUM,TOP,0,observed_new,True,0,observed_new,True,pre_only
Senna|16.4,P240,Senna,16.4,16.3,,post,2,EMERALD,BOTTOM,0,observed_new,True,0,observed_new,True,post_only
Senna|16.4,P272,Senna,16.4,16.3,,post,1,EMERALD,UTILITY,2,limited_1_4,True,0,observed_new,True,post_only
Senna|16.4,P287,Senna,16.4,16.3,,pre,1,EMERALD,UTILITY,,,False,8,established_5plus,True,pre_only
Senna|16.4,P303,Senna,16.4,16.3,,post,1,DIAMOND,UTILITY,3,limited_1_4,True,3,limited_1_4,True,both
Senna|16.4,P303,Senna,16.4,16.3,,pre,3,DIAMOND,UTILITY,0,observed_new,True,0,observed_new,True,both
Senna|16.4,P305,Senna,16.4,16.3,,pre,1,DIAMOND,BOTTOM,0,observed_new,True,0,observed_new,True,pre_only
Senna|16.4,P307,Senna,16.4,16.3,,post,2,DIAMOND,BOTTOM,0,observed_new,True,0,observed_new,True,post_only
Senna|16.4,P324,Senna,16.4,16.3,,post,1,DIAMOND,MIDDLE,1,limited_1_4,True,0,observed_new,True,post_only
Senna|16.4,P327,Senna,16.4,16.3,,post,1,DIAMOND,UTILITY,,,False,,,False,both
Senna|16.4,P327,Senna,16.4,16.3,,pre,1,DIAMOND,UTILITY,,,False,,,False,both
Senna|16.4,P388,Senna,16.4,16.3,,post,2,DIAMOND,UTILITY,2,limited_1_4,True,1,limited_1_4,True,both
Senna|16.4,P388,Senna,16.4,16.3,,pre,1,DIAMOND,UTILITY,1,limited_1_4,True,0,observed_new,True,both
Senna|16.4,P401,Senna,16.4,16.3,,post,1,MASTER+,UTILITY,,,False,,,False,post_only
Senna|16.4,P405,Senna,16.4,16.3,,pre,1,MASTER+,UTILITY,,,False,,,False,pre_only
Senna|16.4,P442,Senna,16.4,16.3,,pre,1,MASTER+,UTILITY,0,observed_new,True,0,observed_new,True,pre_only
Swain|16.4,P018,Swain,16.4,16.3,,pre,1,GOLD,MIDDLE,,,False,0,observed_new,True,pre_only
Swain|16.4,P035,Swain,16.4,16.3,,pre,1,GOLD,UTILITY,0,observed_new,True,0,observed_new,True,pre_only
Swain|16.4,P053,Swain,16.4,16.3,,post,1,GOLD,TOP,0,observed_new,True,0,observed_new,True,post_only
Swain|16.4,P076,Swain,16.4,16.3,,post,1,GOLD,BOTTOM,,,False,0,observed_new,True,post_only
Swain|16.4,P125,Swain,16.4,16.3,,pre,1,PLATINUM,TOP,,,False,0,observed_new,True,pre_only
Swain|16.4,P146,Swain,16.4,16.3,,post,2,PLATINUM,MIDDLE,1,limited_1_4,True,1,limited_1_4,True,both
Swain|16.4,P146,Swain,16.4,16.3,,pre,1,PLATINUM,MIDDLE,0,observed_new,True,0,observed_new,True,both
Swain|16.4,P198,Swain,16.4,16.3,,post,2,PLATINUM,TOP,3,limited_1_4,True,2,limited_1_4,True,both
Swain|16.4,P198,Swain,16.4,16.3,,pre,4,PLATINUM,TOP,1,limited_1_4,True,0,observed_new,True,both
Swain|16.4,P199,Swain,16.4,16.3,,pre,4,PLATINUM,TOP,13,established_5plus,True,11,established_5plus,True,pre_only
Swain|16.4,P206,Swain,16.4,16.3,,post,4,EMERALD,TOP,,,False,,,False,post_only
Swain|16.4,P233,Swain,16.4,16.3,,post,1,EMERALD,BOTTOM,1,limited_1_4,True,1,limited_1_4,True,post_only
Swain|16.4,P251,Swain,16.4,16.3,,post,1,EMERALD,TOP,7,established_5plus,True,0,observed_new,True,both
Swain|16.4,P251,Swain,16.4,16.3,,pre,2,EMERALD,TOP,12,established_5plus,True,5,established_5plus,True,both
Swain|16.4,P280,Swain,16.4,16.3,,pre,1,EMERALD,UTILITY,,,False,,,False,pre_only
Swain|16.4,P282,Swain,16.4,16.3,,pre,1,EMERALD,UTILITY,3,limited_1_4,True,0,observed_new,True,pre_only
Swain|16.4,P287,Swain,16.4,16.3,,pre,1,EMERALD,UTILITY,,,False,1,limited_1_4,True,pre_only
Swain|16.4,P307,Swain,16.4,16.3,,post,1,DIAMOND,BOTTOM,5,established_5plus,True,5,established_5plus,True,both
Swain|16.4,P307,Swain,16.4,16.3,,pre,5,DIAMOND,BOTTOM,,,False,0,observed_new,True,both
Swain|16.4,P338,Swain,16.4,16.3,,post,1,DIAMOND,UTILITY,0,observed_new,True,0,observed_new,True,post_only
Swain|16.4,P401,Swain,16.4,16.3,,post,1,MASTER+,UTILITY,,,False,,,False,both
Swain|16.4,P401,Swain,16.4,16.3,,pre,1,MASTER+,UTILITY,,,False,,,False,both
Swain|16.4,P428,Swain,16.4,16.3,,post,9,MASTER+,MIDDLE,,,False,,,False,both
Swain|16.4,P428,Swain,16.4,16.3,,pre,3,MASTER+,MIDDLE,,,False,,,False,both
Swain|16.4,P460,Swain,16.4,16.3,,post,2,MASTER+,MIDDLE,6,established_5plus,True,4,limited_1_4,True,both
Swain|16.4,P460,Swain,16.4,16.3,,pre,1,MASTER+,MIDDLE,7,established_5plus,True,3,limited_1_4,True,both
Syndra|16.4,P092,Syndra,16.4,16.3,,post,1,GOLD,BOTTOM,,,False,0,observed_new,True,post_only
Syndra|16.4,P144,Syndra,16.4,16.3,,post,1,PLATINUM,MIDDLE,,,False,,,False,post_only
Syndra|16.4,P146,Syndra,16.4,16.3,,post,1,PLATINUM,MIDDLE,7,established_5plus,True,2,limited_1_4,True,both
Syndra|16.4,P146,Syndra,16.4,16.3,,pre,2,PLATINUM,MIDDLE,7,established_5plus,True,0,observed_new,True,both
Syndra|16.4,P189,Syndra,16.4,16.3,,post,1,PLATINUM,TOP,0,observed_new,True,0,observed_new,True,post_only
Syndra|16.4,P198,Syndra,16.4,16.3,,pre,3,PLATINUM,TOP,0,observed_new,True,0,observed_new,True,pre_only
Syndra|16.4,P202,Syndra,16.4,16.3,,pre,1,EMERALD,BOTTOM,2,limited_1_4,True,0,observed_new,True,pre_only
Syndra|16.4,P209,Syndra,16.4,16.3,,post,7,EMERALD,MIDDLE,79,established_5plus,True,43,established_5plus,True,both
Syndra|16.4,P209,Syndra,16.4,16.3,,pre,30,EMERALD,MIDDLE,69,established_5plus,True,39,established_5plus,True,both
Syndra|16.4,P217,Syndra,16.4,16.3,,pre,2,EMERALD,TOP,,,False,5,established_5plus,True,pre_only
Syndra|16.4,P247,Syndra,16.4,16.3,,post,2,EMERALD,MIDDLE,,,False,,,False,post_only
Syndra|16.4,P269,Syndra,16.4,16.3,,pre,2,EMERALD,MIDDLE,64,established_5plus,True,30,established_5plus,True,pre_only
Syndra|16.4,P303,Syndra,16.4,16.3,,post,1,DIAMOND,UTILITY,0,observed_new,True,0,observed_new,True,post_only
Syndra|16.4,P307,Syndra,16.4,16.3,,pre,1,DIAMOND,BOTTOM,,,False,0,observed_new,True,pre_only
Syndra|16.4,P339,Syndra,16.4,16.3,,pre,1,DIAMOND,MIDDLE,1,limited_1_4,True,0,observed_new,True,pre_only
Syndra|16.4,P356,Syndra,16.4,16.3,,post,6,DIAMOND,MIDDLE,6,established_5plus,True,6,established_5plus,True,both
Syndra|16.4,P356,Syndra,16.4,16.3,,pre,6,DIAMOND,MIDDLE,,,False,0,observed_new,True,both
Syndra|16.4,P360,Syndra,16.4,16.3,,pre,1,DIAMOND,MIDDLE,0,observed_new,True,0,observed_new,True,pre_only
Syndra|16.4,P361,Syndra,16.4,16.3,,post,1,DIAMOND,MIDDLE,13,established_5plus,True,4,limited_1_4,True,both
Syndra|16.4,P361,Syndra,16.4,16.3,,pre,3,DIAMOND,MIDDLE,10,established_5plus,True,2,limited_1_4,True,both
Syndra|16.4,P410,Syndra,16.4,16.3,,post,1,MASTER+,UTILITY,,,False,1,limited_1_4,True,post_only
Syndra|16.4,P462,Syndra,16.4,16.3,,post,2,MASTER+,MIDDLE,3,limited_1_4,True,3,limited_1_4,True,post_only
Teemo|16.4,P037,Teemo,16.4,16.3,,pre,1,GOLD,JUNGLE,0,observed_new,True,0,observed_new,True,pre_only
Teemo|16.4,P069,Teemo,16.4,16.3,,post,1,GOLD,BOTTOM,0,observed_new,True,0,observed_new,True,post_only
Teemo|16.4,P070,Teemo,16.4,16.3,,pre,1,GOLD,TOP,0,observed_new,True,0,observed_new,True,pre_only
Teemo|16.4,P152,Teemo,16.4,16.3,,post,2,PLATINUM,UTILITY,,,False,4,limited_1_4,True,both
Teemo|16.4,P152,Teemo,16.4,16.3,,pre,3,PLATINUM,UTILITY,,,False,,,False,both
Teemo|16.4,P189,Teemo,16.4,16.3,,post,1,PLATINUM,TOP,0,observed_new,True,0,observed_new,True,post_only
Teemo|16.4,P305,Teemo,16.4,16.3,,pre,1,DIAMOND,BOTTOM,1,limited_1_4,True,0,observed_new,True,pre_only
Teemo|16.4,P346,Teemo,16.4,16.3,,post,1,DIAMOND,MIDDLE,1,limited_1_4,True,1,limited_1_4,True,post_only
Teemo|16.4,P381,Teemo,16.4,16.3,,post,2,DIAMOND,JUNGLE,4,limited_1_4,True,4,limited_1_4,True,both
Teemo|16.4,P381,Teemo,16.4,16.3,,pre,4,DIAMOND,JUNGLE,0,observed_new,True,0,observed_new,True,both
Teemo|16.4,P394,Teemo,16.4,16.3,,post,44,DIAMOND,TOP,99,established_5plus,True,49,established_5plus,True,both
Teemo|16.4,P394,Teemo,16.4,16.3,,pre,42,DIAMOND,TOP,99,established_5plus,True,49,established_5plus,True,both
Teemo|16.4,P445,Teemo,16.4,16.3,,post,1,MASTER+,UTILITY,,,False,,,False,post_only
Teemo|16.4,P469,Teemo,16.4,16.3,,post,10,MASTER+,TOP,,,False,31,established_5plus,True,both
Teemo|16.4,P469,Teemo,16.4,16.3,,pre,26,MASTER+,TOP,,,False,,,False,both
Teemo|16.4,P471,Teemo,16.4,16.3,,pre,2,MASTER+,TOP,,,False,,,False,pre_only
Twitch|16.4,P004,Twitch,16.4,16.3,,pre,1,GOLD,MIDDLE,0,observed_new,True,0,observed_new,True,pre_only
Twitch|16.4,P015,Twitch,16.4,16.3,,pre,1,GOLD,MIDDLE,,,False,,,False,pre_only
Twitch|16.4,P029,Twitch,16.4,16.3,,post,1,GOLD,TOP,5,established_5plus,True,0,observed_new,True,post_only
Twitch|16.4,P033,Twitch,16.4,16.3,,post,1,GOLD,MIDDLE,0,observed_new,True,0,observed_new,True,post_only
Twitch|16.4,P034,Twitch,16.4,16.3,,pre,1,GOLD,BOTTOM,,,False,3,limited_1_4,True,pre_only
Twitch|16.4,P156,Twitch,16.4,16.3,,post,1,PLATINUM,JUNGLE,5,established_5plus,True,3,limited_1_4,True,both
Twitch|16.4,P156,Twitch,16.4,16.3,,pre,1,PLATINUM,JUNGLE,4,limited_1_4,True,2,limited_1_4,True,both
Twitch|16.4,P192,Twitch,16.4,16.3,,post,1,PLATINUM,TOP,0,observed_new,True,0,observed_new,True,post_only
Twitch|16.4,P251,Twitch,16.4,16.3,,post,3,EMERALD,TOP,0,observed_new,True,0,observed_new,True,post_only
Twitch|16.4,P261,Twitch,16.4,16.3,,post,3,EMERALD,BOTTOM,4,limited_1_4,True,2,limited_1_4,True,post_only
Twitch|16.4,P276,Twitch,16.4,16.3,,pre,1,EMERALD,TOP,0,observed_new,True,0,observed_new,True,pre_only
Twitch|16.4,P279,Twitch,16.4,16.3,,post,37,EMERALD,BOTTOM,0,observed_new,True,0,observed_new,True,post_only
Twitch|16.4,P311,Twitch,16.4,16.3,,post,4,DIAMOND,JUNGLE,,,False,,,False,both
Twitch|16.4,P311,Twitch,16.4,16.3,,pre,8,DIAMOND,JUNGLE,,,False,,,False,both
Twitch|16.4,P338,Twitch,16.4,16.3,,post,1,DIAMOND,UTILITY,1,limited_1_4,True,0,observed_new,True,both
Twitch|16.4,P338,Twitch,16.4,16.3,,pre,1,DIAMOND,UTILITY,3,limited_1_4,True,0,observed_new,True,both
Twitch|16.4,P346,Twitch,16.4,16.3,,post,1,DIAMOND,MIDDLE,0,observed_new,True,0,observed_new,True,post_only
Twitch|16.4,P348,Twitch,16.4,16.3,,post,3,DIAMOND,BOTTOM,2,limited_1_4,True,2,limited_1_4,True,both
Twitch|16.4,P348,Twitch,16.4,16.3,,pre,2,DIAMOND,BOTTOM,0,observed_new,True,0,observed_new,True,both
Twitch|16.4,P374,Twitch,16.4,16.3,,post,2,DIAMOND,UTILITY,,,False,,,False,post_only
Twitch|16.4,P430,Twitch,16.4,16.3,,pre,2,MASTER+,MIDDLE,,,False,1,limited_1_4,True,pre_only
Twitch|16.4,P433,Twitch,16.4,16.3,,pre,2,MASTER+,BOTTOM,,,False,,,False,pre_only
Twitch|16.4,P484,Twitch,16.4,16.3,,post,2,MASTER+,BOTTOM,0,observed_new,True,0,observed_new,True,post_only
Udyr|16.4,P033,Udyr,16.4,16.3,,pre,4,GOLD,MIDDLE,0,observed_new,True,0,observed_new,True,pre_only
Udyr|16.4,P125,Udyr,16.4,16.3,,pre,1,PLATINUM,TOP,,,False,0,observed_new,True,pre_only
Udyr|16.4,P329,Udyr,16.4,16.3,,post,11,DIAMOND,JUNGLE,0,observed_new,True,0,observed_new,True,post_only
Udyr|16.4,P338,Udyr,16.4,16.3,,post,1,DIAMOND,UTILITY,0,observed_new,True,0,observed_new,True,post_only
Udyr|16.4,P373,Udyr,16.4,16.3,,pre,1,DIAMOND,TOP,,,False,,,False,pre_only
Udyr|16.4,P415,Udyr,16.4,16.3,,pre,3,MASTER+,JUNGLE,,,False,,,False,pre_only
Xayah|16.4,P161,Xayah,16.4,16.3,,post,6,PLATINUM,MIDDLE,1,limited_1_4,True,1,limited_1_4,True,both
Xayah|16.4,P161,Xayah,16.4,16.3,,pre,1,PLATINUM,MIDDLE,,,False,0,observed_new,True,both
Xayah|16.4,P192,Xayah,16.4,16.3,,post,2,PLATINUM,TOP,1,limited_1_4,True,1,limited_1_4,True,post_only
Xayah|16.4,P208,Xayah,16.4,16.3,,post,4,EMERALD,JUNGLE,3,limited_1_4,True,0,observed_new,True,both
Xayah|16.4,P208,Xayah,16.4,16.3,,pre,3,EMERALD,JUNGLE,0,observed_new,True,0,observed_new,True,both
Xayah|16.4,P220,Xayah,16.4,16.3,,pre,1,EMERALD,BOTTOM,0,observed_new,True,0,observed_new,True,pre_only
Xayah|16.4,P240,Xayah,16.4,16.3,,post,1,EMERALD,BOTTOM,0,observed_new,True,0,observed_new,True,post_only
Xayah|16.4,P251,Xayah,16.4,16.3,,post,4,EMERALD,TOP,1,limited_1_4,True,0,observed_new,True,both
Xayah|16.4,P251,Xayah,16.4,16.3,,pre,1,EMERALD,TOP,0,observed_new,True,0,observed_new,True,both
Xayah|16.4,P261,Xayah,16.4,16.3,,post,1,EMERALD,BOTTOM,5,established_5plus,True,1,limited_1_4,True,post_only
Xayah|16.4,P279,Xayah,16.4,16.3,,post,1,EMERALD,BOTTOM,0,observed_new,True,0,observed_new,True,post_only
Xayah|16.4,P326,Xayah,16.4,16.3,,pre,1,DIAMOND,BOTTOM,,,False,,,False,pre_only
Xayah|16.4,P332,Xayah,16.4,16.3,,post,5,DIAMOND,BOTTOM,,,False,,,False,post_only
Xayah|16.4,P333,Xayah,16.4,16.3,,post,1,DIAMOND,BOTTOM,2,limited_1_4,True,1,limited_1_4,True,both
Xayah|16.4,P333,Xayah,16.4,16.3,,pre,1,DIAMOND,BOTTOM,,,False,0,observed_new,True,both
Xayah|16.4,P419,Xayah,16.4,16.3,,post,1,MASTER+,BOTTOM,,,False,0,observed_new,True,post_only
Xayah|16.4,P433,Xayah,16.4,16.3,,pre,1,MASTER+,BOTTOM,,,False,,,False,pre_only
Zac|16.4,P033,Zac,16.4,16.3,,pre,1,GOLD,MIDDLE,0,observed_new,True,0,observed_new,True,pre_only
Zac|16.4,P076,Zac,16.4,16.3,,post,1,GOLD,BOTTOM,,,False,,,False,post_only
Zac|16.4,P091,Zac,16.4,16.3,,pre,1,GOLD,BOTTOM,0,observed_new,True,0,observed_new,True,pre_only
Zac|16.4,P142,Zac,16.4,16.3,,post,5,PLATINUM,UTILITY,,,False,,,False,post_only
Zac|16.4,P179,Zac,16.4,16.3,,post,25,PLATINUM,JUNGLE,65,established_5plus,True,47,established_5plus,True,both
Zac|16.4,P179,Zac,16.4,16.3,,pre,44,PLATINUM,JUNGLE,,,False,20,established_5plus,True,both
Zac|16.4,P411,Zac,16.4,16.3,,post,3,MASTER+,UTILITY,7,established_5plus,True,1,limited_1_4,True,post_only
Zac|16.4,P415,Zac,16.4,16.3,,pre,1,MASTER+,JUNGLE,,,False,,,False,pre_only
Zac|16.4,P428,Zac,16.4,16.3,,post,1,MASTER+,MIDDLE,,,False,,,False,post_only
Zac|16.4,P476,Zac,16.4,16.3,,post,2,MASTER+,JUNGLE,29,established_5plus,True,8,established_5plus,True,both
Zac|16.4,P476,Zac,16.4,16.3,,pre,2,MASTER+,JUNGLE,28,established_5plus,True,7,established_5plus,True,both
Akali|16.5,P092,Akali,16.5,16.4,,post,2,GOLD,BOTTOM,2,limited_1_4,True,2,limited_1_4,True,both
Akali|16.5,P092,Akali,16.5,16.4,,pre,2,GOLD,BOTTOM,,,False,0,observed_new,True,both
Akali|16.5,P107,Akali,16.5,16.4,,pre,1,PLATINUM,MIDDLE,1,limited_1_4,True,0,observed_new,True,pre_only
Akali|16.5,P116,Akali,16.5,16.4,,post,1,PLATINUM,TOP,0,observed_new,True,0,observed_new,True,post_only
Akali|16.5,P146,Akali,16.5,16.4,,post,1,PLATINUM,MIDDLE,3,limited_1_4,True,1,limited_1_4,True,post_only
Akali|16.5,P154,Akali,16.5,16.4,,pre,3,PLATINUM,MIDDLE,,,False,,,False,pre_only
Akali|16.5,P157,Akali,16.5,16.4,,pre,1,PLATINUM,TOP,0,observed_new,True,0,observed_new,True,pre_only
Akali|16.5,P161,Akali,16.5,16.4,,pre,1,PLATINUM,MIDDLE,0,observed_new,True,0,observed_new,True,pre_only
Akali|16.5,P184,Akali,16.5,16.4,,post,2,PLATINUM,TOP,,,False,,,False,post_only
Akali|16.5,P189,Akali,16.5,16.4,,pre,1,PLATINUM,TOP,1,limited_1_4,True,0,observed_new,True,pre_only
Akali|16.5,P196,Akali,16.5,16.4,,pre,1,PLATINUM,JUNGLE,,,False,,,False,pre_only
Akali|16.5,P213,Akali,16.5,16.4,,pre,1,EMERALD,BOTTOM,0,observed_new,True,0,observed_new,True,pre_only
Akali|16.5,P240,Akali,16.5,16.4,,post,2,EMERALD,BOTTOM,1,limited_1_4,True,0,observed_new,True,both
Akali|16.5,P240,Akali,16.5,16.4,,pre,1,EMERALD,BOTTOM,3,limited_1_4,True,0,observed_new,True,both
Akali|16.5,P257,Akali,16.5,16.4,,pre,1,EMERALD,MIDDLE,3,limited_1_4,True,1,limited_1_4,True,pre_only
Akali|16.5,P261,Akali,16.5,16.4,,pre,9,EMERALD,BOTTOM,0,observed_new,True,0,observed_new,True,pre_only
Akali|16.5,P303,Akali,16.5,16.4,,post,1,DIAMOND,UTILITY,0,observed_new,True,0,observed_new,True,post_only
Akali|16.5,P307,Akali,16.5,16.4,,post,1,DIAMOND,BOTTOM,0,observed_new,True,0,observed_new,True,post_only
Akali|16.5,P348,Akali,16.5,16.4,,post,2,DIAMOND,BOTTOM,3,limited_1_4,True,2,limited_1_4,True,both
Akali|16.5,P348,Akali,16.5,16.4,,pre,2,DIAMOND,BOTTOM,1,limited_1_4,True,1,limited_1_4,True,both
Akali|16.5,P353,Akali,16.5,16.4,,post,3,DIAMOND,JUNGLE,14,established_5plus,True,14,established_5plus,True,post_only
Akali|16.5,P360,Akali,16.5,16.4,,post,2,DIAMOND,MIDDLE,4,limited_1_4,True,2,limited_1_4,True,post_only
Akali|16.5,P361,Akali,16.5,16.4,,pre,2,DIAMOND,MIDDLE,3,limited_1_4,True,1,limited_1_4,True,pre_only
Akali|16.5,P365,Akali,16.5,16.4,,post,1,DIAMOND,TOP,2,limited_1_4,True,0,observed_new,True,post_only
Akali|16.5,P419,Akali,16.5,16.4,,post,1,MASTER+,BOTTOM,4,limited_1_4,True,1,limited_1_4,True,both
Akali|16.5,P419,Akali,16.5,16.4,,pre,1,MASTER+,BOTTOM,7,established_5plus,True,2,limited_1_4,True,both
Akali|16.5,P449,Akali,16.5,16.4,,post,5,MASTER+,JUNGLE,60,established_5plus,True,34,established_5plus,True,both
Akali|16.5,P449,Akali,16.5,16.4,,pre,45,MASTER+,JUNGLE,47,established_5plus,True,22,established_5plus,True,both
Akali|16.5,P462,Akali,16.5,16.4,,pre,1,MASTER+,MIDDLE,2,limited_1_4,True,0,observed_new,True,pre_only
Azir|16.5,P029,Azir,16.5,16.4,,pre,1,GOLD,TOP,0,observed_new,True,0,observed_new,True,pre_only
Azir|16.5,P125,Azir,16.5,16.4,,pre,2,PLATINUM,TOP,,,False,0,observed_new,True,pre_only
Azir|16.5,P248,Azir,16.5,16.4,,post,1,EMERALD,JUNGLE,,,False,1,limited_1_4,True,post_only
Azir|16.5,P489,Azir,16.5,16.4,,post,2,MASTER+,BOTTOM,,,False,,,False,post_only
Garen|16.5,P029,Garen,16.5,16.4,,post,1,GOLD,TOP,0,observed_new,True,0,observed_new,True,post_only
Garen|16.5,P034,Garen,16.5,16.4,,post,1,GOLD,BOTTOM,1,limited_1_4,True,1,limited_1_4,True,post_only
Garen|16.5,P037,Garen,16.5,16.4,,post,2,GOLD,JUNGLE,1,limited_1_4,True,1,limited_1_4,True,post_only
Garen|16.5,P066,Garen,16.5,16.4,,post,1,GOLD,MIDDLE,0,observed_new,True,0,observed_new,True,post_only
Garen|16.5,P070,Garen,16.5,16.4,,post,7,GOLD,TOP,5,established_5plus,True,4,limited_1_4,True,both
Garen|16.5,P070,Garen,16.5,16.4,,pre,1,GOLD,TOP,5,established_5plus,True,4,limited_1_4,True,both
Garen|16.5,P079,Garen,16.5,16.4,,pre,11,GOLD,TOP,,,False,,,False,pre_only
Garen|16.5,P086,Garen,16.5,16.4,,post,4,GOLD,BOTTOM,0,observed_new,True,0,observed_new,True,post_only
Garen|16.5,P094,Garen,16.5,16.4,,post,2,GOLD,JUNGLE,13,established_5plus,True,4,limited_1_4,True,both
Garen|16.5,P094,Garen,16.5,16.4,,pre,4,GOLD,JUNGLE,,,False,8,established_5plus,True,both
Garen|16.5,P101,Garen,16.5,16.4,,post,2,PLATINUM,TOP,6,established_5plus,True,2,limited_1_4,True,both
Garen|16.5,P101,Garen,16.5,16.4,,pre,1,PLATINUM,TOP,11,established_5plus,True,4,limited_1_4,True,both
Garen|16.5,P104,Garen,16.5,16.4,,post,3,PLATINUM,JUNGLE,,,False,0,observed_new,True,post_only
Garen|16.5,P152,Garen,16.5,16.4,,pre,1,PLATINUM,UTILITY,,,False,2,limited_1_4,True,pre_only
Garen|16.5,P189,Garen,16.5,16.4,,post,1,PLATINUM,TOP,0,observed_new,True,0,observed_new,True,post_only
Garen|16.5,P193,Garen,16.5,16.4,,post,1,PLATINUM,JUNGLE,,,False,,,False,post_only
Garen|16.5,P208,Garen,16.5,16.4,,post,1,EMERALD,JUNGLE,0,observed_new,True,0,observed_new,True,post_only
Garen|16.5,P236,Garen,16.5,16.4,,post,1,EMERALD,UTILITY,,,False,,,False,both
Garen|16.5,P236,Garen,16.5,16.4,,pre,1,EMERALD,UTILITY,,,False,,,False,both
Garen|16.5,P245,Garen,16.5,16.4,,post,3,EMERALD,TOP,0,observed_new,True,0,observed_new,True,post_only
Garen|16.5,P250,Garen,16.5,16.4,,post,1,EMERALD,TOP,0,observed_new,True,0,observed_new,True,post_only
Garen|16.5,P281,Garen,16.5,16.4,,post,3,EMERALD,TOP,5,established_5plus,True,4,limited_1_4,True,both
Garen|16.5,P281,Garen,16.5,16.4,,pre,1,EMERALD,TOP,4,limited_1_4,True,3,limited_1_4,True,both
Garen|16.5,P346,Garen,16.5,16.4,,pre,1,DIAMOND,MIDDLE,3,limited_1_4,True,1,limited_1_4,True,pre_only
Garen|16.5,P365,Garen,16.5,16.4,,post,4,DIAMOND,TOP,4,limited_1_4,True,1,limited_1_4,True,both
Garen|16.5,P365,Garen,16.5,16.4,,pre,1,DIAMOND,TOP,3,limited_1_4,True,1,limited_1_4,True,both
Garen|16.5,P373,Garen,16.5,16.4,,post,1,DIAMOND,TOP,,,False,0,observed_new,True,post_only
Garen|16.5,P430,Garen,16.5,16.4,,post,1,MASTER+,MIDDLE,0,observed_new,True,0,observed_new,True,post_only
Garen|16.5,P469,Garen,16.5,16.4,,pre,1,MASTER+,TOP,,,False,3,limited_1_4,True,pre_only
Garen|16.5,P484,Garen,16.5,16.4,,post,1,MASTER+,BOTTOM,0,observed_new,True,0,observed_new,True,post_only
Lillia|16.5,P158,Lillia,16.5,16.4,,post,1,PLATINUM,JUNGLE,25,established_5plus,True,2,limited_1_4,True,post_only
Lillia|16.5,P169,Lillia,16.5,16.4,,post,2,PLATINUM,BOTTOM,1,limited_1_4,True,1,limited_1_4,True,post_only
Lillia|16.5,P189,Lillia,16.5,16.4,,pre,1,PLATINUM,TOP,0,observed_new,True,0,observed_new,True,pre_only
Lillia|16.5,P231,Lillia,16.5,16.4,,pre,1,EMERALD,MIDDLE,0,observed_new,True,0,observed_new,True,pre_only
Lillia|16.5,P242,Lillia,16.5,16.4,,post,1,EMERALD,JUNGLE,,,False,40,established_5plus,True,post_only
Lillia|16.5,P248,Lillia,16.5,16.4,,post,1,EMERALD,JUNGLE,,,False,0,observed_new,True,post_only
Lillia|16.5,P359,Lillia,16.5,16.4,,post,2,DIAMOND,UTILITY,,,False,0,observed_new,True,post_only
Lillia|16.5,P378,Lillia,16.5,16.4,,post,3,DIAMOND,JUNGLE,16,established_5plus,True,10,established_5plus,True,both
Lillia|16.5,P378,Lillia,16.5,16.4,,pre,2,DIAMOND,JUNGLE,15,established_5plus,True,9,established_5plus,True,both
Lillia|16.5,P403,Lillia,16.5,16.4,,pre,1,MASTER+,JUNGLE,0,observed_new,True,0,observed_new,True,pre_only
Lillia|16.5,P450,Lillia,16.5,16.4,,post,1,MASTER+,JUNGLE,0,observed_new,True,0,observed_new,True,post_only
Mel|16.5,P033,Mel,16.5,16.4,,post,1,GOLD,MIDDLE,0,observed_new,True,0,observed_new,True,post_only
Mel|16.5,P069,Mel,16.5,16.4,,post,15,GOLD,BOTTOM,3,limited_1_4,True,2,limited_1_4,True,both
Mel|16.5,P069,Mel,16.5,16.4,,pre,3,GOLD,BOTTOM,15,established_5plus,True,6,established_5plus,True,both
Mel|16.5,P138,Mel,16.5,16.4,,post,2,PLATINUM,MIDDLE,11,established_5plus,True,1,limited_1_4,True,post_only
Mel|16.5,P213,Mel,16.5,16.4,,post,1,EMERALD,BOTTOM,2,limited_1_4,True,1,limited_1_4,True,post_only
Mel|16.5,P233,Mel,16.5,16.4,,pre,1,EMERALD,BOTTOM,2,limited_1_4,True,0,observed_new,True,pre_only
Mel|16.5,P262,Mel,16.5,16.4,,post,1,EMERALD,MIDDLE,,,False,5,established_5plus,True,post_only
Mel|16.5,P303,Mel,16.5,16.4,,post,1,DIAMOND,UTILITY,0,observed_new,True,0,observed_new,True,post_only
Mel|16.5,P351,Mel,16.5,16.4,,post,1,DIAMOND,MIDDLE,,,False,,,False,post_only
Mel|16.5,P440,Mel,16.5,16.4,,pre,1,MASTER+,UTILITY,12,established_5plus,True,5,established_5plus,True,pre_only
Mel|16.5,P448,Mel,16.5,16.4,,post,1,MASTER+,UTILITY,0,observed_new,True,0,observed_new,True,post_only
Mel|16.5,P455,Mel,16.5,16.4,,post,2,MASTER+,MIDDLE,3,limited_1_4,True,3,limited_1_4,True,both
Mel|16.5,P455,Mel,16.5,16.4,,pre,3,MASTER+,MIDDLE,0,observed_new,True,0,observed_new,True,both
Mel|16.5,P462,Mel,16.5,16.4,,post,1,MASTER+,MIDDLE,0,observed_new,True,0,observed_new,True,post_only
Mel|16.5,P494,Mel,16.5,16.4,,post,2,MASTER+,BOTTOM,3,limited_1_4,True,2,limited_1_4,True,both
Mel|16.5,P494,Mel,16.5,16.4,,pre,1,MASTER+,BOTTOM,2,limited_1_4,True,1,limited_1_4,True,both
Neeko|16.5,P006,Neeko,16.5,16.4,,pre,1,GOLD,UTILITY,3,limited_1_4,True,1,limited_1_4,True,pre_only
Neeko|16.5,P116,Neeko,16.5,16.4,,post,1,PLATINUM,TOP,0,observed_new,True,0,observed_new,True,post_only
Neeko|16.5,P146,Neeko,16.5,16.4,,post,1,PLATINUM,MIDDLE,0,observed_new,True,0,observed_new,True,post_only
Neeko|16.5,P152,Neeko,16.5,16.4,,pre,1,PLATINUM,UTILITY,,,False,0,observed_new,True,pre_only
Neeko|16.5,P266,Neeko,16.5,16.4,,pre,1,EMERALD,MIDDLE,0,observed_new,True,0,observed_new,True,pre_only
Neeko|16.5,P287,Neeko,16.5,16.4,,pre,1,EMERALD,UTILITY,,,False,1,limited_1_4,True,pre_only
Neeko|16.5,P324,Neeko,16.5,16.4,,pre,1,DIAMOND,MIDDLE,,,False,1,limited_1_4,True,pre_only
Neeko|16.5,P339,Neeko,16.5,16.4,,post,1,DIAMOND,MIDDLE,5,established_5plus,True,3,limited_1_4,True,post_only
Neeko|16.5,P352,Neeko,16.5,16.4,,post,3,DIAMOND,UTILITY,5,established_5plus,True,1,limited_1_4,True,both
Neeko|16.5,P352,Neeko,16.5,16.4,,pre,4,DIAMOND,UTILITY,3,limited_1_4,True,2,limited_1_4,True,both
Neeko|16.5,P353,Neeko,16.5,16.4,,pre,1,DIAMOND,JUNGLE,1,limited_1_4,True,1,limited_1_4,True,pre_only
Neeko|16.5,P401,Neeko,16.5,16.4,,pre,2,MASTER+,UTILITY,,,False,,,False,pre_only
Neeko|16.5,P410,Neeko,16.5,16.4,,pre,1,MASTER+,UTILITY,,,False,5,established_5plus,True,pre_only
Neeko|16.5,P448,Neeko,16.5,16.4,,post,1,MASTER+,UTILITY,17,established_5plus,True,3,limited_1_4,True,both
Neeko|16.5,P448,Neeko,16.5,16.4,,pre,1,MASTER+,UTILITY,17,established_5plus,True,4,limited_1_4,True,both
Nocturne|16.5,P006,Nocturne,16.5,16.4,,post,4,GOLD,UTILITY,17,established_5plus,True,11,established_5plus,True,both
Nocturne|16.5,P006,Nocturne,16.5,16.4,,pre,5,GOLD,UTILITY,19,established_5plus,True,9,established_5plus,True,both
Nocturne|16.5,P034,Nocturne,16.5,16.4,,pre,1,GOLD,BOTTOM,0,observed_new,True,0,observed_new,True,pre_only
Nocturne|16.5,P070,Nocturne,16.5,16.4,,post,7,GOLD,TOP,12,established_5plus,True,5,established_5plus,True,both
Nocturne|16.5,P070,Nocturne,16.5,16.4,,pre,5,GOLD,TOP,10,established_5plus,True,2,limited_1_4,True,both
Nocturne|16.5,P099,Nocturne,16.5,16.4,,post,12,GOLD,JUNGLE,0,observed_new,True,0,observed_new,True,post_only
Nocturne|16.5,P116,Nocturne,16.5,16.4,,post,1,PLATINUM,TOP,0,observed_new,True,0,observed_new,True,post_only
Nocturne|16.5,P125,Nocturne,16.5,16.4,,post,1,PLATINUM,TOP,0,observed_new,True,0,observed_new,True,post_only
Nocturne|16.5,P156,Nocturne,16.5,16.4,,post,7,PLATINUM,JUNGLE,1,limited_1_4,True,0,observed_new,True,post_only
Nocturne|16.5,P236,Nocturne,16.5,16.4,,post,2,EMERALD,UTILITY,,,False,,,False,post_only
Nocturne|16.5,P308,Nocturne,16.5,16.4,,post,6,DIAMOND,JUNGLE,,,False,0,observed_new,True,post_only
Nocturne|16.5,P420,Nocturne,16.5,16.4,,pre,1,MASTER+,BOTTOM,0,observed_new,True,0,observed_new,True,pre_only
Nocturne|16.5,P450,Nocturne,16.5,16.4,,post,2,MASTER+,JUNGLE,6,established_5plus,True,0,observed_new,True,post_only
Nocturne|16.5,P495,Nocturne,16.5,16.4,,post,1,MASTER+,JUNGLE,0,observed_new,True,0,observed_new,True,post_only
Orianna|16.5,P072,Orianna,16.5,16.4,,post,1,GOLD,MIDDLE,,,False,,,False,post_only
Orianna|16.5,P085,Orianna,16.5,16.4,,post,1,GOLD,BOTTOM,1,limited_1_4,True,1,limited_1_4,True,post_only
Orianna|16.5,P092,Orianna,16.5,16.4,,pre,1,GOLD,BOTTOM,,,False,2,limited_1_4,True,pre_only
Orianna|16.5,P099,Orianna,16.5,16.4,,post,84,GOLD,JUNGLE,3,limited_1_4,True,3,limited_1_4,True,both
Orianna|16.5,P099,Orianna,16.5,16.4,,pre,3,GOLD,JUNGLE,0,observed_new,True,0,observed_new,True,both
Orianna|16.5,P174,Orianna,16.5,16.4,,post,1,PLATINUM,TOP,,,False,0,observed_new,True,post_only
Orianna|16.5,P236,Orianna,16.5,16.4,,pre,2,EMERALD,UTILITY,,,False,,,False,pre_only
Orianna|16.5,P238,Orianna,16.5,16.4,,pre,3,EMERALD,JUNGLE,,,False,,,False,pre_only
Orianna|16.5,P257,Orianna,16.5,16.4,,post,1,EMERALD,MIDDLE,0,observed_new,True,0,observed_new,True,post_only
Orianna|16.5,P272,Orianna,16.5,16.4,,pre,1,EMERALD,UTILITY,1,limited_1_4,True,1,limited_1_4,True,pre_only
Orianna|16.5,P316,Orianna,16.5,16.4,,post,1,DIAMOND,TOP,9,established_5plus,True,6,established_5plus,True,post_only
Orianna|16.5,P323,Orianna,16.5,16.4,,post,4,DIAMOND,MIDDLE,24,established_5plus,True,12,established_5plus,True,both
Orianna|16.5,P323,Orianna,16.5,16.4,,pre,2,DIAMOND,MIDDLE,26,established_5plus,True,12,established_5plus,True,both
Orianna|16.5,P351,Orianna,16.5,16.4,,post,3,DIAMOND,MIDDLE,,,False,0,observed_new,True,post_only
Orianna|16.5,P356,Orianna,16.5,16.4,,pre,1,DIAMOND,MIDDLE,0,observed_new,True,0,observed_new,True,pre_only
Orianna|16.5,P360,Orianna,16.5,16.4,,post,11,DIAMOND,MIDDLE,11,established_5plus,True,6,established_5plus,True,post_only
Orianna|16.5,P367,Orianna,16.5,16.4,,post,1,DIAMOND,MIDDLE,,,False,1,limited_1_4,True,both
Orianna|16.5,P367,Orianna,16.5,16.4,,pre,1,DIAMOND,MIDDLE,,,False,,,False,both
Orianna|16.5,P424,Orianna,16.5,16.4,,post,3,MASTER+,JUNGLE,1,limited_1_4,True,0,observed_new,True,post_only
Orianna|16.5,P428,Orianna,16.5,16.4,,post,1,MASTER+,MIDDLE,,,False,7,established_5plus,True,both
Orianna|16.5,P428,Orianna,16.5,16.4,,pre,5,MASTER+,MIDDLE,,,False,,,False,both
Orianna|16.5,P430,Orianna,16.5,16.4,,post,1,MASTER+,MIDDLE,0,observed_new,True,0,observed_new,True,post_only
Orianna|16.5,P446,Orianna,16.5,16.4,,post,1,MASTER+,JUNGLE,0,observed_new,True,0,observed_new,True,post_only
Orianna|16.5,P449,Orianna,16.5,16.4,,post,1,MASTER+,JUNGLE,2,limited_1_4,True,2,limited_1_4,True,both
Orianna|16.5,P449,Orianna,16.5,16.4,,pre,2,MASTER+,JUNGLE,0,observed_new,True,0,observed_new,True,both
Orianna|16.5,P477,Orianna,16.5,16.4,,pre,1,MASTER+,MIDDLE,,,False,0,observed_new,True,pre_only
Samira|16.5,P053,Samira,16.5,16.4,,pre,1,GOLD,TOP,0,observed_new,True,0,observed_new,True,pre_only
Samira|16.5,P069,Samira,16.5,16.4,,pre,1,GOLD,BOTTOM,0,observed_new,True,0,observed_new,True,pre_only
Samira|16.5,P114,Samira,16.5,16.4,,post,1,PLATINUM,BOTTOM,0,observed_new,True,0,observed_new,True,post_only
Samira|16.5,P189,Samira,16.5,16.4,,post,1,PLATINUM,TOP,2,limited_1_4,True,1,limited_1_4,True,both
Samira|16.5,P189,Samira,16.5,16.4,,pre,1,PLATINUM,TOP,1,limited_1_4,True,1,limited_1_4,True,both
Samira|16.5,P208,Samira,16.5,16.4,,post,3,EMERALD,JUNGLE,0,observed_new,True,0,observed_new,True,post_only
Samira|16.5,P224,Samira,16.5,16.4,,post,1,EMERALD,JUNGLE,,,False,,,False,post_only
Samira|16.5,P233,Samira,16.5,16.4,,post,1,EMERALD,BOTTOM,0,observed_new,True,0,observed_new,True,post_only
Samira|16.5,P261,Samira,16.5,16.4,,pre,1,EMERALD,BOTTOM,0,observed_new,True,0,observed_new,True,pre_only
Samira|16.5,P400,Samira,16.5,16.4,,post,1,DIAMOND,JUNGLE,0,observed_new,True,0,observed_new,True,post_only
Taliyah|16.5,P146,Taliyah,16.5,16.4,,post,1,PLATINUM,MIDDLE,0,observed_new,True,0,observed_new,True,post_only
Taliyah|16.5,P231,Taliyah,16.5,16.4,,pre,1,EMERALD,MIDDLE,5,established_5plus,True,4,limited_1_4,True,pre_only
Taliyah|16.5,P351,Taliyah,16.5,16.4,,post,1,DIAMOND,MIDDLE,,,False,,,False,post_only
Taliyah|16.5,P442,Taliyah,16.5,16.4,,pre,1,MASTER+,UTILITY,1,limited_1_4,True,0,observed_new,True,pre_only
Varus|16.5,P045,Varus,16.5,16.4,,pre,2,GOLD,UTILITY,3,limited_1_4,True,0,observed_new,True,pre_only
Varus|16.5,P053,Varus,16.5,16.4,,post,1,GOLD,TOP,14,established_5plus,True,14,established_5plus,True,both
Varus|16.5,P053,Varus,16.5,16.4,,pre,14,GOLD,TOP,0,observed_new,True,0,observed_new,True,both
Varus|16.5,P114,Varus,16.5,16.4,,post,2,PLATINUM,BOTTOM,0,observed_new,True,0,observed_new,True,post_only
Varus|16.5,P157,Varus,16.5,16.4,,post,1,PLATINUM,TOP,7,established_5plus,True,1,limited_1_4,True,post_only
Varus|16.5,P189,Varus,16.5,16.4,,post,1,PLATINUM,TOP,1,limited_1_4,True,0,observed_new,True,post_only
Varus|16.5,P226,Varus,16.5,16.4,,pre,1,EMERALD,JUNGLE,,,False,,,False,pre_only
Varus|16.5,P307,Varus,16.5,16.4,,pre,6,DIAMOND,BOTTOM,9,established_5plus,True,9,established_5plus,True,pre_only
Varus|16.5,P332,Varus,16.5,16.4,,post,5,DIAMOND,BOTTOM,,,False,,,False,both
Varus|16.5,P332,Varus,16.5,16.4,,pre,9,DIAMOND,BOTTOM,,,False,,,False,both
Varus|16.5,P365,Varus,16.5,16.4,,pre,1,DIAMOND,TOP,2,limited_1_4,True,2,limited_1_4,True,pre_only
Varus|16.5,P419,Varus,16.5,16.4,,post,9,MASTER+,BOTTOM,11,established_5plus,True,9,established_5plus,True,both
Varus|16.5,P419,Varus,16.5,16.4,,pre,3,MASTER+,BOTTOM,10,established_5plus,True,6,established_5plus,True,both
Varus|16.5,P455,Varus,16.5,16.4,,pre,2,MASTER+,MIDDLE,0,observed_new,True,0,observed_new,True,pre_only
Varus|16.5,P462,Varus,16.5,16.4,,pre,1,MASTER+,MIDDLE,0,observed_new,True,0,observed_new,True,pre_only
Varus|16.5,P467,Varus,16.5,16.4,,post,2,MASTER+,BOTTOM,13,established_5plus,True,12,established_5plus,True,both
Varus|16.5,P467,Varus,16.5,16.4,,pre,6,MASTER+,BOTTOM,7,established_5plus,True,7,established_5plus,True,both
Varus|16.5,P484,Varus,16.5,16.4,,post,3,MASTER+,BOTTOM,0,observed_new,True,0,observed_new,True,post_only
Varus|16.5,P490,Varus,16.5,16.4,,post,2,MASTER+,BOTTOM,8,established_5plus,True,2,limited_1_4,True,post_only
Volibear|16.5,P065,Volibear,16.5,16.4,,post,1,GOLD,JUNGLE,,,False,7,established_5plus,True,post_only
Volibear|16.5,P093,Volibear,16.5,16.4,,pre,1,GOLD,JUNGLE,,,False,4,limited_1_4,True,pre_only
Volibear|16.5,P130,Volibear,16.5,16.4,,pre,7,PLATINUM,JUNGLE,32,established_5plus,True,27,established_5plus,True,pre_only
Volibear|16.5,P145,Volibear,16.5,16.4,,post,1,PLATINUM,TOP,3,limited_1_4,True,1,limited_1_4,True,post_only
Volibear|16.5,P149,Volibear,16.5,16.4,,post,3,PLATINUM,TOP,,,False,,,False,post_only
Volibear|16.5,P152,Volibear,16.5,16.4,,pre,1,PLATINUM,UTILITY,,,False,0,observed_new,True,pre_only
Volibear|16.5,P189,Volibear,16.5,16.4,,pre,2,PLATINUM,TOP,3,limited_1_4,True,3,limited_1_4,True,pre_only
Volibear|16.5,P208,Volibear,16.5,16.4,,post,2,EMERALD,JUNGLE,24,established_5plus,True,10,established_5plus,True,both
Volibear|16.5,P208,Volibear,16.5,16.4,,pre,10,EMERALD,JUNGLE,25,established_5plus,True,13,established_5plus,True,both
Volibear|16.5,P251,Volibear,16.5,16.4,,pre,2,EMERALD,TOP,1,limited_1_4,True,0,observed_new,True,pre_only
Volibear|16.5,P393,Volibear,16.5,16.4,,pre,5,DIAMOND,TOP,,,False,1,limited_1_4,True,pre_only
Volibear|16.5,P497,Volibear,16.5,16.4,,post,1,MASTER+,TOP,,,False,,,False,post_only
Volibear|16.5,P498,Volibear,16.5,16.4,,post,1,MASTER+,TOP,3,limited_1_4,True,3,limited_1_4,True,post_only
Ahri|16.6,P007,Ahri,16.6,16.5,,post,1,GOLD,TOP,4,limited_1_4,True,4,limited_1_4,True,post_only
Ahri|16.6,P029,Ahri,16.6,16.5,,pre,1,GOLD,TOP,0,observed_new,True,0,observed_new,True,pre_only
Ahri|16.6,P037,Ahri,16.6,16.5,,post,1,GOLD,JUNGLE,1,limited_1_4,True,0,observed_new,True,post_only
Ahri|16.6,P038,Ahri,16.6,16.5,,post,2,GOLD,MIDDLE,3,limited_1_4,True,2,limited_1_4,True,both
Ahri|16.6,P038,Ahri,16.6,16.5,,pre,2,GOLD,MIDDLE,1,limited_1_4,True,0,observed_new,True,both
Ahri|16.6,P055,Ahri,16.6,16.5,,pre,1,GOLD,TOP,,,False,0,observed_new,True,pre_only
Ahri|16.6,P110,Ahri,16.6,16.5,,post,2,PLATINUM,UTILITY,,,False,,,False,post_only
Ahri|16.6,P118,Ahri,16.6,16.5,,pre,1,PLATINUM,MIDDLE,,,False,,,False,pre_only
Ahri|16.6,P123,Ahri,16.6,16.5,,pre,2,PLATINUM,MIDDLE,65,established_5plus,True,27,established_5plus,True,pre_only
Ahri|16.6,P132,Ahri,16.6,16.5,,post,1,PLATINUM,MIDDLE,3,limited_1_4,True,2,limited_1_4,True,post_only
Ahri|16.6,P160,Ahri,16.6,16.5,,post,1,PLATINUM,UTILITY,0,observed_new,True,0,observed_new,True,post_only
Ahri|16.6,P175,Ahri,16.6,16.5,,pre,1,PLATINUM,UTILITY,,,False,0,observed_new,True,pre_only
Ahri|16.6,P233,Ahri,16.6,16.5,,post,2,EMERALD,BOTTOM,0,observed_new,True,0,observed_new,True,post_only
Ahri|16.6,P255,Ahri,16.6,16.5,,pre,1,EMERALD,MIDDLE,,,False,,,False,pre_only
Ahri|16.6,P266,Ahri,16.6,16.5,,post,1,EMERALD,MIDDLE,2,limited_1_4,True,0,observed_new,True,post_only
Ahri|16.6,P275,Ahri,16.6,16.5,,pre,1,EMERALD,BOTTOM,,,False,1,limited_1_4,True,pre_only
Ahri|16.6,P330,Ahri,16.6,16.5,,pre,1,DIAMOND,MIDDLE,,,False,12,established_5plus,True,pre_only
Ahri|16.6,P351,Ahri,16.6,16.5,,pre,3,DIAMOND,MIDDLE,,,False,,,False,pre_only
Ahri|16.6,P357,Ahri,16.6,16.5,,post,2,DIAMOND,TOP,0,observed_new,True,0,observed_new,True,post_only
Ahri|16.6,P360,Ahri,16.6,16.5,,post,2,DIAMOND,MIDDLE,39,established_5plus,True,18,established_5plus,True,both
Ahri|16.6,P360,Ahri,16.6,16.5,,pre,23,DIAMOND,MIDDLE,18,established_5plus,True,17,established_5plus,True,both
Ahri|16.6,P367,Ahri,16.6,16.5,,post,19,DIAMOND,MIDDLE,,,False,19,established_5plus,True,both
Ahri|16.6,P367,Ahri,16.6,16.5,,pre,6,DIAMOND,MIDDLE,,,False,18,established_5plus,True,both
Ahri|16.6,P393,Ahri,16.6,16.5,,post,1,DIAMOND,TOP,,,False,1,limited_1_4,True,both
Ahri|16.6,P393,Ahri,16.6,16.5,,pre,1,DIAMOND,TOP,,,False,0,observed_new,True,both
Ahri|16.6,P400,Ahri,16.6,16.5,,pre,2,DIAMOND,JUNGLE,0,observed_new,True,0,observed_new,True,pre_only
Ahri|16.6,P419,Ahri,16.6,16.5,,post,1,MASTER+,BOTTOM,3,limited_1_4,True,2,limited_1_4,True,both
Ahri|16.6,P419,Ahri,16.6,16.5,,pre,2,MASTER+,BOTTOM,2,limited_1_4,True,1,limited_1_4,True,both
Ahri|16.6,P420,Ahri,16.6,16.5,,pre,1,MASTER+,BOTTOM,0,observed_new,True,0,observed_new,True,pre_only
Ahri|16.6,P424,Ahri,16.6,16.5,,post,1,MASTER+,JUNGLE,5,established_5plus,True,2,limited_1_4,True,both
Ahri|16.6,P424,Ahri,16.6,16.5,,pre,2,MASTER+,JUNGLE,3,limited_1_4,True,0,observed_new,True,both
Ahri|16.6,P442,Ahri,16.6,16.5,,post,1,MASTER+,UTILITY,11,established_5plus,True,4,limited_1_4,True,post_only
Ahri|16.6,P446,Ahri,16.6,16.5,,post,1,MASTER+,JUNGLE,1,limited_1_4,True,1,limited_1_4,True,both
Ahri|16.6,P446,Ahri,16.6,16.5,,pre,1,MASTER+,JUNGLE,0,observed_new,True,0,observed_new,True,both
Ahri|16.6,P452,Ahri,16.6,16.5,,pre,1,MASTER+,MIDDLE,16,established_5plus,True,4,limited_1_4,True,pre_only
Ahri|16.6,P455,Ahri,16.6,16.5,,post,6,MASTER+,MIDDLE,1,limited_1_4,True,1,limited_1_4,True,post_only
Ahri|16.6,P490,Ahri,16.6,16.5,,pre,1,MASTER+,BOTTOM,0,observed_new,True,0,observed_new,True,pre_only
Azir|16.6,P248,Azir,16.6,16.5,,pre,1,EMERALD,JUNGLE,,,False,1,limited_1_4,True,pre_only
Azir|16.6,P250,Azir,16.6,16.5,,post,1,EMERALD,TOP,0,observed_new,True,0,observed_new,True,post_only
Azir|16.6,P489,Azir,16.6,16.5,,post,1,MASTER+,BOTTOM,,,False,1,limited_1_4,True,both
Azir|16.6,P489,Azir,16.6,16.5,,pre,2,MASTER+,BOTTOM,,,False,,,False,both
Cassiopeia|16.6,P160,Cassiopeia,16.6,16.5,,post,2,PLATINUM,UTILITY,0,observed_new,True,0,observed_new,True,post_only
Cassiopeia|16.6,P190,Cassiopeia,16.6,16.5,,post,1,PLATINUM,TOP,,,False,1,limited_1_4,True,post_only
Cassiopeia|16.6,P419,Cassiopeia,16.6,16.5,,pre,1,MASTER+,BOTTOM,0,observed_new,True,0,observed_new,True,pre_only
Cassiopeia|16.6,P484,Cassiopeia,16.6,16.5,,pre,1,MASTER+,BOTTOM,0,observed_new,True,0,observed_new,True,pre_only
Lissandra|16.6,P029,Lissandra,16.6,16.5,,post,1,GOLD,TOP,0,observed_new,True,0,observed_new,True,post_only
Lissandra|16.6,P316,Lissandra,16.6,16.5,,post,2,DIAMOND,TOP,2,limited_1_4,True,1,limited_1_4,True,post_only
Lissandra|16.6,P324,Lissandra,16.6,16.5,,post,2,DIAMOND,MIDDLE,4,limited_1_4,True,4,limited_1_4,True,both
Lissandra|16.6,P324,Lissandra,16.6,16.5,,pre,2,DIAMOND,MIDDLE,2,limited_1_4,True,2,limited_1_4,True,both
Lissandra|16.6,P339,Lissandra,16.6,16.5,,post,16,DIAMOND,MIDDLE,40,established_5plus,True,17,established_5plus,True,both
Lissandra|16.6,P339,Lissandra,16.6,16.5,,pre,7,DIAMOND,MIDDLE,40,established_5plus,True,19,established_5plus,True,both
Lissandra|16.6,P400,Lissandra,16.6,16.5,,pre,1,DIAMOND,JUNGLE,0,observed_new,True,0,observed_new,True,pre_only
Lissandra|16.6,P426,Lissandra,16.6,16.5,,pre,1,MASTER+,MIDDLE,6,established_5plus,True,2,limited_1_4,True,pre_only
Lissandra|16.6,P446,Lissandra,16.6,16.5,,post,1,MASTER+,JUNGLE,0,observed_new,True,0,observed_new,True,post_only
Lissandra|16.6,P456,Lissandra,16.6,16.5,,post,1,MASTER+,TOP,,,False,0,observed_new,True,post_only
Lissandra|16.6,P475,Lissandra,16.6,16.5,,post,1,MASTER+,TOP,,,False,,,False,post_only
Olaf|16.6,P081,Olaf,16.6,16.5,,post,1,GOLD,TOP,,,False,,,False,post_only
Olaf|16.6,P163,Olaf,16.6,16.5,,post,1,PLATINUM,TOP,,,False,8,established_5plus,True,both
Olaf|16.6,P163,Olaf,16.6,16.5,,pre,2,PLATINUM,TOP,,,False,6,established_5plus,True,both
Olaf|16.6,P357,Olaf,16.6,16.5,,post,8,DIAMOND,TOP,19,established_5plus,True,4,limited_1_4,True,post_only
Olaf|16.6,P450,Olaf,16.6,16.5,,post,1,MASTER+,JUNGLE,0,observed_new,True,0,observed_new,True,post_only
Olaf|16.6,P456,Olaf,16.6,16.5,,post,1,MASTER+,TOP,,,False,0,observed_new,True,post_only
Pyke|16.6,P006,Pyke,16.6,16.5,,post,4,GOLD,UTILITY,1,limited_1_4,True,1,limited_1_4,True,post_only
Pyke|16.6,P028,Pyke,16.6,16.5,,post,2,GOLD,MIDDLE,5,established_5plus,True,4,limited_1_4,True,post_only
Pyke|16.6,P079,Pyke,16.6,16.5,,post,3,GOLD,TOP,,,False,0,observed_new,True,post_only
Pyke|16.6,P246,Pyke,16.6,16.5,,post,1,EMERALD,BOTTOM,0,observed_new,True,0,observed_new,True,post_only
Pyke|16.6,P304,Pyke,16.6,16.5,,pre,1,DIAMOND,UTILITY,6,established_5plus,True,3,limited_1_4,True,pre_only
Pyke|16.6,P327,Pyke,16.6,16.5,,post,1,DIAMOND,UTILITY,,,False,1,limited_1_4,True,post_only
Pyke|16.6,P371,Pyke,16.6,16.5,,post,1,DIAMOND,BOTTOM,,,False,,,False,post_only
Pyke|16.6,P419,Pyke,16.6,16.5,,post,2,MASTER+,BOTTOM,2,limited_1_4,True,1,limited_1_4,True,both
Pyke|16.6,P419,Pyke,16.6,16.5,,pre,1,MASTER+,BOTTOM,1,limited_1_4,True,0,observed_new,True,both
Pyke|16.6,P424,Pyke,16.6,16.5,,post,1,MASTER+,JUNGLE,0,observed_new,True,0,observed_new,True,post_only
Pyke|16.6,P462,Pyke,16.6,16.5,,post,8,MASTER+,MIDDLE,3,limited_1_4,True,1,limited_1_4,True,post_only
Pyke|16.6,P489,Pyke,16.6,16.5,,pre,1,MASTER+,BOTTOM,,,False,,,False,pre_only
Shen|16.6,P012,Shen,16.6,16.5,,post,1,GOLD,UTILITY,0,observed_new,True,0,observed_new,True,post_only
Shen|16.6,P020,Shen,16.6,16.5,,post,1,GOLD,MIDDLE,,,False,1,limited_1_4,True,post_only
Shen|16.6,P037,Shen,16.6,16.5,,post,1,GOLD,JUNGLE,0,observed_new,True,0,observed_new,True,post_only
Shen|16.6,P045,Shen,16.6,16.5,,post,5,GOLD,UTILITY,6,established_5plus,True,5,established_5plus,True,both
Shen|16.6,P045,Shen,16.6,16.5,,pre,5,GOLD,UTILITY,1,limited_1_4,True,1,limited_1_4,True,both
Shen|16.6,P066,Shen,16.6,16.5,,post,8,GOLD,MIDDLE,14,established_5plus,True,1,limited_1_4,True,both
Shen|16.6,P066,Shen,16.6,16.5,,pre,7,GOLD,MIDDLE,36,established_5plus,True,20,established_5plus,True,both
Shen|16.6,P149,Shen,16.6,16.5,,post,3,PLATINUM,TOP,,,False,,,False,both
Shen|16.6,P149,Shen,16.6,16.5,,pre,1,PLATINUM,TOP,,,False,,,False,both
Shen|16.6,P152,Shen,16.6,16.5,,post,10,PLATINUM,UTILITY,7,established_5plus,True,1,limited_1_4,True,both
Shen|16.6,P152,Shen,16.6,16.5,,pre,1,PLATINUM,UTILITY,7,established_5plus,True,0,observed_new,True,both
Shen|16.6,P197,Shen,16.6,16.5,,post,2,PLATINUM,TOP,,,False,,,False,post_only
Shen|16.6,P250,Shen,16.6,16.5,,pre,2,EMERALD,TOP,1,limited_1_4,True,1,limited_1_4,True,pre_only
Shen|16.6,P257,Shen,16.6,16.5,,pre,1,EMERALD,MIDDLE,1,limited_1_4,True,0,observed_new,True,pre_only
Shen|16.6,P292,Shen,16.6,16.5,,post,1,EMERALD,TOP,46,established_5plus,True,18,established_5plus,True,both
Shen|16.6,P292,Shen,16.6,16.5,,pre,7,EMERALD,TOP,42,established_5plus,True,14,established_5plus,True,both
Shen|16.6,P310,Shen,16.6,16.5,,post,1,DIAMOND,TOP,,,False,6,established_5plus,True,both
Shen|16.6,P310,Shen,16.6,16.5,,pre,1,DIAMOND,TOP,,,False,5,established_5plus,True,both
Shen|16.6,P311,Shen,16.6,16.5,,pre,1,DIAMOND,JUNGLE,0,observed_new,True,0,observed_new,True,pre_only
Shen|16.6,P313,Shen,16.6,16.5,,post,1,DIAMOND,TOP,0,observed_new,True,0,observed_new,True,post_only
Shen|16.6,P351,Shen,16.6,16.5,,pre,1,DIAMOND,MIDDLE,,,False,,,False,pre_only
Shen|16.6,P380,Shen,16.6,16.5,,pre,1,DIAMOND,TOP,,,False,0,observed_new,True,pre_only
Shen|16.6,P415,Shen,16.6,16.5,,post,5,MASTER+,JUNGLE,22,established_5plus,True,22,established_5plus,True,both
Shen|16.6,P415,Shen,16.6,16.5,,pre,22,MASTER+,JUNGLE,0,observed_new,True,0,observed_new,True,both
Shen|16.6,P420,Shen,16.6,16.5,,pre,1,MASTER+,BOTTOM,30,established_5plus,True,14,established_5plus,True,pre_only
Shen|16.6,P423,Shen,16.6,16.5,,post,21,MASTER+,UTILITY,62,established_5plus,True,36,established_5plus,True,both
Shen|16.6,P423,Shen,16.6,16.5,,pre,16,MASTER+,UTILITY,49,established_5plus,True,30,established_5plus,True,both
Shen|16.6,P498,Shen,16.6,16.5,,pre,1,MASTER+,TOP,2,limited_1_4,True,0,observed_new,True,pre_only
Skarner|16.6,P160,Skarner,16.6,16.5,,post,1,PLATINUM,UTILITY,0,observed_new,True,0,observed_new,True,post_only
Skarner|16.6,P415,Skarner,16.6,16.5,,post,1,MASTER+,JUNGLE,0,observed_new,True,0,observed_new,True,post_only
Tryndamere|16.6,P028,Tryndamere,16.6,16.5,,post,1,GOLD,MIDDLE,3,limited_1_4,True,3,limited_1_4,True,post_only
Tryndamere|16.6,P045,Tryndamere,16.6,16.5,,post,1,GOLD,UTILITY,0,observed_new,True,0,observed_new,True,post_only
Tryndamere|16.6,P070,Tryndamere,16.6,16.5,,post,1,GOLD,TOP,0,observed_new,True,0,observed_new,True,post_only
Tryndamere|16.6,P203,Tryndamere,16.6,16.5,,post,9,EMERALD,BOTTOM,0,observed_new,True,0,observed_new,True,post_only
Tryndamere|16.6,P217,Tryndamere,16.6,16.5,,post,1,EMERALD,TOP,21,established_5plus,True,17,established_5plus,True,post_only
Tryndamere|16.6,P278,Tryndamere,16.6,16.5,,post,3,EMERALD,JUNGLE,4,limited_1_4,True,3,limited_1_4,True,post_only
Tryndamere|16.6,P475,Tryndamere,16.6,16.5,,post,4,MASTER+,TOP,,,False,0,observed_new,True,post_only
Zaahen|16.6,P015,Zaahen,16.6,16.5,,pre,3,GOLD,MIDDLE,,,False,,,False,pre_only
Zaahen|16.6,P045,Zaahen,16.6,16.5,,post,1,GOLD,UTILITY,0,observed_new,True,0,observed_new,True,post_only
Zaahen|16.6,P079,Zaahen,16.6,16.5,,post,10,GOLD,TOP,,,False,0,observed_new,True,post_only
Zaahen|16.6,P116,Zaahen,16.6,16.5,,post,6,PLATINUM,TOP,3,limited_1_4,True,0,observed_new,True,both
Zaahen|16.6,P116,Zaahen,16.6,16.5,,pre,2,PLATINUM,TOP,3,limited_1_4,True,1,limited_1_4,True,both
Zaahen|16.6,P146,Zaahen,16.6,16.5,,post,1,PLATINUM,MIDDLE,5,established_5plus,True,4,limited_1_4,True,both
Zaahen|16.6,P146,Zaahen,16.6,16.5,,pre,1,PLATINUM,MIDDLE,4,limited_1_4,True,3,limited_1_4,True,both
Zaahen|16.6,P157,Zaahen,16.6,16.5,,post,1,PLATINUM,TOP,4,limited_1_4,True,1,limited_1_4,True,both
Zaahen|16.6,P157,Zaahen,16.6,16.5,,pre,2,PLATINUM,TOP,6,established_5plus,True,2,limited_1_4,True,both
Zaahen|16.6,P245,Zaahen,16.6,16.5,,post,5,EMERALD,TOP,11,established_5plus,True,4,limited_1_4,True,both
Zaahen|16.6,P245,Zaahen,16.6,16.5,,pre,8,EMERALD,TOP,23,established_5plus,True,3,limited_1_4,True,both
Zaahen|16.6,P291,Zaahen,16.6,16.5,,post,2,EMERALD,TOP,0,observed_new,True,0,observed_new,True,both
Zaahen|16.6,P291,Zaahen,16.6,16.5,,pre,2,EMERALD,TOP,5,established_5plus,True,2,limited_1_4,True,both
Zaahen|16.6,P310,Zaahen,16.6,16.5,,post,4,DIAMOND,TOP,,,False,1,limited_1_4,True,post_only
Zaahen|16.6,P349,Zaahen,16.6,16.5,,post,1,DIAMOND,TOP,,,False,,,False,post_only
Zaahen|16.6,P351,Zaahen,16.6,16.5,,pre,9,DIAMOND,MIDDLE,,,False,,,False,pre_only
Zaahen|16.6,P356,Zaahen,16.6,16.5,,pre,3,DIAMOND,MIDDLE,0,observed_new,True,0,observed_new,True,pre_only
Zaahen|16.6,P357,Zaahen,16.6,16.5,,post,1,DIAMOND,TOP,0,observed_new,True,0,observed_new,True,post_only
Zaahen|16.6,P360,Zaahen,16.6,16.5,,pre,1,DIAMOND,MIDDLE,0,observed_new,True,0,observed_new,True,pre_only
Zaahen|16.6,P365,Zaahen,16.6,16.5,,post,1,DIAMOND,TOP,23,established_5plus,True,6,established_5plus,True,both
Zaahen|16.6,P365,Zaahen,16.6,16.5,,pre,4,DIAMOND,TOP,28,established_5plus,True,15,established_5plus,True,both
Zaahen|16.6,P378,Zaahen,16.6,16.5,,pre,3,DIAMOND,JUNGLE,0,observed_new,True,0,observed_new,True,pre_only
Zaahen|16.6,P415,Zaahen,16.6,16.5,,pre,1,MASTER+,JUNGLE,3,limited_1_4,True,1,limited_1_4,True,pre_only
Zaahen|16.6,P420,Zaahen,16.6,16.5,,pre,11,MASTER+,BOTTOM,14,established_5plus,True,4,limited_1_4,True,pre_only
Zaahen|16.6,P460,Zaahen,16.6,16.5,,post,1,MASTER+,MIDDLE,21,established_5plus,True,12,established_5plus,True,both
Zaahen|16.6,P460,Zaahen,16.6,16.5,,pre,2,MASTER+,MIDDLE,24,established_5plus,True,10,established_5plus,True,both
Zaahen|16.6,P484,Zaahen,16.6,16.5,,pre,2,MASTER+,BOTTOM,0,observed_new,True,0,observed_new,True,pre_only
Cassiopeia|16.7,P138,Cassiopeia,16.7,16.6,,post,2,PLATINUM,MIDDLE,32,established_5plus,True,11,established_5plus,True,post_only
Cassiopeia|16.7,P160,Cassiopeia,16.7,16.6,,pre,2,PLATINUM,UTILITY,0,observed_new,True,0,observed_new,True,pre_only
Cassiopeia|16.7,P190,Cassiopeia,16.7,16.6,,pre,1,PLATINUM,TOP,,,False,1,limited_1_4,True,pre_only
Cassiopeia|16.7,P438,Cassiopeia,16.7,16.6,,post,2,MASTER+,MIDDLE,,,False,,,False,post_only
Graves|16.7,P007,Graves,16.7,16.6,,pre,4,GOLD,TOP,0,observed_new,True,0,observed_new,True,pre_only
Graves|16.7,P188,Graves,16.7,16.6,,pre,4,PLATINUM,JUNGLE,0,observed_new,True,0,observed_new,True,pre_only
Graves|16.7,P197,Graves,16.7,16.6,,post,1,PLATINUM,TOP,,,False,,,False,post_only
Graves|16.7,P203,Graves,16.7,16.6,,post,2,EMERALD,BOTTOM,4,limited_1_4,True,0,observed_new,True,post_only
Graves|16.7,P231,Graves,16.7,16.6,,pre,1,EMERALD,MIDDLE,5,established_5plus,True,4,limited_1_4,True,pre_only
Graves|16.7,P311,Graves,16.7,16.6,,post,1,DIAMOND,JUNGLE,3,limited_1_4,True,2,limited_1_4,True,both
Graves|16.7,P311,Graves,16.7,16.6,,pre,3,DIAMOND,JUNGLE,2,limited_1_4,True,0,observed_new,True,both
Graves|16.7,P327,Graves,16.7,16.6,,post,1,DIAMOND,UTILITY,,,False,0,observed_new,True,post_only
Graves|16.7,P342,Graves,16.7,16.6,,post,7,DIAMOND,JUNGLE,5,established_5plus,True,5,established_5plus,True,both
Graves|16.7,P342,Graves,16.7,16.6,,pre,5,DIAMOND,JUNGLE,0,observed_new,True,0,observed_new,True,both
Graves|16.7,P351,Graves,16.7,16.6,,post,1,DIAMOND,MIDDLE,0,observed_new,True,0,observed_new,True,post_only
Graves|16.7,P359,Graves,16.7,16.6,,post,1,DIAMOND,UTILITY,12,established_5plus,True,6,established_5plus,True,both
Graves|16.7,P359,Graves,16.7,16.6,,pre,3,DIAMOND,UTILITY,13,established_5plus,True,7,established_5plus,True,both
Graves|16.7,P370,Graves,16.7,16.6,,post,44,DIAMOND,JUNGLE,42,established_5plus,True,20,established_5plus,True,both
Graves|16.7,P370,Graves,16.7,16.6,,pre,35,DIAMOND,JUNGLE,,,False,17,established_5plus,True,both
Graves|16.7,P373,Graves,16.7,16.6,,post,32,DIAMOND,TOP,,,False,0,observed_new,True,post_only
Graves|16.7,P381,Graves,16.7,16.6,,pre,1,DIAMOND,JUNGLE,21,established_5plus,True,10,established_5plus,True,pre_only
Graves|16.7,P400,Graves,16.7,16.6,,pre,1,DIAMOND,JUNGLE,7,established_5plus,True,1,limited_1_4,True,pre_only
Graves|16.7,P415,Graves,16.7,16.6,,pre,5,MASTER+,JUNGLE,1,limited_1_4,True,1,limited_1_4,True,pre_only
Graves|16.7,P450,Graves,16.7,16.6,,pre,8,MASTER+,JUNGLE,1,limited_1_4,True,1,limited_1_4,True,pre_only
Graves|16.7,P476,Graves,16.7,16.6,,post,5,MASTER+,JUNGLE,0,observed_new,True,0,observed_new,True,post_only
Graves|16.7,P486,Graves,16.7,16.6,,post,7,MASTER+,JUNGLE,16,established_5plus,True,12,established_5plus,True,both
Graves|16.7,P486,Graves,16.7,16.6,,pre,6,MASTER+,JUNGLE,12,established_5plus,True,8,established_5plus,True,both
Kalista|16.7,P053,Kalista,16.7,16.6,,pre,1,GOLD,TOP,0,observed_new,True,0,observed_new,True,pre_only
Karma|16.7,P020,Karma,16.7,16.6,,pre,1,GOLD,MIDDLE,,,False,2,limited_1_4,True,pre_only
Karma|16.7,P045,Karma,16.7,16.6,,post,5,GOLD,UTILITY,35,established_5plus,True,15,established_5plus,True,both
Karma|16.7,P045,Karma,16.7,16.6,,pre,4,GOLD,UTILITY,50,established_5plus,True,22,established_5plus,True,both
Karma|16.7,P110,Karma,16.7,16.6,,pre,2,PLATINUM,UTILITY,,,False,0,observed_new,True,pre_only
Karma|16.7,P146,Karma,16.7,16.6,,pre,1,PLATINUM,MIDDLE,1,limited_1_4,True,1,limited_1_4,True,pre_only
Karma|16.7,P155,Karma,16.7,16.6,,pre,1,PLATINUM,UTILITY,,,False,,,False,pre_only
Karma|16.7,P218,Karma,16.7,16.6,,pre,6,EMERALD,UTILITY,11,established_5plus,True,9,established_5plus,True,pre_only
Karma|16.7,P232,Karma,16.7,16.6,,post,1,EMERALD,JUNGLE,0,observed_new,True,0,observed_new,True,post_only
Karma|16.7,P257,Karma,16.7,16.6,,post,1,EMERALD,MIDDLE,1,limited_1_4,True,1,limited_1_4,True,both
Karma|16.7,P257,Karma,16.7,16.6,,pre,1,EMERALD,MIDDLE,0,observed_new,True,0,observed_new,True,both
Karma|16.7,P284,Karma,16.7,16.6,,post,3,EMERALD,UTILITY,18,established_5plus,True,10,established_5plus,True,both
Karma|16.7,P284,Karma,16.7,16.6,,pre,3,EMERALD,UTILITY,20,established_5plus,True,8,established_5plus,True,both
Karma|16.7,P303,Karma,16.7,16.6,,pre,1,DIAMOND,UTILITY,4,limited_1_4,True,1,limited_1_4,True,pre_only
Karma|16.7,P304,Karma,16.7,16.6,,pre,5,DIAMOND,UTILITY,7,established_5plus,True,3,limited_1_4,True,pre_only
Karma|16.7,P347,Karma,16.7,16.6,,pre,2,DIAMOND,UTILITY,4,limited_1_4,True,0,observed_new,True,pre_only
Karma|16.7,P351,Karma,16.7,16.6,,post,3,DIAMOND,MIDDLE,,,False,0,observed_new,True,post_only
Karma|16.7,P352,Karma,16.7,16.6,,post,5,DIAMOND,UTILITY,21,established_5plus,True,13,established_5plus,True,both
Karma|16.7,P352,Karma,16.7,16.6,,pre,9,DIAMOND,UTILITY,23,established_5plus,True,11,established_5plus,True,both
Karma|16.7,P361,Karma,16.7,16.6,,post,2,DIAMOND,MIDDLE,1,limited_1_4,True,0,observed_new,True,post_only
Karma|16.7,P370,Karma,16.7,16.6,,pre,1,DIAMOND,JUNGLE,0,observed_new,True,0,observed_new,True,pre_only
Karma|16.7,P379,Karma,16.7,16.6,,post,1,DIAMOND,UTILITY,2,limited_1_4,True,1,limited_1_4,True,post_only
Karma|16.7,P391,Karma,16.7,16.6,,post,7,DIAMOND,UTILITY,11,established_5plus,True,3,limited_1_4,True,both
Karma|16.7,P391,Karma,16.7,16.6,,pre,2,DIAMOND,UTILITY,9,established_5plus,True,7,established_5plus,True,both
Karma|16.7,P414,Karma,16.7,16.6,,pre,1,MASTER+,UTILITY,0,observed_new,True,0,observed_new,True,pre_only
Karma|16.7,P419,Karma,16.7,16.6,,post,2,MASTER+,BOTTOM,0,observed_new,True,0,observed_new,True,post_only
Karma|16.7,P432,Karma,16.7,16.6,,post,1,MASTER+,UTILITY,4,limited_1_4,True,0,observed_new,True,both
Karma|16.7,P432,Karma,16.7,16.6,,pre,2,MASTER+,UTILITY,,,False,2,limited_1_4,True,both
Karma|16.7,P440,Karma,16.7,16.6,,post,3,MASTER+,UTILITY,4,limited_1_4,True,2,limited_1_4,True,both
Karma|16.7,P440,Karma,16.7,16.6,,pre,2,MASTER+,UTILITY,2,limited_1_4,True,1,limited_1_4,True,both
Karma|16.7,P441,Karma,16.7,16.6,,post,1,MASTER+,UTILITY,,,False,,,False,post_only
Karma|16.7,P444,Karma,16.7,16.6,,post,20,MASTER+,UTILITY,14,established_5plus,True,14,established_5plus,True,both
Karma|16.7,P444,Karma,16.7,16.6,,pre,2,MASTER+,UTILITY,12,established_5plus,True,12,established_5plus,True,both
Karma|16.7,P445,Karma,16.7,16.6,,post,3,MASTER+,UTILITY,,,False,1,limited_1_4,True,post_only
Karma|16.7,P448,Karma,16.7,16.6,,pre,2,MASTER+,UTILITY,2,limited_1_4,True,0,observed_new,True,pre_only
Karma|16.7,P455,Karma,16.7,16.6,,pre,1,MASTER+,MIDDLE,0,observed_new,True,0,observed_new,True,pre_only
Karma|16.7,P456,Karma,16.7,16.6,,post,1,MASTER+,TOP,0,observed_new,True,0,observed_new,True,post_only
Karma|16.7,P462,Karma,16.7,16.6,,post,2,MASTER+,MIDDLE,2,limited_1_4,True,2,limited_1_4,True,both
Karma|16.7,P462,Karma,16.7,16.6,,pre,2,MASTER+,MIDDLE,0,observed_new,True,0,observed_new,True,both
Karma|16.7,P467,Karma,16.7,16.6,,post,1,MASTER+,BOTTOM,2,limited_1_4,True,1,limited_1_4,True,both
Karma|16.7,P467,Karma,16.7,16.6,,pre,1,MASTER+,BOTTOM,2,limited_1_4,True,1,limited_1_4,True,both
Karma|16.7,P493,Karma,16.7,16.6,,post,1,MASTER+,JUNGLE,,,False,,,False,post_only
Nami|16.7,P013,Nami,16.7,16.6,,post,18,GOLD,UTILITY,44,established_5plus,True,16,established_5plus,True,both
Nami|16.7,P013,Nami,16.7,16.6,,pre,30,GOLD,UTILITY,,,False,21,established_5plus,True,both
Nami|16.7,P020,Nami,16.7,16.6,,post,1,GOLD,MIDDLE,,,False,4,limited_1_4,True,both
Nami|16.7,P020,Nami,16.7,16.6,,pre,3,GOLD,MIDDLE,,,False,1,limited_1_4,True,both
Nami|16.7,P053,Nami,16.7,16.6,,post,1,GOLD,TOP,0,observed_new,True,0,observed_new,True,post_only
Nami|16.7,P083,Nami,16.7,16.6,,pre,30,GOLD,UTILITY,78,established_5plus,True,30,established_5plus,True,pre_only
Nami|16.7,P110,Nami,16.7,16.6,,pre,1,PLATINUM,UTILITY,,,False,0,observed_new,True,pre_only
Nami|16.7,P114,Nami,16.7,16.6,,post,1,PLATINUM,BOTTOM,0,observed_new,True,0,observed_new,True,post_only
Nami|16.7,P127,Nami,16.7,16.6,,post,2,PLATINUM,UTILITY,,,False,,,False,post_only
Nami|16.7,P145,Nami,16.7,16.6,,pre,2,PLATINUM,TOP,4,limited_1_4,True,0,observed_new,True,pre_only
Nami|16.7,P155,Nami,16.7,16.6,,pre,1,PLATINUM,UTILITY,,,False,,,False,pre_only
Nami|16.7,P183,Nami,16.7,16.6,,post,5,PLATINUM,UTILITY,,,False,,,False,both
Nami|16.7,P183,Nami,16.7,16.6,,pre,3,PLATINUM,UTILITY,,,False,,,False,both
Nami|16.7,P192,Nami,16.7,16.6,,post,1,PLATINUM,TOP,0,observed_new,True,0,observed_new,True,post_only
Nami|16.7,P284,Nami,16.7,16.6,,post,3,EMERALD,UTILITY,27,established_5plus,True,14,established_5plus,True,post_only
Nami|16.7,P285,Nami,16.7,16.6,,pre,1,EMERALD,UTILITY,1,limited_1_4,True,1,limited_1_4,True,pre_only
Nami|16.7,P303,Nami,16.7,16.6,,pre,3,DIAMOND,UTILITY,7,established_5plus,True,2,limited_1_4,True,pre_only
Nami|16.7,P304,Nami,16.7,16.6,,pre,2,DIAMOND,UTILITY,10,established_5plus,True,3,limited_1_4,True,pre_only
Nami|16.7,P320,Nami,16.7,16.6,,post,13,DIAMOND,UTILITY,,,False,18,established_5plus,True,both
Nami|16.7,P320,Nami,16.7,16.6,,pre,16,DIAMOND,UTILITY,,,False,,,False,both
Nami|16.7,P327,Nami,16.7,16.6,,post,3,DIAMOND,UTILITY,,,False,0,observed_new,True,post_only
Nami|16.7,P334,Nami,16.7,16.6,,post,2,DIAMOND,UTILITY,,,False,14,established_5plus,True,both
Nami|16.7,P334,Nami,16.7,16.6,,pre,2,DIAMOND,UTILITY,,,False,,,False,both
Nami|16.7,P347,Nami,16.7,16.6,,post,1,DIAMOND,UTILITY,3,limited_1_4,True,1,limited_1_4,True,both
Nami|16.7,P347,Nami,16.7,16.6,,pre,1,DIAMOND,UTILITY,2,limited_1_4,True,0,observed_new,True,both
Nami|16.7,P367,Nami,16.7,16.6,,pre,1,DIAMOND,MIDDLE,,,False,0,observed_new,True,pre_only
Nami|16.7,P368,Nami,16.7,16.6,,post,1,DIAMOND,MIDDLE,,,False,,,False,post_only
Nami|16.7,P375,Nami,16.7,16.6,,post,3,DIAMOND,UTILITY,9,established_5plus,True,2,limited_1_4,True,both
Nami|16.7,P375,Nami,16.7,16.6,,pre,1,DIAMOND,UTILITY,8,established_5plus,True,1,limited_1_4,True,both
Nami|16.7,P391,Nami,16.7,16.6,,post,7,DIAMOND,UTILITY,0,observed_new,True,0,observed_new,True,post_only
Nami|16.7,P401,Nami,16.7,16.6,,post,3,MASTER+,UTILITY,,,False,8,established_5plus,True,both
Nami|16.7,P401,Nami,16.7,16.6,,pre,5,MASTER+,UTILITY,,,False,,,False,both
Nami|16.7,P414,Nami,16.7,16.6,,pre,3,MASTER+,UTILITY,2,limited_1_4,True,0,observed_new,True,pre_only
Nami|16.7,P432,Nami,16.7,16.6,,post,44,MASTER+,UTILITY,91,established_5plus,True,44,established_5plus,True,both
Nami|16.7,P432,Nami,16.7,16.6,,pre,34,MASTER+,UTILITY,,,False,47,established_5plus,True,both
Nami|16.7,P441,Nami,16.7,16.6,,post,1,MASTER+,UTILITY,,,False,,,False,post_only
Nami|16.7,P444,Nami,16.7,16.6,,post,8,MASTER+,UTILITY,41,established_5plus,True,17,established_5plus,True,both
Nami|16.7,P444,Nami,16.7,16.6,,pre,1,MASTER+,UTILITY,40,established_5plus,True,17,established_5plus,True,both
Nami|16.7,P445,Nami,16.7,16.6,,post,1,MASTER+,UTILITY,,,False,2,limited_1_4,True,both
Nami|16.7,P445,Nami,16.7,16.6,,pre,2,MASTER+,UTILITY,,,False,0,observed_new,True,both
Nami|16.7,P448,Nami,16.7,16.6,,pre,1,MASTER+,UTILITY,0,observed_new,True,0,observed_new,True,pre_only
Nami|16.7,P467,Nami,16.7,16.6,,pre,1,MASTER+,BOTTOM,3,limited_1_4,True,0,observed_new,True,pre_only
Ornn|16.7,P023,Ornn,16.7,16.6,,post,1,GOLD,MIDDLE,,,False,,,False,post_only
Ornn|16.7,P070,Ornn,16.7,16.6,,pre,1,GOLD,TOP,0,observed_new,True,0,observed_new,True,pre_only
Ornn|16.7,P145,Ornn,16.7,16.6,,pre,1,PLATINUM,TOP,1,limited_1_4,True,0,observed_new,True,pre_only
Ornn|16.7,P169,Ornn,16.7,16.6,,post,1,PLATINUM,BOTTOM,1,limited_1_4,True,1,limited_1_4,True,both
Ornn|16.7,P169,Ornn,16.7,16.6,,pre,1,PLATINUM,BOTTOM,0,observed_new,True,0,observed_new,True,both
Ornn|16.7,P193,Ornn,16.7,16.6,,post,5,PLATINUM,JUNGLE,,,False,,,False,both
Ornn|16.7,P193,Ornn,16.7,16.6,,pre,9,PLATINUM,JUNGLE,,,False,,,False,both
Ornn|16.7,P246,Ornn,16.7,16.6,,post,1,EMERALD,BOTTOM,0,observed_new,True,0,observed_new,True,post_only
Ornn|16.7,P250,Ornn,16.7,16.6,,pre,4,EMERALD,TOP,5,established_5plus,True,2,limited_1_4,True,pre_only
Ornn|16.7,P326,Ornn,16.7,16.6,,post,1,DIAMOND,BOTTOM,,,False,,,False,post_only
Ornn|16.7,P351,Ornn,16.7,16.6,,post,1,DIAMOND,MIDDLE,0,observed_new,True,0,observed_new,True,post_only
Ornn|16.7,P367,Ornn,16.7,16.6,,post,1,DIAMOND,MIDDLE,0,observed_new,True,0,observed_new,True,post_only
Ornn|16.7,P394,Ornn,16.7,16.6,,pre,1,DIAMOND,TOP,0,observed_new,True,0,observed_new,True,pre_only
Ornn|16.7,P413,Ornn,16.7,16.6,,post,1,MASTER+,MIDDLE,,,False,,,False,both
Ornn|16.7,P413,Ornn,16.7,16.6,,pre,2,MASTER+,MIDDLE,,,False,,,False,both
Ornn|16.7,P445,Ornn,16.7,16.6,,post,1,MASTER+,UTILITY,,,False,0,observed_new,True,post_only
Ornn|16.7,P453,Ornn,16.7,16.6,,post,3,MASTER+,TOP,2,limited_1_4,True,0,observed_new,True,both
Ornn|16.7,P453,Ornn,16.7,16.6,,pre,1,MASTER+,TOP,2,limited_1_4,True,1,limited_1_4,True,both
Ornn|16.7,P456,Ornn,16.7,16.6,,post,3,MASTER+,TOP,12,established_5plus,True,12,established_5plus,True,both
Ornn|16.7,P456,Ornn,16.7,16.6,,pre,12,MASTER+,TOP,,,False,0,observed_new,True,both
Ornn|16.7,P475,Ornn,16.7,16.6,,pre,5,MASTER+,TOP,,,False,0,observed_new,True,pre_only
Ornn|16.7,P484,Ornn,16.7,16.6,,pre,4,MASTER+,BOTTOM,0,observed_new,True,0,observed_new,True,pre_only
Rell|16.7,P347,Rell,16.7,16.6,,post,1,DIAMOND,UTILITY,3,limited_1_4,True,0,observed_new,True,post_only
Rell|16.7,P351,Rell,16.7,16.6,,post,1,DIAMOND,MIDDLE,,,False,0,observed_new,True,post_only
Rell|16.7,P352,Rell,16.7,16.6,,post,6,DIAMOND,UTILITY,18,established_5plus,True,6,established_5plus,True,both
Rell|16.7,P352,Rell,16.7,16.6,,pre,2,DIAMOND,UTILITY,17,established_5plus,True,8,established_5plus,True,both
Rell|16.7,P379,Rell,16.7,16.6,,pre,1,DIAMOND,UTILITY,2,limited_1_4,True,0,observed_new,True,pre_only
Rell|16.7,P391,Rell,16.7,16.6,,post,7,DIAMOND,UTILITY,6,established_5plus,True,2,limited_1_4,True,both
Rell|16.7,P391,Rell,16.7,16.6,,pre,2,DIAMOND,UTILITY,4,limited_1_4,True,4,limited_1_4,True,both
Rell|16.7,P401,Rell,16.7,16.6,,post,2,MASTER+,UTILITY,,,False,2,limited_1_4,True,post_only
Rell|16.7,P410,Rell,16.7,16.6,,pre,1,MASTER+,UTILITY,,,False,3,limited_1_4,True,pre_only
Rell|16.7,P441,Rell,16.7,16.6,,post,1,MASTER+,UTILITY,,,False,,,False,post_only
Shyvana|16.7,P007,Shyvana,16.7,16.6,,pre,4,GOLD,TOP,0,observed_new,True,0,observed_new,True,pre_only
Shyvana|16.7,P053,Shyvana,16.7,16.6,,pre,1,GOLD,TOP,0,observed_new,True,0,observed_new,True,pre_only
Shyvana|16.7,P074,Shyvana,16.7,16.6,,post,11,GOLD,TOP,,,False,4,limited_1_4,True,both
Shyvana|16.7,P074,Shyvana,16.7,16.6,,pre,4,GOLD,TOP,,,False,,,False,both
Shyvana|16.7,P091,Shyvana,16.7,16.6,,pre,8,GOLD,BOTTOM,0,observed_new,True,0,observed_new,True,pre_only
Shyvana|16.7,P094,Shyvana,16.7,16.6,,pre,3,GOLD,JUNGLE,4,limited_1_4,True,4,limited_1_4,True,pre_only
Shyvana|16.7,P130,Shyvana,16.7,16.6,,post,1,PLATINUM,JUNGLE,0,observed_new,True,0,observed_new,True,post_only
Shyvana|16.7,P157,Shyvana,16.7,16.6,,pre,3,PLATINUM,TOP,1,limited_1_4,True,0,observed_new,True,pre_only
Shyvana|16.7,P186,Shyvana,16.7,16.6,,pre,1,PLATINUM,JUNGLE,,,False,,,False,pre_only
Shyvana|16.7,P188,Shyvana,16.7,16.6,,post,1,PLATINUM,JUNGLE,10,established_5plus,True,10,established_5plus,True,both
Shyvana|16.7,P188,Shyvana,16.7,16.6,,pre,10,PLATINUM,JUNGLE,0,observed_new,True,0,observed_new,True,both
Shyvana|16.7,P265,Shyvana,16.7,16.6,,pre,1,EMERALD,MIDDLE,,,False,0,observed_new,True,pre_only
Shyvana|16.7,P281,Shyvana,16.7,16.6,,pre,3,EMERALD,TOP,0,observed_new,True,0,observed_new,True,pre_only
Shyvana|16.7,P308,Shyvana,16.7,16.6,,pre,6,DIAMOND,JUNGLE,,,False,0,observed_new,True,pre_only
Shyvana|16.7,P381,Shyvana,16.7,16.6,,post,1,DIAMOND,JUNGLE,5,established_5plus,True,5,established_5plus,True,both
Shyvana|16.7,P381,Shyvana,16.7,16.6,,pre,5,DIAMOND,JUNGLE,1,limited_1_4,True,0,observed_new,True,both
Shyvana|16.7,P398,Shyvana,16.7,16.6,,pre,1,DIAMOND,JUNGLE,0,observed_new,True,0,observed_new,True,pre_only
Shyvana|16.7,P400,Shyvana,16.7,16.6,,pre,2,DIAMOND,JUNGLE,0,observed_new,True,0,observed_new,True,pre_only
Shyvana|16.7,P415,Shyvana,16.7,16.6,,pre,3,MASTER+,JUNGLE,0,observed_new,True,0,observed_new,True,pre_only
Singed|16.7,P012,Singed,16.7,16.6,,pre,3,GOLD,UTILITY,0,observed_new,True,0,observed_new,True,pre_only
Singed|16.7,P029,Singed,16.7,16.6,,post,1,GOLD,TOP,14,established_5plus,True,10,established_5plus,True,both
Singed|16.7,P029,Singed,16.7,16.6,,pre,5,GOLD,TOP,14,established_5plus,True,8,established_5plus,True,both
Singed|16.7,P045,Singed,16.7,16.6,,pre,1,GOLD,UTILITY,0,observed_new,True,0,observed_new,True,pre_only
Singed|16.7,P061,Singed,16.7,16.6,,pre,2,GOLD,TOP,,,False,0,observed_new,True,pre_only
Singed|16.7,P070,Singed,16.7,16.6,,pre,1,GOLD,TOP,0,observed_new,True,0,observed_new,True,pre_only
Singed|16.7,P094,Singed,16.7,16.6,,post,1,GOLD,JUNGLE,7,established_5plus,True,2,limited_1_4,True,both
Singed|16.7,P094,Singed,16.7,16.6,,pre,1,GOLD,JUNGLE,6,established_5plus,True,1,limited_1_4,True,both
Singed|16.7,P160,Singed,16.7,16.6,,pre,1,PLATINUM,UTILITY,1,limited_1_4,True,1,limited_1_4,True,pre_only
Singed|16.7,P338,Singed,16.7,16.6,,post,1,DIAMOND,UTILITY,22,established_5plus,True,5,established_5plus,True,post_only
Singed|16.7,P380,Singed,16.7,16.6,,post,1,DIAMOND,TOP,,,False,48,established_5plus,True,both
Singed|16.7,P380,Singed,16.7,16.6,,pre,3,DIAMOND,TOP,,,False,48,established_5plus,True,both
Singed|16.7,P425,Singed,16.7,16.6,,pre,3,MASTER+,JUNGLE,0,observed_new,True,0,observed_new,True,pre_only
Veigar|16.7,P003,Veigar,16.7,16.6,,pre,2,GOLD,UTILITY,,,False,12,established_5plus,True,pre_only
Veigar|16.7,P061,Veigar,16.7,16.6,,post,1,GOLD,TOP,0,observed_new,True,0,observed_new,True,post_only
Veigar|16.7,P092,Veigar,16.7,16.6,,pre,1,GOLD,BOTTOM,31,established_5plus,True,0,observed_new,True,pre_only
Veigar|16.7,P131,Veigar,16.7,16.6,,pre,1,PLATINUM,JUNGLE,0,observed_new,True,0,observed_new,True,pre_only
Veigar|16.7,P138,Veigar,16.7,16.6,,post,1,PLATINUM,MIDDLE,6,established_5plus,True,5,established_5plus,True,post_only
Veigar|16.7,P169,Veigar,16.7,16.6,,post,1,PLATINUM,BOTTOM,1,limited_1_4,True,0,observed_new,True,both
Veigar|16.7,P169,Veigar,16.7,16.6,,pre,1,PLATINUM,BOTTOM,0,observed_new,True,0,observed_new,True,both
Veigar|16.7,P185,Veigar,16.7,16.6,,post,1,PLATINUM,UTILITY,,,False,0,observed_new,True,post_only
Veigar|16.7,P218,Veigar,16.7,16.6,,pre,1,EMERALD,UTILITY,1,limited_1_4,True,0,observed_new,True,pre_only
Veigar|16.7,P274,Veigar,16.7,16.6,,post,4,EMERALD,MIDDLE,7,established_5plus,True,7,established_5plus,True,both
Veigar|16.7,P274,Veigar,16.7,16.6,,pre,3,EMERALD,MIDDLE,4,limited_1_4,True,4,limited_1_4,True,both
Veigar|16.7,P275,Veigar,16.7,16.6,,post,1,EMERALD,BOTTOM,,,False,1,limited_1_4,True,post_only
Veigar|16.7,P278,Veigar,16.7,16.6,,post,23,EMERALD,JUNGLE,89,established_5plus,True,45,established_5plus,True,both
Veigar|16.7,P278,Veigar,16.7,16.6,,pre,26,EMERALD,JUNGLE,90,established_5plus,True,46,established_5plus,True,both
Veigar|16.7,P303,Veigar,16.7,16.6,,pre,2,DIAMOND,UTILITY,4,limited_1_4,True,4,limited_1_4,True,pre_only
Veigar|16.7,P307,Veigar,16.7,16.6,,post,1,DIAMOND,BOTTOM,0,observed_new,True,0,observed_new,True,post_only
Veigar|16.7,P366,Veigar,16.7,16.6,,pre,1,DIAMOND,MIDDLE,1,limited_1_4,True,0,observed_new,True,pre_only
Veigar|16.7,P367,Veigar,16.7,16.6,,post,1,DIAMOND,MIDDLE,4,limited_1_4,True,3,limited_1_4,True,both
Veigar|16.7,P367,Veigar,16.7,16.6,,pre,1,DIAMOND,MIDDLE,,,False,2,limited_1_4,True,both
Veigar|16.7,P368,Veigar,16.7,16.6,,post,2,DIAMOND,MIDDLE,,,False,,,False,post_only
Veigar|16.7,P372,Veigar,16.7,16.6,,pre,1,DIAMOND,BOTTOM,0,observed_new,True,0,observed_new,True,pre_only
Veigar|16.7,P374,Veigar,16.7,16.6,,post,2,DIAMOND,UTILITY,13,established_5plus,True,5,established_5plus,True,both
Veigar|16.7,P374,Veigar,16.7,16.6,,pre,6,DIAMOND,UTILITY,25,established_5plus,True,12,established_5plus,True,both
Hwei|16.8,P185,Hwei,16.8,16.7,,pre,1,PLATINUM,UTILITY,,,False,3,limited_1_4,True,pre_only
Hwei|16.8,P332,Hwei,16.8,16.7,,post,1,DIAMOND,BOTTOM,,,False,0,observed_new,True,post_only
Hwei|16.8,P345,Hwei,16.8,16.7,,pre,1,DIAMOND,BOTTOM,16,established_5plus,True,5,established_5plus,True,pre_only
Hwei|16.8,P351,Hwei,16.8,16.7,,post,8,DIAMOND,MIDDLE,22,established_5plus,True,11,established_5plus,True,both
Hwei|16.8,P351,Hwei,16.8,16.7,,pre,22,DIAMOND,MIDDLE,7,established_5plus,True,1,limited_1_4,True,both
Hwei|16.8,P366,Hwei,16.8,16.7,,post,1,DIAMOND,MIDDLE,3,limited_1_4,True,2,limited_1_4,True,both
Hwei|16.8,P366,Hwei,16.8,16.7,,pre,2,DIAMOND,MIDDLE,2,limited_1_4,True,1,limited_1_4,True,both
Hwei|16.8,P385,Hwei,16.8,16.7,,pre,1,DIAMOND,BOTTOM,0,observed_new,True,0,observed_new,True,pre_only
Hwei|16.8,P426,Hwei,16.8,16.7,,post,8,MASTER+,MIDDLE,4,limited_1_4,True,4,limited_1_4,True,both
Hwei|16.8,P426,Hwei,16.8,16.7,,pre,1,MASTER+,MIDDLE,3,limited_1_4,True,3,limited_1_4,True,both
Hwei|16.8,P445,Hwei,16.8,16.7,,pre,1,MASTER+,UTILITY,,,False,0,observed_new,True,pre_only
Hwei|16.8,P455,Hwei,16.8,16.7,,post,6,MASTER+,MIDDLE,4,limited_1_4,True,4,limited_1_4,True,both
Hwei|16.8,P455,Hwei,16.8,16.7,,pre,2,MASTER+,MIDDLE,2,limited_1_4,True,2,limited_1_4,True,both
Hwei|16.8,P462,Hwei,16.8,16.7,,post,1,MASTER+,MIDDLE,1,limited_1_4,True,1,limited_1_4,True,both
Hwei|16.8,P462,Hwei,16.8,16.7,,pre,1,MASTER+,MIDDLE,0,observed_new,True,0,observed_new,True,both
Hwei|16.8,P484,Hwei,16.8,16.7,,post,1,MASTER+,BOTTOM,2,limited_1_4,True,1,limited_1_4,True,post_only
Karma|16.8,P045,Karma,16.8,16.7,,post,1,GOLD,UTILITY,33,established_5plus,True,12,established_5plus,True,both
Karma|16.8,P045,Karma,16.8,16.7,,pre,5,GOLD,UTILITY,35,established_5plus,True,15,established_5plus,True,both
Karma|16.8,P178,Karma,16.8,16.7,,post,1,PLATINUM,UTILITY,,,False,,,False,post_only
Karma|16.8,P183,Karma,16.8,16.7,,post,1,PLATINUM,UTILITY,,,False,0,observed_new,True,post_only
Karma|16.8,P232,Karma,16.8,16.7,,pre,1,EMERALD,JUNGLE,0,observed_new,True,0,observed_new,True,pre_only
Karma|16.8,P237,Karma,16.8,16.7,,post,3,EMERALD,UTILITY,,,False,,,False,post_only
Karma|16.8,P257,Karma,16.8,16.7,,pre,1,EMERALD,MIDDLE,1,limited_1_4,True,1,limited_1_4,True,pre_only
Karma|16.8,P284,Karma,16.8,16.7,,post,3,EMERALD,UTILITY,14,established_5plus,True,6,established_5plus,True,both
Karma|16.8,P284,Karma,16.8,16.7,,pre,3,EMERALD,UTILITY,18,established_5plus,True,10,established_5plus,True,both
Karma|16.8,P303,Karma,16.8,16.7,,post,1,DIAMOND,UTILITY,2,limited_1_4,True,2,limited_1_4,True,post_only
Karma|16.8,P347,Karma,16.8,16.7,,post,1,DIAMOND,UTILITY,3,limited_1_4,True,2,limited_1_4,True,post_only
Karma|16.8,P351,Karma,16.8,16.7,,pre,3,DIAMOND,MIDDLE,,,False,0,observed_new,True,pre_only
Karma|16.8,P352,Karma,16.8,16.7,,post,10,DIAMOND,UTILITY,23,established_5plus,True,13,established_5plus,True,both
Karma|16.8,P352,Karma,16.8,16.7,,pre,5,DIAMOND,UTILITY,21,established_5plus,True,13,established_5plus,True,both
Karma|16.8,P361,Karma,16.8,16.7,,pre,2,DIAMOND,MIDDLE,1,limited_1_4,True,0,observed_new,True,pre_only
Karma|16.8,P379,Karma,16.8,16.7,,pre,1,DIAMOND,UTILITY,2,limited_1_4,True,1,limited_1_4,True,pre_only
Karma|16.8,P391,Karma,16.8,16.7,,post,3,DIAMOND,UTILITY,9,established_5plus,True,5,established_5plus,True,both
Karma|16.8,P391,Karma,16.8,16.7,,pre,7,DIAMOND,UTILITY,11,established_5plus,True,3,limited_1_4,True,both
Karma|16.8,P419,Karma,16.8,16.7,,pre,2,MASTER+,BOTTOM,0,observed_new,True,0,observed_new,True,pre_only
Karma|16.8,P432,Karma,16.8,16.7,,pre,1,MASTER+,UTILITY,4,limited_1_4,True,0,observed_new,True,pre_only
Karma|16.8,P434,Karma,16.8,16.7,,post,2,MASTER+,UTILITY,,,False,,,False,post_only
Karma|16.8,P440,Karma,16.8,16.7,,pre,3,MASTER+,UTILITY,4,limited_1_4,True,2,limited_1_4,True,pre_only
Karma|16.8,P441,Karma,16.8,16.7,,pre,1,MASTER+,UTILITY,,,False,,,False,pre_only
Karma|16.8,P444,Karma,16.8,16.7,,post,29,MASTER+,UTILITY,34,established_5plus,True,22,established_5plus,True,both
Karma|16.8,P444,Karma,16.8,16.7,,pre,20,MASTER+,UTILITY,14,established_5plus,True,14,established_5plus,True,both
Karma|16.8,P445,Karma,16.8,16.7,,pre,3,MASTER+,UTILITY,,,False,1,limited_1_4,True,pre_only
Karma|16.8,P456,Karma,16.8,16.7,,pre,1,MASTER+,TOP,0,observed_new,True,0,observed_new,True,pre_only
Karma|16.8,P462,Karma,16.8,16.7,,pre,2,MASTER+,MIDDLE,2,limited_1_4,True,2,limited_1_4,True,pre_only
Karma|16.8,P467,Karma,16.8,16.7,,post,1,MASTER+,BOTTOM,2,limited_1_4,True,1,limited_1_4,True,both
Karma|16.8,P467,Karma,16.8,16.7,,pre,1,MASTER+,BOTTOM,2,limited_1_4,True,1,limited_1_4,True,both
Karma|16.8,P493,Karma,16.8,16.7,,pre,1,MASTER+,JUNGLE,,,False,,,False,pre_only
Lillia|16.8,P008,Lillia,16.8,16.7,,post,1,GOLD,JUNGLE,,,False,2,limited_1_4,True,post_only
Lillia|16.8,P069,Lillia,16.8,16.7,,pre,1,GOLD,BOTTOM,1,limited_1_4,True,1,limited_1_4,True,pre_only
Lillia|16.8,P146,Lillia,16.8,16.7,,post,1,PLATINUM,MIDDLE,0,observed_new,True,0,observed_new,True,post_only
Lillia|16.8,P169,Lillia,16.8,16.7,,post,1,PLATINUM,BOTTOM,2,limited_1_4,True,0,observed_new,True,post_only
Lillia|16.8,P186,Lillia,16.8,16.7,,post,1,PLATINUM,JUNGLE,,,False,1,limited_1_4,True,both
Lillia|16.8,P186,Lillia,16.8,16.7,,pre,1,PLATINUM,JUNGLE,,,False,,,False,both
Lillia|16.8,P242,Lillia,16.8,16.7,,post,5,EMERALD,JUNGLE,,,False,39,established_5plus,True,both
Lillia|16.8,P242,Lillia,16.8,16.7,,pre,2,EMERALD,JUNGLE,,,False,39,established_5plus,True,both
Lillia|16.8,P378,Lillia,16.8,16.7,,pre,6,DIAMOND,JUNGLE,13,established_5plus,True,4,limited_1_4,True,pre_only
Lillia|16.8,P400,Lillia,16.8,16.7,,pre,1,DIAMOND,JUNGLE,2,limited_1_4,True,2,limited_1_4,True,pre_only
Lillia|16.8,P419,Lillia,16.8,16.7,,post,1,MASTER+,BOTTOM,0,observed_new,True,0,observed_new,True,post_only
Lillia|16.8,P495,Lillia,16.8,16.7,,post,1,MASTER+,JUNGLE,0,observed_new,True,0,observed_new,True,post_only
Lucian|16.8,P004,Lucian,16.8,16.7,,post,2,GOLD,MIDDLE,1,limited_1_4,True,0,observed_new,True,post_only
Lucian|16.8,P012,Lucian,16.8,16.7,,post,1,GOLD,UTILITY,1,limited_1_4,True,1,limited_1_4,True,both
Lucian|16.8,P012,Lucian,16.8,16.7,,pre,1,GOLD,UTILITY,0,observed_new,True,0,observed_new,True,both
Lucian|16.8,P053,Lucian,16.8,16.7,,post,3,GOLD,TOP,0,observed_new,True,0,observed_new,True,post_only
Lucian|16.8,P109,Lucian,16.8,16.7,,pre,1,PLATINUM,MIDDLE,0,observed_new,True,0,observed_new,True,pre_only
Lucian|16.8,P131,Lucian,16.8,16.7,,post,1,PLATINUM,JUNGLE,6,established_5plus,True,2,limited_1_4,True,post_only
Lucian|16.8,P203,Lucian,16.8,16.7,,post,4,EMERALD,BOTTOM,7,established_5plus,True,0,observed_new,True,both
Lucian|16.8,P203,Lucian,16.8,16.7,,pre,1,EMERALD,BOTTOM,11,established_5plus,True,6,established_5plus,True,both
Lucian|16.8,P246,Lucian,16.8,16.7,,pre,1,EMERALD,BOTTOM,4,limited_1_4,True,2,limited_1_4,True,pre_only
Lucian|16.8,P254,Lucian,16.8,16.7,,post,1,EMERALD,JUNGLE,6,established_5plus,True,1,limited_1_4,True,both
Lucian|16.8,P254,Lucian,16.8,16.7,,pre,1,EMERALD,JUNGLE,,,False,3,limited_1_4,True,both
Lucian|16.8,P326,Lucian,16.8,16.7,,post,1,DIAMOND,BOTTOM,,,False,,,False,post_only
Lucian|16.8,P327,Lucian,16.8,16.7,,pre,1,DIAMOND,UTILITY,,,False,1,limited_1_4,True,pre_only
Lucian|16.8,P351,Lucian,16.8,16.7,,post,1,DIAMOND,MIDDLE,0,observed_new,True,0,observed_new,True,post_only
Lucian|16.8,P371,Lucian,16.8,16.7,,pre,1,DIAMOND,BOTTOM,,,False,,,False,pre_only
Lucian|16.8,P400,Lucian,16.8,16.7,,post,1,DIAMOND,JUNGLE,4,limited_1_4,True,0,observed_new,True,post_only
Lucian|16.8,P416,Lucian,16.8,16.7,,post,1,MASTER+,MIDDLE,0,observed_new,True,0,observed_new,True,post_only
Lucian|16.8,P419,Lucian,16.8,16.7,,post,1,MASTER+,BOTTOM,2,limited_1_4,True,0,observed_new,True,post_only
Lucian|16.8,P438,Lucian,16.8,16.7,,pre,1,MASTER+,MIDDLE,,,False,,,False,pre_only
Lucian|16.8,P449,Lucian,16.8,16.7,,post,1,MASTER+,JUNGLE,0,observed_new,True,0,observed_new,True,post_only
Mel|16.8,P006,Mel,16.8,16.7,,pre,2,GOLD,UTILITY,0,observed_new,True,0,observed_new,True,pre_only
Mel|16.8,P012,Mel,16.8,16.7,,post,1,GOLD,UTILITY,2,limited_1_4,True,2,limited_1_4,True,post_only
Mel|16.8,P028,Mel,16.8,16.7,,post,1,GOLD,MIDDLE,2,limited_1_4,True,0,observed_new,True,both
Mel|16.8,P028,Mel,16.8,16.7,,pre,1,GOLD,MIDDLE,1,limited_1_4,True,1,limited_1_4,True,both
Mel|16.8,P069,Mel,16.8,16.7,,post,3,GOLD,BOTTOM,22,established_5plus,True,10,established_5plus,True,both
Mel|16.8,P069,Mel,16.8,16.7,,pre,10,GOLD,BOTTOM,24,established_5plus,True,10,established_5plus,True,both
Mel|16.8,P124,Mel,16.8,16.7,,post,1,PLATINUM,MIDDLE,,,False,,,False,post_only
Mel|16.8,P138,Mel,16.8,16.7,,pre,1,PLATINUM,MIDDLE,11,established_5plus,True,3,limited_1_4,True,pre_only
Mel|16.8,P146,Mel,16.8,16.7,,post,1,PLATINUM,MIDDLE,4,limited_1_4,True,1,limited_1_4,True,both
Mel|16.8,P146,Mel,16.8,16.7,,pre,1,PLATINUM,MIDDLE,4,limited_1_4,True,1,limited_1_4,True,both
Mel|16.8,P160,Mel,16.8,16.7,,pre,1,PLATINUM,UTILITY,2,limited_1_4,True,1,limited_1_4,True,pre_only
Mel|16.8,P183,Mel,16.8,16.7,,post,1,PLATINUM,UTILITY,,,False,0,observed_new,True,post_only
Mel|16.8,P185,Mel,16.8,16.7,,pre,1,PLATINUM,UTILITY,,,False,0,observed_new,True,pre_only
Mel|16.8,P186,Mel,16.8,16.7,,pre,1,PLATINUM,JUNGLE,,,False,,,False,pre_only
Mel|16.8,P248,Mel,16.8,16.7,,pre,1,EMERALD,JUNGLE,0,observed_new,True,0,observed_new,True,pre_only
Mel|16.8,P275,Mel,16.8,16.7,,post,2,EMERALD,BOTTOM,0,observed_new,True,0,observed_new,True,post_only
Mel|16.8,P351,Mel,16.8,16.7,,post,3,DIAMOND,MIDDLE,2,limited_1_4,True,1,limited_1_4,True,both
Mel|16.8,P351,Mel,16.8,16.7,,pre,2,DIAMOND,MIDDLE,1,limited_1_4,True,0,observed_new,True,both
Mel|16.8,P368,Mel,16.8,16.7,,post,2,DIAMOND,MIDDLE,,,False,0,observed_new,True,post_only
Mel|16.8,P391,Mel,16.8,16.7,,pre,1,DIAMOND,UTILITY,0,observed_new,True,0,observed_new,True,pre_only
Mel|16.8,P455,Mel,16.8,16.7,,post,1,MASTER+,MIDDLE,8,established_5plus,True,4,limited_1_4,True,post_only
Mel|16.8,P462,Mel,16.8,16.7,,pre,1,MASTER+,MIDDLE,2,limited_1_4,True,2,limited_1_4,True,pre_only
Mel|16.8,P476,Mel,16.8,16.7,,post,1,MASTER+,JUNGLE,6,established_5plus,True,6,established_5plus,True,both
Mel|16.8,P476,Mel,16.8,16.7,,pre,6,MASTER+,JUNGLE,0,observed_new,True,0,observed_new,True,both
Yuumi|16.8,P044,Yuumi,16.8,16.7,,pre,1,GOLD,UTILITY,,,False,,,False,pre_only
Yuumi|16.8,P149,Yuumi,16.8,16.7,,post,2,PLATINUM,TOP,0,observed_new,True,0,observed_new,True,post_only
Yuumi|16.8,P284,Yuumi,16.8,16.7,,pre,1,EMERALD,UTILITY,3,limited_1_4,True,2,limited_1_4,True,pre_only
Yuumi|16.8,P334,Yuumi,16.8,16.7,,post,13,DIAMOND,UTILITY,,,False,15,established_5plus,True,both
Yuumi|16.8,P334,Yuumi,16.8,16.7,,pre,5,DIAMOND,UTILITY,,,False,15,established_5plus,True,both
Yuumi|16.8,P352,Yuumi,16.8,16.7,,post,32,DIAMOND,UTILITY,44,established_5plus,True,24,established_5plus,True,both
Yuumi|16.8,P352,Yuumi,16.8,16.7,,pre,8,DIAMOND,UTILITY,44,established_5plus,True,23,established_5plus,True,both
Zilean|16.8,P127,Zilean,16.8,16.7,,post,6,PLATINUM,UTILITY,,,False,,,False,both
Zilean|16.8,P127,Zilean,16.8,16.7,,pre,5,PLATINUM,UTILITY,,,False,,,False,both
Zilean|16.8,P138,Zilean,16.8,16.7,,post,4,PLATINUM,MIDDLE,0,observed_new,True,0,observed_new,True,post_only
Zilean|16.8,P155,Zilean,16.8,16.7,,pre,1,PLATINUM,UTILITY,,,False,0,observed_new,True,pre_only
Zilean|16.8,P227,Zilean,16.8,16.7,,pre,1,EMERALD,TOP,,,False,0,observed_new,True,pre_only
Zilean|16.8,P375,Zilean,16.8,16.7,,post,1,DIAMOND,UTILITY,1,limited_1_4,True,1,limited_1_4,True,both
Zilean|16.8,P375,Zilean,16.8,16.7,,pre,1,DIAMOND,UTILITY,0,observed_new,True,0,observed_new,True,both
Zilean|16.8,P379,Zilean,16.8,16.7,,post,1,DIAMOND,UTILITY,6,established_5plus,True,3,limited_1_4,True,both
Zilean|16.8,P379,Zilean,16.8,16.7,,pre,3,DIAMOND,UTILITY,4,limited_1_4,True,3,limited_1_4,True,both
Zilean|16.8,P410,Zilean,16.8,16.7,,post,1,MASTER+,UTILITY,,,False,9,established_5plus,True,post_only
Zilean|16.8,P432,Zilean,16.8,16.7,,pre,1,MASTER+,UTILITY,0,observed_new,True,0,observed_new,True,pre_only
Zilean|16.8,P441,Zilean,16.8,16.7,,post,1,MASTER+,UTILITY,,,False,,,False,post_only
Zyra|16.8,P044,Zyra,16.8,16.7,,post,8,GOLD,UTILITY,,,False,,,False,both
Zyra|16.8,P044,Zyra,16.8,16.7,,pre,18,GOLD,UTILITY,,,False,,,False,both
Zyra|16.8,P129,Zyra,16.8,16.7,,pre,3,PLATINUM,UTILITY,28,established_5plus,True,9,established_5plus,True,pre_only
Zyra|16.8,P152,Zyra,16.8,16.7,,post,4,PLATINUM,UTILITY,1,limited_1_4,True,1,limited_1_4,True,both
Zyra|16.8,P152,Zyra,16.8,16.7,,pre,1,PLATINUM,UTILITY,0,observed_new,True,0,observed_new,True,both
Zyra|16.8,P155,Zyra,16.8,16.7,,pre,1,PLATINUM,UTILITY,,,False,0,observed_new,True,pre_only
Zyra|16.8,P370,Zyra,16.8,16.7,,pre,23,DIAMOND,JUNGLE,21,established_5plus,True,9,established_5plus,True,pre_only
Zyra|16.8,P416,Zyra,16.8,16.7,,post,1,MASTER+,MIDDLE,0,observed_new,True,0,observed_new,True,post_only
Zyra|16.8,P444,Zyra,16.8,16.7,,post,1,MASTER+,UTILITY,0,observed_new,True,0,observed_new,True,post_only
Zyra|16.8,P445,Zyra,16.8,16.7,,pre,2,MASTER+,UTILITY,,,False,6,established_5plus,True,pre_only
Ambessa|16.9,P034,Ambessa,16.9,16.8,,pre,1,GOLD,BOTTOM,0,observed_new,True,0,observed_new,True,pre_only
Ambessa|16.9,P157,Ambessa,16.9,16.8,,post,1,PLATINUM,TOP,0,observed_new,True,0,observed_new,True,post_only
Ambessa|16.9,P182,Ambessa,16.9,16.8,,post,1,PLATINUM,TOP,,,False,1,limited_1_4,True,post_only
Ambessa|16.9,P186,Ambessa,16.9,16.8,,pre,2,PLATINUM,JUNGLE,,,False,1,limited_1_4,True,pre_only
Ambessa|16.9,P189,Ambessa,16.9,16.8,,post,1,PLATINUM,TOP,1,limited_1_4,True,0,observed_new,True,post_only
Ambessa|16.9,P238,Ambessa,16.9,16.8,,post,4,EMERALD,JUNGLE,1,limited_1_4,True,0,observed_new,True,both
Ambessa|16.9,P238,Ambessa,16.9,16.8,,pre,1,EMERALD,JUNGLE,,,False,0,observed_new,True,both
Ambessa|16.9,P248,Ambessa,16.9,16.8,,pre,2,EMERALD,JUNGLE,16,established_5plus,True,16,established_5plus,True,pre_only
Ambessa|16.9,P308,Ambessa,16.9,16.8,,pre,1,DIAMOND,JUNGLE,3,limited_1_4,True,1,limited_1_4,True,pre_only
Ambessa|16.9,P310,Ambessa,16.9,16.8,,post,2,DIAMOND,TOP,,,False,4,limited_1_4,True,post_only
Ambessa|16.9,P351,Ambessa,16.9,16.8,,post,2,DIAMOND,MIDDLE,5,established_5plus,True,0,observed_new,True,both
Ambessa|16.9,P351,Ambessa,16.9,16.8,,pre,5,DIAMOND,MIDDLE,0,observed_new,True,0,observed_new,True,both
Ambessa|16.9,P353,Ambessa,16.9,16.8,,post,1,DIAMOND,JUNGLE,25,established_5plus,True,13,established_5plus,True,both
Ambessa|16.9,P353,Ambessa,16.9,16.8,,pre,9,DIAMOND,JUNGLE,21,established_5plus,True,11,established_5plus,True,both
Ambessa|16.9,P385,Ambessa,16.9,16.8,,pre,2,DIAMOND,BOTTOM,1,limited_1_4,True,1,limited_1_4,True,pre_only
Ambessa|16.9,P396,Ambessa,16.9,16.8,,pre,1,DIAMOND,JUNGLE,,,False,2,limited_1_4,True,pre_only
Ambessa|16.9,P412,Ambessa,16.9,16.8,,post,6,MASTER+,TOP,21,established_5plus,True,7,established_5plus,True,both
Ambessa|16.9,P412,Ambessa,16.9,16.8,,pre,11,MASTER+,TOP,18,established_5plus,True,10,established_5plus,True,both
Ambessa|16.9,P464,Ambessa,16.9,16.8,,pre,2,MASTER+,JUNGLE,1,limited_1_4,True,1,limited_1_4,True,pre_only
Ambessa|16.9,P470,Ambessa,16.9,16.8,,post,2,MASTER+,TOP,,,False,2,limited_1_4,True,both
Ambessa|16.9,P470,Ambessa,16.9,16.8,,pre,2,MASTER+,TOP,,,False,,,False,both
Ambessa|16.9,P473,Ambessa,16.9,16.8,,post,1,MASTER+,TOP,,,False,,,False,post_only
Ambessa|16.9,P495,Ambessa,16.9,16.8,,pre,3,MASTER+,JUNGLE,0,observed_new,True,0,observed_new,True,pre_only
Briar|16.9,P064,Briar,16.9,16.8,,pre,1,GOLD,BOTTOM,,,False,,,False,pre_only
Briar|16.9,P093,Briar,16.9,16.8,,post,1,GOLD,JUNGLE,,,False,6,established_5plus,True,post_only
Briar|16.9,P149,Briar,16.9,16.8,,post,2,PLATINUM,TOP,4,limited_1_4,True,4,limited_1_4,True,both
Briar|16.9,P149,Briar,16.9,16.8,,pre,4,PLATINUM,TOP,2,limited_1_4,True,0,observed_new,True,both
Briar|16.9,P238,Briar,16.9,16.8,,post,1,EMERALD,JUNGLE,0,observed_new,True,0,observed_new,True,post_only
Briar|16.9,P243,Briar,16.9,16.8,,post,10,EMERALD,TOP,,,False,,,False,post_only
Ezreal|16.9,P007,Ezreal,16.9,16.8,,pre,2,GOLD,TOP,2,limited_1_4,True,2,limited_1_4,True,pre_only
Ezreal|16.9,P136,Ezreal,16.9,16.8,,post,1,PLATINUM,MIDDLE,0,observed_new,True,0,observed_new,True,post_only
Ezreal|16.9,P138,Ezreal,16.9,16.8,,post,3,PLATINUM,MIDDLE,10,established_5plus,True,6,established_5plus,True,both
Ezreal|16.9,P138,Ezreal,16.9,16.8,,pre,3,PLATINUM,MIDDLE,7,established_5plus,True,4,limited_1_4,True,both
Ezreal|16.9,P166,Ezreal,16.9,16.8,,post,1,PLATINUM,BOTTOM,,,False,,,False,post_only
Ezreal|16.9,P176,Ezreal,16.9,16.8,,post,1,PLATINUM,BOTTOM,,,False,1,limited_1_4,True,both
Ezreal|16.9,P176,Ezreal,16.9,16.8,,pre,1,PLATINUM,BOTTOM,,,False,,,False,both
Ezreal|16.9,P203,Ezreal,16.9,16.8,,pre,3,EMERALD,BOTTOM,3,limited_1_4,True,1,limited_1_4,True,pre_only
Ezreal|16.9,P213,Ezreal,16.9,16.8,,pre,1,EMERALD,BOTTOM,20,established_5plus,True,15,established_5plus,True,pre_only
Ezreal|16.9,P220,Ezreal,16.9,16.8,,post,2,EMERALD,BOTTOM,3,limited_1_4,True,1,limited_1_4,True,post_only
Ezreal|16.9,P226,Ezreal,16.9,16.8,,post,3,EMERALD,JUNGLE,,,False,0,observed_new,True,post_only
Ezreal|16.9,P244,Ezreal,16.9,16.8,,post,2,EMERALD,BOTTOM,,,False,,,False,post_only
Ezreal|16.9,P246,Ezreal,16.9,16.8,,post,3,EMERALD,BOTTOM,3,limited_1_4,True,2,limited_1_4,True,both
Ezreal|16.9,P246,Ezreal,16.9,16.8,,pre,1,EMERALD,BOTTOM,2,limited_1_4,True,1,limited_1_4,True,both
Ezreal|16.9,P249,Ezreal,16.9,16.8,,post,1,EMERALD,BOTTOM,11,established_5plus,True,10,established_5plus,True,both
Ezreal|16.9,P249,Ezreal,16.9,16.8,,pre,1,EMERALD,BOTTOM,10,established_5plus,True,9,established_5plus,True,both
Ezreal|16.9,P254,Ezreal,16.9,16.8,,post,3,EMERALD,JUNGLE,45,established_5plus,True,16,established_5plus,True,both
Ezreal|16.9,P254,Ezreal,16.9,16.8,,pre,4,EMERALD,JUNGLE,47,established_5plus,True,18,established_5plus,True,both
Ezreal|16.9,P266,Ezreal,16.9,16.8,,post,9,EMERALD,MIDDLE,1,limited_1_4,True,1,limited_1_4,True,post_only
Ezreal|16.9,P275,Ezreal,16.9,16.8,,pre,2,EMERALD,BOTTOM,5,established_5plus,True,2,limited_1_4,True,pre_only
Ezreal|16.9,P279,Ezreal,16.9,16.8,,post,4,EMERALD,BOTTOM,0,observed_new,True,0,observed_new,True,post_only
Ezreal|16.9,P290,Ezreal,16.9,16.8,,post,1,EMERALD,UTILITY,,,False,,,False,post_only
Ezreal|16.9,P296,Ezreal,16.9,16.8,,post,2,EMERALD,UTILITY,,,False,0,observed_new,True,post_only
Ezreal|16.9,P301,Ezreal,16.9,16.8,,pre,1,DIAMOND,JUNGLE,,,False,,,False,pre_only
Ezreal|16.9,P302,Ezreal,16.9,16.8,,post,1,DIAMOND,UTILITY,,,False,1,limited_1_4,True,post_only
Ezreal|16.9,P307,Ezreal,16.9,16.8,,post,4,DIAMOND,BOTTOM,20,established_5plus,True,2,limited_1_4,True,both
Ezreal|16.9,P307,Ezreal,16.9,16.8,,pre,2,DIAMOND,BOTTOM,24,established_5plus,True,5,established_5plus,True,both
Ezreal|16.9,P332,Ezreal,16.9,16.8,,pre,1,DIAMOND,BOTTOM,,,False,2,limited_1_4,True,pre_only
Ezreal|16.9,P333,Ezreal,16.9,16.8,,pre,1,DIAMOND,BOTTOM,9,established_5plus,True,4,limited_1_4,True,pre_only
Ezreal|16.9,P345,Ezreal,16.9,16.8,,post,1,DIAMOND,BOTTOM,0,observed_new,True,0,observed_new,True,post_only
Ezreal|16.9,P356,Ezreal,16.9,16.8,,post,1,DIAMOND,MIDDLE,0,observed_new,True,0,observed_new,True,post_only
Ezreal|16.9,P367,Ezreal,16.9,16.8,,post,3,DIAMOND,MIDDLE,3,limited_1_4,True,3,limited_1_4,True,both
Ezreal|16.9,P367,Ezreal,16.9,16.8,,pre,3,DIAMOND,MIDDLE,0,observed_new,True,0,observed_new,True,both
Ezreal|16.9,P416,Ezreal,16.9,16.8,,pre,2,MASTER+,MIDDLE,0,observed_new,True,0,observed_new,True,pre_only
Ezreal|16.9,P419,Ezreal,16.9,16.8,,post,7,MASTER+,BOTTOM,12,established_5plus,True,5,established_5plus,True,both
Ezreal|16.9,P419,Ezreal,16.9,16.8,,pre,1,MASTER+,BOTTOM,14,established_5plus,True,7,established_5plus,True,both
Ezreal|16.9,P427,Ezreal,16.9,16.8,,post,1,MASTER+,BOTTOM,0,observed_new,True,0,observed_new,True,post_only
Ezreal|16.9,P467,Ezreal,16.9,16.8,,post,2,MASTER+,BOTTOM,8,established_5plus,True,5,established_5plus,True,both
Ezreal|16.9,P467,Ezreal,16.9,16.8,,pre,2,MASTER+,BOTTOM,6,established_5plus,True,3,limited_1_4,True,both
Ezreal|16.9,P470,Ezreal,16.9,16.8,,post,1,MASTER+,TOP,,,False,0,observed_new,True,both
Ezreal|16.9,P470,Ezreal,16.9,16.8,,pre,4,MASTER+,TOP,,,False,,,False,both
Ezreal|16.9,P484,Ezreal,16.9,16.8,,post,14,MASTER+,BOTTOM,0,observed_new,True,0,observed_new,True,post_only
Ezreal|16.9,P489,Ezreal,16.9,16.8,,post,8,MASTER+,BOTTOM,31,established_5plus,True,18,established_5plus,True,both
Ezreal|16.9,P489,Ezreal,16.9,16.8,,pre,4,MASTER+,BOTTOM,30,established_5plus,True,16,established_5plus,True,both
Ezreal|16.9,P490,Ezreal,16.9,16.8,,post,8,MASTER+,BOTTOM,21,established_5plus,True,7,established_5plus,True,both
Ezreal|16.9,P490,Ezreal,16.9,16.8,,pre,1,MASTER+,BOTTOM,22,established_5plus,True,7,established_5plus,True,both
Ezreal|16.9,P497,Ezreal,16.9,16.8,,pre,11,MASTER+,TOP,,,False,,,False,pre_only
Gragas|16.9,P028,Gragas,16.9,16.8,,pre,1,GOLD,MIDDLE,0,observed_new,True,0,observed_new,True,pre_only
Gragas|16.9,P131,Gragas,16.9,16.8,,post,2,PLATINUM,JUNGLE,8,established_5plus,True,7,established_5plus,True,both
Gragas|16.9,P131,Gragas,16.9,16.8,,pre,4,PLATINUM,JUNGLE,4,limited_1_4,True,3,limited_1_4,True,both
Gragas|16.9,P217,Gragas,16.9,16.8,,post,1,EMERALD,TOP,0,observed_new,True,0,observed_new,True,post_only
Gragas|16.9,P250,Gragas,16.9,16.8,,post,1,EMERALD,TOP,1,limited_1_4,True,0,observed_new,True,post_only
Gragas|16.9,P320,Gragas,16.9,16.8,,post,2,DIAMOND,UTILITY,3,limited_1_4,True,3,limited_1_4,True,both
Gragas|16.9,P320,Gragas,16.9,16.8,,pre,3,DIAMOND,UTILITY,0,observed_new,True,0,observed_new,True,both
Gragas|16.9,P453,Gragas,16.9,16.8,,post,4,MASTER+,TOP,5,established_5plus,True,3,limited_1_4,True,both
Gragas|16.9,P453,Gragas,16.9,16.8,,pre,4,MASTER+,TOP,5,established_5plus,True,3,limited_1_4,True,both
Kennen|16.9,P028,Kennen,16.9,16.8,,post,1,GOLD,MIDDLE,0,observed_new,True,0,observed_new,True,post_only
Kennen|16.9,P116,Kennen,16.9,16.8,,post,1,PLATINUM,TOP,2,limited_1_4,True,2,limited_1_4,True,post_only
Kennen|16.9,P157,Kennen,16.9,16.8,,pre,1,PLATINUM,TOP,1,limited_1_4,True,0,observed_new,True,pre_only
Kennen|16.9,P217,Kennen,16.9,16.8,,pre,1,EMERALD,TOP,0,observed_new,True,0,observed_new,True,pre_only
Kennen|16.9,P219,Kennen,16.9,16.8,,post,1,EMERALD,MIDDLE,0,observed_new,True,0,observed_new,True,post_only
Kennen|16.9,P250,Kennen,16.9,16.8,,pre,1,EMERALD,TOP,0,observed_new,True,0,observed_new,True,pre_only
Kennen|16.9,P310,Kennen,16.9,16.8,,post,3,DIAMOND,TOP,,,False,22,established_5plus,True,both
Kennen|16.9,P310,Kennen,16.9,16.8,,pre,1,DIAMOND,TOP,,,False,22,established_5plus,True,both
Kennen|16.9,P438,Kennen,16.9,16.8,,pre,2,MASTER+,MIDDLE,,,False,2,limited_1_4,True,pre_only
Shyvana|16.9,P008,Shyvana,16.9,16.8,,post,1,GOLD,JUNGLE,,,False,2,limited_1_4,True,both
Shyvana|16.9,P008,Shyvana,16.9,16.8,,pre,1,GOLD,JUNGLE,,,False,1,limited_1_4,True,both
Shyvana|16.9,P014,Shyvana,16.9,16.8,,post,1,GOLD,JUNGLE,,,False,0,observed_new,True,post_only
Shyvana|16.9,P037,Shyvana,16.9,16.8,,pre,1,GOLD,JUNGLE,2,limited_1_4,True,0,observed_new,True,pre_only
Shyvana|16.9,P061,Shyvana,16.9,16.8,,pre,1,GOLD,TOP,0,observed_new,True,0,observed_new,True,pre_only
Shyvana|16.9,P091,Shyvana,16.9,16.8,,post,20,GOLD,BOTTOM,12,established_5plus,True,12,established_5plus,True,both
Shyvana|16.9,P091,Shyvana,16.9,16.8,,pre,4,GOLD,BOTTOM,8,established_5plus,True,8,established_5plus,True,both
Shyvana|16.9,P188,Shyvana,16.9,16.8,,pre,3,PLATINUM,JUNGLE,11,established_5plus,True,11,established_5plus,True,pre_only
Shyvana|16.9,P238,Shyvana,16.9,16.8,,post,6,EMERALD,JUNGLE,0,observed_new,True,0,observed_new,True,post_only
Shyvana|16.9,P342,Shyvana,16.9,16.8,,pre,1,DIAMOND,JUNGLE,0,observed_new,True,0,observed_new,True,pre_only
Shyvana|16.9,P381,Shyvana,16.9,16.8,,pre,1,DIAMOND,JUNGLE,6,established_5plus,True,6,established_5plus,True,pre_only
Shyvana|16.9,P465,Shyvana,16.9,16.8,,post,2,MASTER+,MIDDLE,,,False,,,False,post_only
Shyvana|16.9,P485,Shyvana,16.9,16.8,,post,5,MASTER+,BOTTOM,,,False,0,observed_new,True,post_only
Taliyah|16.9,P138,Taliyah,16.9,16.8,,pre,1,PLATINUM,MIDDLE,1,limited_1_4,True,0,observed_new,True,pre_only
Taliyah|16.9,P235,Taliyah,16.9,16.8,,pre,1,EMERALD,BOTTOM,,,False,,,False,pre_only
Taliyah|16.9,P345,Taliyah,16.9,16.8,,post,1,DIAMOND,BOTTOM,5,established_5plus,True,2,limited_1_4,True,post_only
Taliyah|16.9,P351,Taliyah,16.9,16.8,,post,3,DIAMOND,MIDDLE,2,limited_1_4,True,0,observed_new,True,both
Taliyah|16.9,P351,Taliyah,16.9,16.8,,pre,2,DIAMOND,MIDDLE,3,limited_1_4,True,1,limited_1_4,True,both
Taliyah|16.9,P354,Taliyah,16.9,16.8,,post,2,DIAMOND,MIDDLE,,,False,,,False,post_only
Taliyah|16.9,P439,Taliyah,16.9,16.8,,post,25,MASTER+,MIDDLE,,,False,11,established_5plus,True,both
Taliyah|16.9,P439,Taliyah,16.9,16.8,,pre,6,MASTER+,MIDDLE,,,False,,,False,both
Taliyah|16.9,P455,Taliyah,16.9,16.8,,post,2,MASTER+,MIDDLE,2,limited_1_4,True,0,observed_new,True,post_only
Teemo|16.9,P006,Teemo,16.9,16.8,,post,2,GOLD,UTILITY,2,limited_1_4,True,2,limited_1_4,True,post_only
Teemo|16.9,P016,Teemo,16.9,16.8,,pre,1,GOLD,JUNGLE,0,observed_new,True,0,observed_new,True,pre_only
Teemo|16.9,P026,Teemo,16.9,16.8,,post,1,GOLD,TOP,,,False,,,False,post_only
Teemo|16.9,P034,Teemo,16.9,16.8,,post,1,GOLD,BOTTOM,2,limited_1_4,True,2,limited_1_4,True,post_only
Teemo|16.9,P051,Teemo,16.9,16.8,,post,1,GOLD,UTILITY,,,False,,,False,post_only
Teemo|16.9,P069,Teemo,16.9,16.8,,pre,1,GOLD,BOTTOM,1,limited_1_4,True,0,observed_new,True,pre_only
Teemo|16.9,P094,Teemo,16.9,16.8,,post,1,GOLD,JUNGLE,3,limited_1_4,True,3,limited_1_4,True,post_only
Teemo|16.9,P116,Teemo,16.9,16.8,,post,1,PLATINUM,TOP,0,observed_new,True,0,observed_new,True,post_only
Teemo|16.9,P131,Teemo,16.9,16.8,,post,1,PLATINUM,JUNGLE,0,observed_new,True,0,observed_new,True,post_only
Teemo|16.9,P136,Teemo,16.9,16.8,,post,2,PLATINUM,MIDDLE,1,limited_1_4,True,1,limited_1_4,True,post_only
Teemo|16.9,P145,Teemo,16.9,16.8,,post,1,PLATINUM,TOP,0,observed_new,True,0,observed_new,True,post_only
Teemo|16.9,P152,Teemo,16.9,16.8,,post,1,PLATINUM,UTILITY,3,limited_1_4,True,3,limited_1_4,True,both
Teemo|16.9,P152,Teemo,16.9,16.8,,pre,3,PLATINUM,UTILITY,1,limited_1_4,True,0,observed_new,True,both
Teemo|16.9,P165,Teemo,16.9,16.8,,post,1,PLATINUM,BOTTOM,0,observed_new,True,0,observed_new,True,post_only
Teemo|16.9,P182,Teemo,16.9,16.8,,post,1,PLATINUM,TOP,,,False,7,established_5plus,True,post_only
Teemo|16.9,P186,Teemo,16.9,16.8,,post,2,PLATINUM,JUNGLE,,,False,0,observed_new,True,post_only
Teemo|16.9,P189,Teemo,16.9,16.8,,post,1,PLATINUM,TOP,1,limited_1_4,True,1,limited_1_4,True,post_only
Teemo|16.9,P217,Teemo,16.9,16.8,,post,1,EMERALD,TOP,1,limited_1_4,True,0,observed_new,True,post_only
Teemo|16.9,P218,Teemo,16.9,16.8,,post,1,EMERALD,UTILITY,0,observed_new,True,0,observed_new,True,post_only
Teemo|16.9,P330,Teemo,16.9,16.8,,post,1,DIAMOND,MIDDLE,0,observed_new,True,0,observed_new,True,post_only
Teemo|16.9,P346,Teemo,16.9,16.8,,post,5,DIAMOND,MIDDLE,2,limited_1_4,True,1,limited_1_4,True,post_only
Teemo|16.9,P394,Teemo,16.9,16.8,,post,16,DIAMOND,TOP,94,established_5plus,True,46,established_5plus,True,both
Teemo|16.9,P394,Teemo,16.9,16.8,,pre,30,DIAMOND,TOP,92,established_5plus,True,46,established_5plus,True,both
Teemo|16.9,P404,Teemo,16.9,16.8,,post,1,MASTER+,TOP,,,False,0,observed_new,True,post_only
Teemo|16.9,P469,Teemo,16.9,16.8,,post,19,MASTER+,TOP,53,established_5plus,True,13,established_5plus,True,both
Teemo|16.9,P469,Teemo,16.9,16.8,,pre,7,MASTER+,TOP,50,established_5plus,True,25,established_5plus,True,both
Teemo|16.9,P471,Teemo,16.9,16.8,,post,4,MASTER+,TOP,,,False,,,False,post_only
Teemo|16.9,P476,Teemo,16.9,16.8,,post,1,MASTER+,JUNGLE,0,observed_new,True,0,observed_new,True,post_only
Teemo|16.9,P485,Teemo,16.9,16.8,,post,1,MASTER+,BOTTOM,,,False,,,False,post_only
Udyr|16.9,P014,Udyr,16.9,16.8,,post,3,GOLD,JUNGLE,,,False,13,established_5plus,True,post_only
Udyr|16.9,P152,Udyr,16.9,16.8,,pre,1,PLATINUM,UTILITY,4,limited_1_4,True,0,observed_new,True,pre_only
Udyr|16.9,P289,Udyr,16.9,16.8,,post,1,EMERALD,TOP,5,established_5plus,True,4,limited_1_4,True,both
Udyr|16.9,P289,Udyr,16.9,16.8,,pre,1,EMERALD,TOP,7,established_5plus,True,3,limited_1_4,True,both
Udyr|16.9,P308,Udyr,16.9,16.8,,pre,1,DIAMOND,JUNGLE,,,False,0,observed_new,True,pre_only
Udyr|16.9,P377,Udyr,16.9,16.8,,post,1,DIAMOND,JUNGLE,,,False,,,False,post_only
Udyr|16.9,P425,Udyr,16.9,16.8,,pre,1,MASTER+,JUNGLE,6,established_5plus,True,0,observed_new,True,pre_only
Udyr|16.9,P483,Udyr,16.9,16.8,,post,1,MASTER+,JUNGLE,,,False,0,observed_new,True,post_only
Warwick|16.9,P006,Warwick,16.9,16.8,,post,1,GOLD,UTILITY,8,established_5plus,True,4,limited_1_4,True,both
Warwick|16.9,P006,Warwick,16.9,16.8,,pre,1,GOLD,UTILITY,7,established_5plus,True,3,limited_1_4,True,both
Warwick|16.9,P093,Warwick,16.9,16.8,,post,1,GOLD,JUNGLE,,,False,5,established_5plus,True,post_only
Warwick|16.9,P105,Warwick,16.9,16.8,,post,3,PLATINUM,MIDDLE,55,established_5plus,True,22,established_5plus,True,both
Warwick|16.9,P105,Warwick,16.9,16.8,,pre,4,PLATINUM,MIDDLE,58,established_5plus,True,32,established_5plus,True,both
Warwick|16.9,P157,Warwick,16.9,16.8,,pre,1,PLATINUM,TOP,0,observed_new,True,0,observed_new,True,pre_only
Warwick|16.9,P169,Warwick,16.9,16.8,,pre,1,PLATINUM,BOTTOM,3,limited_1_4,True,1,limited_1_4,True,pre_only
Warwick|16.9,P186,Warwick,16.9,16.8,,post,2,PLATINUM,JUNGLE,,,False,2,limited_1_4,True,both
Warwick|16.9,P186,Warwick,16.9,16.8,,pre,2,PLATINUM,JUNGLE,,,False,1,limited_1_4,True,both
Warwick|16.9,P245,Warwick,16.9,16.8,,post,1,EMERALD,TOP,0,observed_new,True,0,observed_new,True,post_only
Warwick|16.9,P289,Warwick,16.9,16.8,,post,1,EMERALD,TOP,0,observed_new,True,0,observed_new,True,post_only
Warwick|16.9,P311,Warwick,16.9,16.8,,post,1,DIAMOND,JUNGLE,0,observed_new,True,0,observed_new,True,post_only
Warwick|16.9,P355,Warwick,16.9,16.8,,post,1,DIAMOND,TOP,,,False,,,False,post_only
Warwick|16.9,P381,Warwick,16.9,16.8,,post,2,DIAMOND,JUNGLE,1,limited_1_4,True,0,observed_new,True,post_only
Warwick|16.9,P471,Warwick,16.9,16.8,,post,1,MASTER+,TOP,,,False,,,False,post_only
Warwick|16.9,P485,Warwick,16.9,16.8,,post,2,MASTER+,BOTTOM,,,False,,,False,post_only
Zeri|16.9,P053,Zeri,16.9,16.8,,post,1,GOLD,TOP,0,observed_new,True,0,observed_new,True,post_only
Zeri|16.9,P064,Zeri,16.9,16.8,,pre,3,GOLD,BOTTOM,,,False,,,False,pre_only
Zeri|16.9,P076,Zeri,16.9,16.8,,pre,1,GOLD,BOTTOM,63,established_5plus,True,34,established_5plus,True,pre_only
Zeri|16.9,P136,Zeri,16.9,16.8,,pre,1,PLATINUM,MIDDLE,0,observed_new,True,0,observed_new,True,pre_only
Zeri|16.9,P209,Zeri,16.9,16.8,,post,5,EMERALD,MIDDLE,1,limited_1_4,True,1,limited_1_4,True,post_only
Zeri|16.9,P267,Zeri,16.9,16.8,,post,1,EMERALD,JUNGLE,0,observed_new,True,0,observed_new,True,post_only
Zeri|16.9,P307,Zeri,16.9,16.8,,post,2,DIAMOND,BOTTOM,1,limited_1_4,True,1,limited_1_4,True,both
Zeri|16.9,P307,Zeri,16.9,16.8,,pre,1,DIAMOND,BOTTOM,0,observed_new,True,0,observed_new,True,both
Zeri|16.9,P326,Zeri,16.9,16.8,,pre,1,DIAMOND,BOTTOM,,,False,,,False,pre_only
Zeri|16.9,P419,Zeri,16.9,16.8,,post,1,MASTER+,BOTTOM,0,observed_new,True,0,observed_new,True,post_only
Zoe|16.9,P255,Zoe,16.9,16.8,,post,1,EMERALD,MIDDLE,,,False,,,False,post_only
Zoe|16.9,P385,Zoe,16.9,16.8,,pre,2,DIAMOND,BOTTOM,0,observed_new,True,0,observed_new,True,pre_only
Zoe|16.9,P442,Zoe,16.9,16.8,,pre,1,MASTER+,UTILITY,5,established_5plus,True,1,limited_1_4,True,pre_only
Zoe|16.9,P488,Zoe,16.9,16.8,,pre,1,MASTER+,BOTTOM,,,False,,,False,pre_only
Ambessa|16.10,P133,Ambessa,16.10,16.9,,post,1,PLATINUM,MIDDLE,,,False,1,limited_1_4,True,post_only
Ambessa|16.10,P157,Ambessa,16.10,16.9,,pre,1,PLATINUM,TOP,0,observed_new,True,0,observed_new,True,pre_only
Ambessa|16.10,P182,Ambessa,16.10,16.9,,pre,1,PLATINUM,TOP,,,False,1,limited_1_4,True,pre_only
Ambessa|16.10,P186,Ambessa,16.10,16.9,,post,1,PLATINUM,JUNGLE,3,limited_1_4,True,0,observed_new,True,post_only
Ambessa|16.10,P189,Ambessa,16.10,16.9,,pre,1,PLATINUM,TOP,1,limited_1_4,True,0,observed_new,True,pre_only
Ambessa|16.10,P222,Ambessa,16.10,16.9,,post,3,EMERALD,BOTTOM,0,observed_new,True,0,observed_new,True,post_only
Ambessa|16.10,P238,Ambessa,16.10,16.9,,post,4,EMERALD,JUNGLE,4,limited_1_4,True,3,limited_1_4,True,both
Ambessa|16.10,P238,Ambessa,16.10,16.9,,pre,4,EMERALD,JUNGLE,1,limited_1_4,True,0,observed_new,True,both
Ambessa|16.10,P248,Ambessa,16.10,16.9,,post,1,EMERALD,JUNGLE,18,established_5plus,True,18,established_5plus,True,post_only
Ambessa|16.10,P280,Ambessa,16.10,16.9,,post,1,EMERALD,UTILITY,,,False,0,observed_new,True,post_only
Ambessa|16.10,P310,Ambessa,16.10,16.9,,pre,2,DIAMOND,TOP,,,False,4,limited_1_4,True,pre_only
Ambessa|16.10,P351,Ambessa,16.10,16.9,,post,1,DIAMOND,MIDDLE,1,limited_1_4,True,0,observed_new,True,both
Ambessa|16.10,P351,Ambessa,16.10,16.9,,pre,2,DIAMOND,MIDDLE,5,established_5plus,True,0,observed_new,True,both
Ambessa|16.10,P353,Ambessa,16.10,16.9,,pre,1,DIAMOND,JUNGLE,25,established_5plus,True,13,established_5plus,True,pre_only
Ambessa|16.10,P412,Ambessa,16.10,16.9,,post,1,MASTER+,TOP,12,established_5plus,True,3,limited_1_4,True,both
Ambessa|16.10,P412,Ambessa,16.10,16.9,,pre,6,MASTER+,TOP,21,established_5plus,True,7,established_5plus,True,both
Ambessa|16.10,P470,Ambessa,16.10,16.9,,post,2,MASTER+,TOP,4,limited_1_4,True,1,limited_1_4,True,both
Ambessa|16.10,P470,Ambessa,16.10,16.9,,pre,2,MASTER+,TOP,,,False,2,limited_1_4,True,both
Ambessa|16.10,P473,Ambessa,16.10,16.9,,pre,1,MASTER+,TOP,,,False,,,False,pre_only
Ambessa|16.10,P479,Ambessa,16.10,16.9,,post,1,MASTER+,BOTTOM,0,observed_new,True,0,observed_new,True,post_only
Anivia|16.10,P016,Anivia,16.10,16.9,,post,2,GOLD,JUNGLE,1,limited_1_4,True,1,limited_1_4,True,both
Anivia|16.10,P016,Anivia,16.10,16.9,,pre,1,GOLD,JUNGLE,0,observed_new,True,0,observed_new,True,both
Anivia|16.10,P051,Anivia,16.10,16.9,,post,1,GOLD,UTILITY,,,False,1,limited_1_4,True,both
Anivia|16.10,P051,Anivia,16.10,16.9,,pre,1,GOLD,UTILITY,,,False,,,False,both
Anivia|16.10,P105,Anivia,16.10,16.9,,post,5,PLATINUM,MIDDLE,2,limited_1_4,True,2,limited_1_4,True,post_only
Anivia|16.10,P169,Anivia,16.10,16.9,,pre,1,PLATINUM,BOTTOM,0,observed_new,True,0,observed_new,True,pre_only
Anivia|16.10,P197,Anivia,16.10,16.9,,post,5,PLATINUM,TOP,0,observed_new,True,0,observed_new,True,post_only
Anivia|16.10,P237,Anivia,16.10,16.9,,pre,2,EMERALD,UTILITY,,,False,,,False,pre_only
Anivia|16.10,P246,Anivia,16.10,16.9,,pre,1,EMERALD,BOTTOM,3,limited_1_4,True,0,observed_new,True,pre_only
Anivia|16.10,P249,Anivia,16.10,16.9,,post,1,EMERALD,BOTTOM,0,observed_new,True,0,observed_new,True,post_only
Anivia|16.10,P290,Anivia,16.10,16.9,,pre,1,EMERALD,UTILITY,,,False,,,False,pre_only
Anivia|16.10,P351,Anivia,16.10,16.9,,post,41,DIAMOND,MIDDLE,19,established_5plus,True,15,established_5plus,True,both
Anivia|16.10,P351,Anivia,16.10,16.9,,pre,19,DIAMOND,MIDDLE,0,observed_new,True,0,observed_new,True,both
Anivia|16.10,P354,Anivia,16.10,16.9,,post,18,DIAMOND,MIDDLE,,,False,,,False,both
Anivia|16.10,P354,Anivia,16.10,16.9,,pre,1,DIAMOND,MIDDLE,,,False,,,False,both
Anivia|16.10,P367,Anivia,16.10,16.9,,post,1,DIAMOND,MIDDLE,2,limited_1_4,True,1,limited_1_4,True,both
Anivia|16.10,P367,Anivia,16.10,16.9,,pre,1,DIAMOND,MIDDLE,2,limited_1_4,True,0,observed_new,True,both
Anivia|16.10,P382,Anivia,16.10,16.9,,post,1,DIAMOND,TOP,0,observed_new,True,0,observed_new,True,post_only
Anivia|16.10,P408,Anivia,16.10,16.9,,post,4,MASTER+,UTILITY,38,established_5plus,True,19,established_5plus,True,both
Anivia|16.10,P408,Anivia,16.10,16.9,,pre,1,MASTER+,UTILITY,39,established_5plus,True,20,established_5plus,True,both
Anivia|16.10,P470,Anivia,16.10,16.9,,post,20,MASTER+,TOP,0,observed_new,True,0,observed_new,True,post_only
Ashe|16.10,P004,Ashe,16.10,16.9,,pre,1,GOLD,MIDDLE,1,limited_1_4,True,1,limited_1_4,True,pre_only
Ashe|16.10,P012,Ashe,16.10,16.9,,post,1,GOLD,UTILITY,0,observed_new,True,0,observed_new,True,post_only
Ashe|16.10,P034,Ashe,16.10,16.9,,post,1,GOLD,BOTTOM,11,established_5plus,True,5,established_5plus,True,both
Ashe|16.10,P034,Ashe,16.10,16.9,,pre,1,GOLD,BOTTOM,10,established_5plus,True,4,limited_1_4,True,both
Ashe|16.10,P051,Ashe,16.10,16.9,,post,1,GOLD,UTILITY,,,False,0,observed_new,True,post_only
Ashe|16.10,P053,Ashe,16.10,16.9,,post,1,GOLD,TOP,1,limited_1_4,True,1,limited_1_4,True,both
Ashe|16.10,P053,Ashe,16.10,16.9,,pre,1,GOLD,TOP,0,observed_new,True,0,observed_new,True,both
Ashe|16.10,P132,Ashe,16.10,16.9,,post,1,PLATINUM,MIDDLE,0,observed_new,True,0,observed_new,True,post_only
Ashe|16.10,P135,Ashe,16.10,16.9,,post,2,PLATINUM,MIDDLE,,,False,,,False,post_only
Ashe|16.10,P136,Ashe,16.10,16.9,,post,5,PLATINUM,MIDDLE,1,limited_1_4,True,1,limited_1_4,True,both
Ashe|16.10,P136,Ashe,16.10,16.9,,pre,1,PLATINUM,MIDDLE,0,observed_new,True,0,observed_new,True,both
Ashe|16.10,P137,Ashe,16.10,16.9,,post,2,PLATINUM,MIDDLE,19,established_5plus,True,12,established_5plus,True,post_only
Ashe|16.10,P138,Ashe,16.10,16.9,,pre,4,PLATINUM,MIDDLE,0,observed_new,True,0,observed_new,True,pre_only
Ashe|16.10,P140,Ashe,16.10,16.9,,post,1,PLATINUM,BOTTOM,0,observed_new,True,0,observed_new,True,post_only
Ashe|16.10,P162,Ashe,16.10,16.9,,pre,1,PLATINUM,BOTTOM,2,limited_1_4,True,1,limited_1_4,True,pre_only
Ashe|16.10,P166,Ashe,16.10,16.9,,post,5,PLATINUM,BOTTOM,,,False,,,False,both
Ashe|16.10,P166,Ashe,16.10,16.9,,pre,6,PLATINUM,BOTTOM,,,False,,,False,both
Ashe|16.10,P203,Ashe,16.10,16.9,,post,1,EMERALD,BOTTOM,0,observed_new,True,0,observed_new,True,post_only
Ashe|16.10,P218,Ashe,16.10,16.9,,post,2,EMERALD,UTILITY,3,limited_1_4,True,1,limited_1_4,True,both
Ashe|16.10,P218,Ashe,16.10,16.9,,pre,1,EMERALD,UTILITY,3,limited_1_4,True,2,limited_1_4,True,both
Ashe|16.10,P220,Ashe,16.10,16.9,,post,1,EMERALD,BOTTOM,40,established_5plus,True,24,established_5plus,True,both
Ashe|16.10,P220,Ashe,16.10,16.9,,pre,8,EMERALD,BOTTOM,35,established_5plus,True,22,established_5plus,True,both
Ashe|16.10,P233,Ashe,16.10,16.9,,pre,3,EMERALD,BOTTOM,6,established_5plus,True,6,established_5plus,True,pre_only
Ashe|16.10,P244,Ashe,16.10,16.9,,pre,2,EMERALD,BOTTOM,,,False,,,False,pre_only
Ashe|16.10,P246,Ashe,16.10,16.9,,post,5,EMERALD,BOTTOM,3,limited_1_4,True,3,limited_1_4,True,both
Ashe|16.10,P246,Ashe,16.10,16.9,,pre,1,EMERALD,BOTTOM,2,limited_1_4,True,2,limited_1_4,True,both
Ashe|16.10,P249,Ashe,16.10,16.9,,post,8,EMERALD,BOTTOM,11,established_5plus,True,11,established_5plus,True,both
Ashe|16.10,P249,Ashe,16.10,16.9,,pre,10,EMERALD,BOTTOM,1,limited_1_4,True,1,limited_1_4,True,both
Ashe|16.10,P259,Ashe,16.10,16.9,,pre,1,EMERALD,UTILITY,3,limited_1_4,True,2,limited_1_4,True,pre_only
Ashe|16.10,P279,Ashe,16.10,16.9,,post,1,EMERALD,BOTTOM,3,limited_1_4,True,3,limited_1_4,True,both
Ashe|16.10,P279,Ashe,16.10,16.9,,pre,1,EMERALD,BOTTOM,2,limited_1_4,True,2,limited_1_4,True,both
Ashe|16.10,P290,Ashe,16.10,16.9,,pre,1,EMERALD,UTILITY,,,False,,,False,pre_only
Ashe|16.10,P307,Ashe,16.10,16.9,,pre,1,DIAMOND,BOTTOM,0,observed_new,True,0,observed_new,True,pre_only
Ashe|16.10,P332,Ashe,16.10,16.9,,post,1,DIAMOND,BOTTOM,8,established_5plus,True,3,limited_1_4,True,both
Ashe|16.10,P332,Ashe,16.10,16.9,,pre,4,DIAMOND,BOTTOM,9,established_5plus,True,4,limited_1_4,True,both
Ashe|16.10,P341,Ashe,16.10,16.9,,post,1,DIAMOND,BOTTOM,6,established_5plus,True,2,limited_1_4,True,post_only
Ashe|16.10,P344,Ashe,16.10,16.9,,post,2,DIAMOND,UTILITY,,,False,0,observed_new,True,both
Ashe|16.10,P344,Ashe,16.10,16.9,,pre,3,DIAMOND,UTILITY,,,False,,,False,both
Ashe|16.10,P351,Ashe,16.10,16.9,,post,2,DIAMOND,MIDDLE,0,observed_new,True,0,observed_new,True,post_only
Ashe|16.10,P354,Ashe,16.10,16.9,,post,1,DIAMOND,MIDDLE,,,False,0,observed_new,True,post_only
Ashe|16.10,P366,Ashe,16.10,16.9,,post,1,DIAMOND,MIDDLE,0,observed_new,True,0,observed_new,True,post_only
Ashe|16.10,P368,Ashe,16.10,16.9,,pre,2,DIAMOND,MIDDLE,0,observed_new,True,0,observed_new,True,pre_only
Ashe|16.10,P383,Ashe,16.10,16.9,,post,1,DIAMOND,BOTTOM,,,False,7,established_5plus,True,post_only
Ashe|16.10,P406,Ashe,16.10,16.9,,post,2,MASTER+,JUNGLE,,,False,,,False,post_only
Ashe|16.10,P419,Ashe,16.10,16.9,,post,3,MASTER+,BOTTOM,2,limited_1_4,True,0,observed_new,True,post_only
Ashe|16.10,P426,Ashe,16.10,16.9,,post,1,MASTER+,MIDDLE,0,observed_new,True,0,observed_new,True,post_only
Ashe|16.10,P429,Ashe,16.10,16.9,,post,1,MASTER+,BOTTOM,,,False,4,limited_1_4,True,post_only
Ashe|16.10,P440,Ashe,16.10,16.9,,post,1,MASTER+,UTILITY,0,observed_new,True,0,observed_new,True,post_only
Ashe|16.10,P450,Ashe,16.10,16.9,,post,1,MASTER+,JUNGLE,1,limited_1_4,True,0,observed_new,True,post_only
Ashe|16.10,P463,Ashe,16.10,16.9,,pre,1,MASTER+,TOP,0,observed_new,True,0,observed_new,True,pre_only
Ashe|16.10,P467,Ashe,16.10,16.9,,post,6,MASTER+,BOTTOM,6,established_5plus,True,2,limited_1_4,True,post_only
Ashe|16.10,P484,Ashe,16.10,16.9,,pre,1,MASTER+,BOTTOM,2,limited_1_4,True,1,limited_1_4,True,pre_only
Ashe|16.10,P485,Ashe,16.10,16.9,,post,3,MASTER+,BOTTOM,1,limited_1_4,True,0,observed_new,True,post_only
Ashe|16.10,P490,Ashe,16.10,16.9,,pre,9,MASTER+,BOTTOM,7,established_5plus,True,2,limited_1_4,True,pre_only
Galio|16.10,P037,Galio,16.10,16.9,,pre,1,GOLD,JUNGLE,0,observed_new,True,0,observed_new,True,pre_only
Galio|16.10,P047,Galio,16.10,16.9,,post,1,GOLD,MIDDLE,0,observed_new,True,0,observed_new,True,post_only
Galio|16.10,P053,Galio,16.10,16.9,,pre,1,GOLD,TOP,0,observed_new,True,0,observed_new,True,pre_only
Galio|16.10,P100,Galio,16.10,16.9,,post,2,GOLD,JUNGLE,19,established_5plus,True,3,limited_1_4,True,post_only
Galio|16.10,P101,Galio,16.10,16.9,,post,1,PLATINUM,TOP,0,observed_new,True,0,observed_new,True,post_only
Galio|16.10,P103,Galio,16.10,16.9,,pre,1,PLATINUM,BOTTOM,2,limited_1_4,True,1,limited_1_4,True,pre_only
Galio|16.10,P133,Galio,16.10,16.9,,post,1,PLATINUM,MIDDLE,,,False,0,observed_new,True,post_only
Galio|16.10,P149,Galio,16.10,16.9,,post,1,PLATINUM,TOP,6,established_5plus,True,0,observed_new,True,both
Galio|16.10,P149,Galio,16.10,16.9,,pre,1,PLATINUM,TOP,8,established_5plus,True,6,established_5plus,True,both
Galio|16.10,P152,Galio,16.10,16.9,,post,4,PLATINUM,UTILITY,2,limited_1_4,True,1,limited_1_4,True,both
Galio|16.10,P152,Galio,16.10,16.9,,pre,1,PLATINUM,UTILITY,2,limited_1_4,True,0,observed_new,True,both
Galio|16.10,P161,Galio,16.10,16.9,,post,2,PLATINUM,MIDDLE,4,limited_1_4,True,4,limited_1_4,True,both
Galio|16.10,P161,Galio,16.10,16.9,,pre,2,PLATINUM,MIDDLE,2,limited_1_4,True,2,limited_1_4,True,both
Galio|16.10,P185,Galio,16.10,16.9,,pre,1,PLATINUM,UTILITY,,,False,1,limited_1_4,True,pre_only
Galio|16.10,P197,Galio,16.10,16.9,,post,4,PLATINUM,TOP,1,limited_1_4,True,0,observed_new,True,both
Galio|16.10,P197,Galio,16.10,16.9,,pre,1,PLATINUM,TOP,0,observed_new,True,0,observed_new,True,both
Galio|16.10,P203,Galio,16.10,16.9,,post,1,EMERALD,BOTTOM,0,observed_new,True,0,observed_new,True,post_only
Galio|16.10,P247,Galio,16.10,16.9,,post,2,EMERALD,MIDDLE,,,False,,,False,both
Galio|16.10,P247,Galio,16.10,16.9,,pre,2,EMERALD,MIDDLE,,,False,,,False,both
Galio|16.10,P249,Galio,16.10,16.9,,post,1,EMERALD,BOTTOM,0,observed_new,True,0,observed_new,True,post_only
Galio|16.10,P289,Galio,16.10,16.9,,pre,1,EMERALD,TOP,1,limited_1_4,True,1,limited_1_4,True,pre_only
Galio|16.10,P351,Galio,16.10,16.9,,post,3,DIAMOND,MIDDLE,0,observed_new,True,0,observed_new,True,post_only
Galio|16.10,P354,Galio,16.10,16.9,,post,3,DIAMOND,MIDDLE,,,False,,,False,both
Galio|16.10,P354,Galio,16.10,16.9,,pre,1,DIAMOND,MIDDLE,,,False,,,False,both
Galio|16.10,P368,Galio,16.10,16.9,,post,2,DIAMOND,MIDDLE,0,observed_new,True,0,observed_new,True,post_only
Galio|16.10,P374,Galio,16.10,16.9,,post,1,DIAMOND,UTILITY,0,observed_new,True,0,observed_new,True,post_only
Galio|16.10,P391,Galio,16.10,16.9,,post,2,DIAMOND,UTILITY,2,limited_1_4,True,1,limited_1_4,True,both
Galio|16.10,P391,Galio,16.10,16.9,,pre,1,DIAMOND,UTILITY,1,limited_1_4,True,1,limited_1_4,True,both
Galio|16.10,P412,Galio,16.10,16.9,,pre,2,MASTER+,TOP,1,limited_1_4,True,1,limited_1_4,True,pre_only
Galio|16.10,P426,Galio,16.10,16.9,,post,1,MASTER+,MIDDLE,2,limited_1_4,True,2,limited_1_4,True,both
Galio|16.10,P426,Galio,16.10,16.9,,pre,2,MASTER+,MIDDLE,1,limited_1_4,True,0,observed_new,True,both
Galio|16.10,P428,Galio,16.10,16.9,,post,4,MASTER+,MIDDLE,2,limited_1_4,True,0,observed_new,True,post_only
Galio|16.10,P448,Galio,16.10,16.9,,post,1,MASTER+,UTILITY,0,observed_new,True,0,observed_new,True,post_only
Galio|16.10,P479,Galio,16.10,16.9,,post,2,MASTER+,BOTTOM,0,observed_new,True,0,observed_new,True,post_only
Galio|16.10,P490,Galio,16.10,16.9,,pre,1,MASTER+,BOTTOM,0,observed_new,True,0,observed_new,True,pre_only
Naafiri|16.10,P020,Naafiri,16.10,16.9,,pre,3,GOLD,MIDDLE,,,False,15,established_5plus,True,pre_only
Naafiri|16.10,P037,Naafiri,16.10,16.9,,pre,2,GOLD,JUNGLE,0,observed_new,True,0,observed_new,True,pre_only
Naafiri|16.10,P110,Naafiri,16.10,16.9,,post,1,PLATINUM,UTILITY,0,observed_new,True,0,observed_new,True,post_only
Naafiri|16.10,P182,Naafiri,16.10,16.9,,pre,2,PLATINUM,TOP,,,False,0,observed_new,True,pre_only
Naafiri|16.10,P186,Naafiri,16.10,16.9,,post,5,PLATINUM,JUNGLE,6,established_5plus,True,3,limited_1_4,True,both
Naafiri|16.10,P186,Naafiri,16.10,16.9,,pre,2,PLATINUM,JUNGLE,,,False,2,limited_1_4,True,both
Naafiri|16.10,P189,Naafiri,16.10,16.9,,pre,1,PLATINUM,TOP,1,limited_1_4,True,1,limited_1_4,True,pre_only
Naafiri|16.10,P226,Naafiri,16.10,16.9,,pre,1,EMERALD,JUNGLE,,,False,0,observed_new,True,pre_only
Naafiri|16.10,P233,Naafiri,16.10,16.9,,pre,1,EMERALD,BOTTOM,0,observed_new,True,0,observed_new,True,pre_only
Naafiri|16.10,P238,Naafiri,16.10,16.9,,post,1,EMERALD,JUNGLE,3,limited_1_4,True,2,limited_1_4,True,both
Naafiri|16.10,P238,Naafiri,16.10,16.9,,pre,3,EMERALD,JUNGLE,2,limited_1_4,True,0,observed_new,True,both
Naafiri|16.10,P256,Naafiri,16.10,16.9,,post,1,EMERALD,MIDDLE,,,False,2,limited_1_4,True,post_only
Naafiri|16.10,P290,Naafiri,16.10,16.9,,post,1,EMERALD,UTILITY,,,False,,,False,both
Naafiri|16.10,P290,Naafiri,16.10,16.9,,pre,4,EMERALD,UTILITY,,,False,,,False,both
Naafiri|16.10,P302,Naafiri,16.10,16.9,,post,1,DIAMOND,UTILITY,0,observed_new,True,0,observed_new,True,post_only
Naafiri|16.10,P342,Naafiri,16.10,16.9,,pre,1,DIAMOND,JUNGLE,0,observed_new,True,0,observed_new,True,pre_only
Naafiri|16.10,P425,Naafiri,16.10,16.9,,pre,3,MASTER+,JUNGLE,0,observed_new,True,0,observed_new,True,pre_only
Naafiri|16.10,P445,Naafiri,16.10,16.9,,post,7,MASTER+,UTILITY,0,observed_new,True,0,observed_new,True,post_only
Naafiri|16.10,P455,Naafiri,16.10,16.9,,pre,1,MASTER+,MIDDLE,2,limited_1_4,True,2,limited_1_4,True,pre_only
Naafiri|16.10,P467,Naafiri,16.10,16.9,,post,1,MASTER+,BOTTOM,0,observed_new,True,0,observed_new,True,post_only
Quinn|16.10,P001,Quinn,16.10,16.9,,post,2,GOLD,BOTTOM,,,False,0,observed_new,True,post_only
Quinn|16.10,P327,Quinn,16.10,16.9,,pre,1,DIAMOND,UTILITY,0,observed_new,True,0,observed_new,True,pre_only
Quinn|16.10,P335,Quinn,16.10,16.9,,post,1,DIAMOND,MIDDLE,1,limited_1_4,True,1,limited_1_4,True,post_only
Quinn|16.10,P394,Quinn,16.10,16.9,,post,1,DIAMOND,TOP,0,observed_new,True,0,observed_new,True,post_only
Quinn|16.10,P469,Quinn,16.10,16.9,,post,4,MASTER+,TOP,4,limited_1_4,True,4,limited_1_4,True,both
Quinn|16.10,P469,Quinn,16.10,16.9,,pre,3,MASTER+,TOP,4,limited_1_4,True,1,limited_1_4,True,both
Quinn|16.10,P470,Quinn,16.10,16.9,,pre,1,MASTER+,TOP,0,observed_new,True,0,observed_new,True,pre_only
Shyvana|16.10,P008,Shyvana,16.10,16.9,,pre,1,GOLD,JUNGLE,,,False,2,limited_1_4,True,pre_only
Shyvana|16.10,P014,Shyvana,16.10,16.9,,pre,1,GOLD,JUNGLE,,,False,0,observed_new,True,pre_only
Shyvana|16.10,P091,Shyvana,16.10,16.9,,post,10,GOLD,BOTTOM,32,established_5plus,True,32,established_5plus,True,both
Shyvana|16.10,P091,Shyvana,16.10,16.9,,pre,20,GOLD,BOTTOM,12,established_5plus,True,12,established_5plus,True,both
Shyvana|16.10,P135,Shyvana,16.10,16.9,,post,1,PLATINUM,MIDDLE,,,False,,,False,post_only
Shyvana|16.10,P189,Shyvana,16.10,16.9,,post,2,PLATINUM,TOP,0,observed_new,True,0,observed_new,True,post_only
Shyvana|16.10,P238,Shyvana,16.10,16.9,,pre,6,EMERALD,JUNGLE,0,observed_new,True,0,observed_new,True,pre_only
Shyvana|16.10,P292,Shyvana,16.10,16.9,,post,1,EMERALD,TOP,0,observed_new,True,0,observed_new,True,post_only
Shyvana|16.10,P294,Shyvana,16.10,16.9,,post,1,EMERALD,JUNGLE,,,False,0,observed_new,True,post_only
Shyvana|16.10,P302,Shyvana,16.10,16.9,,post,9,DIAMOND,UTILITY,0,observed_new,True,0,observed_new,True,post_only
Shyvana|16.10,P373,Shyvana,16.10,16.9,,post,2,DIAMOND,TOP,0,observed_new,True,0,observed_new,True,post_only
Shyvana|16.10,P398,Shyvana,16.10,16.9,,post,1,DIAMOND,JUNGLE,1,limited_1_4,True,1,limited_1_4,True,post_only
Shyvana|16.10,P465,Shyvana,16.10,16.9,,post,3,MASTER+,MIDDLE,,,False,,,False,both
Shyvana|16.10,P465,Shyvana,16.10,16.9,,pre,2,MASTER+,MIDDLE,,,False,,,False,both
Shyvana|16.10,P485,Shyvana,16.10,16.9,,post,3,MASTER+,BOTTOM,,,False,5,established_5plus,True,both
Shyvana|16.10,P485,Shyvana,16.10,16.9,,pre,5,MASTER+,BOTTOM,,,False,0,observed_new,True,both
Zed|16.10,P066,Zed,16.10,16.9,,pre,12,GOLD,MIDDLE,76,established_5plus,True,33,established_5plus,True,pre_only
Zed|16.10,P100,Zed,16.10,16.9,,post,4,GOLD,JUNGLE,0,observed_new,True,0,observed_new,True,post_only
Zed|16.10,P109,Zed,16.10,16.9,,post,17,PLATINUM,MIDDLE,35,established_5plus,True,26,established_5plus,True,both
Zed|16.10,P109,Zed,16.10,16.9,,pre,13,PLATINUM,MIDDLE,31,established_5plus,True,15,established_5plus,True,both
Zed|16.10,P124,Zed,16.10,16.9,,pre,1,PLATINUM,MIDDLE,,,False,,,False,pre_only
Zed|16.10,P133,Zed,16.10,16.9,,post,1,PLATINUM,MIDDLE,,,False,2,limited_1_4,True,post_only
Zed|16.10,P218,Zed,16.10,16.9,,post,1,EMERALD,UTILITY,0,observed_new,True,0,observed_new,True,post_only
Zed|16.10,P226,Zed,16.10,16.9,,pre,1,EMERALD,JUNGLE,,,False,1,limited_1_4,True,pre_only
Zed|16.10,P230,Zed,16.10,16.9,,post,2,EMERALD,JUNGLE,0,observed_new,True,0,observed_new,True,post_only
Zed|16.10,P249,Zed,16.10,16.9,,post,1,EMERALD,BOTTOM,0,observed_new,True,0,observed_new,True,post_only
Zed|16.10,P257,Zed,16.10,16.9,,pre,3,EMERALD,MIDDLE,2,limited_1_4,True,2,limited_1_4,True,pre_only
Zed|16.10,P306,Zed,16.10,16.9,,post,3,DIAMOND,MIDDLE,20,established_5plus,True,8,established_5plus,True,both
Zed|16.10,P306,Zed,16.10,16.9,,pre,8,DIAMOND,MIDDLE,12,established_5plus,True,12,established_5plus,True,both
Zed|16.10,P307,Zed,16.10,16.9,,post,1,DIAMOND,BOTTOM,4,limited_1_4,True,1,limited_1_4,True,both
Zed|16.10,P307,Zed,16.10,16.9,,pre,1,DIAMOND,BOTTOM,3,limited_1_4,True,2,limited_1_4,True,both
Zed|16.10,P346,Zed,16.10,16.9,,post,1,DIAMOND,MIDDLE,4,limited_1_4,True,3,limited_1_4,True,both
Zed|16.10,P346,Zed,16.10,16.9,,pre,1,DIAMOND,MIDDLE,3,limited_1_4,True,2,limited_1_4,True,both
Zed|16.10,P355,Zed,16.10,16.9,,post,1,DIAMOND,TOP,,,False,,,False,post_only
Zed|16.10,P356,Zed,16.10,16.9,,post,6,DIAMOND,MIDDLE,7,established_5plus,True,6,established_5plus,True,both
Zed|16.10,P356,Zed,16.10,16.9,,pre,3,DIAMOND,MIDDLE,5,established_5plus,True,4,limited_1_4,True,both
Zed|16.10,P382,Zed,16.10,16.9,,post,2,DIAMOND,TOP,1,limited_1_4,True,0,observed_new,True,post_only
Zed|16.10,P426,Zed,16.10,16.9,,post,7,MASTER+,MIDDLE,15,established_5plus,True,6,established_5plus,True,both
Zed|16.10,P426,Zed,16.10,16.9,,pre,1,MASTER+,MIDDLE,14,established_5plus,True,8,established_5plus,True,both
Zed|16.10,P455,Zed,16.10,16.9,,pre,1,MASTER+,MIDDLE,0,observed_new,True,0,observed_new,True,pre_only
Zed|16.10,P462,Zed,16.10,16.9,,post,1,MASTER+,MIDDLE,20,established_5plus,True,7,established_5plus,True,both
Zed|16.10,P462,Zed,16.10,16.9,,pre,2,MASTER+,MIDDLE,21,established_5plus,True,7,established_5plus,True,both
Zeri|16.10,P053,Zeri,16.10,16.9,,pre,1,GOLD,TOP,0,observed_new,True,0,observed_new,True,pre_only
Zeri|16.10,P209,Zeri,16.10,16.9,,post,1,EMERALD,MIDDLE,6,established_5plus,True,5,established_5plus,True,both
Zeri|16.10,P209,Zeri,16.10,16.9,,pre,5,EMERALD,MIDDLE,1,limited_1_4,True,1,limited_1_4,True,both
Zeri|16.10,P214,Zeri,16.10,16.9,,post,1,EMERALD,TOP,,,False,,,False,post_only
Zeri|16.10,P235,Zeri,16.10,16.9,,post,1,EMERALD,BOTTOM,,,False,,,False,post_only
Zeri|16.10,P244,Zeri,16.10,16.9,,post,6,EMERALD,BOTTOM,,,False,0,observed_new,True,post_only
Zeri|16.10,P246,Zeri,16.10,16.9,,post,2,EMERALD,BOTTOM,0,observed_new,True,0,observed_new,True,post_only
Zeri|16.10,P267,Zeri,16.10,16.9,,pre,1,EMERALD,JUNGLE,0,observed_new,True,0,observed_new,True,pre_only
Zeri|16.10,P307,Zeri,16.10,16.9,,pre,2,DIAMOND,BOTTOM,1,limited_1_4,True,1,limited_1_4,True,pre_only
Zeri|16.10,P419,Zeri,16.10,16.9,,pre,1,MASTER+,BOTTOM,0,observed_new,True,0,observed_new,True,pre_only
Brand|16.11,P004,Brand,16.11,16.10,,post,1,GOLD,MIDDLE,5,established_5plus,True,2,limited_1_4,True,both
Brand|16.11,P004,Brand,16.11,16.10,,pre,5,GOLD,MIDDLE,0,observed_new,True,0,observed_new,True,both
Brand|16.11,P007,Brand,16.11,16.10,,post,1,GOLD,TOP,0,observed_new,True,0,observed_new,True,post_only
Brand|16.11,P016,Brand,16.11,16.10,,pre,3,GOLD,JUNGLE,21,established_5plus,True,2,limited_1_4,True,pre_only
Brand|16.11,P053,Brand,16.11,16.10,,post,1,GOLD,TOP,0,observed_new,True,0,observed_new,True,post_only
Brand|16.11,P061,Brand,16.11,16.10,,pre,1,GOLD,TOP,2,limited_1_4,True,2,limited_1_4,True,pre_only
Brand|16.11,P084,Brand,16.11,16.10,,post,5,GOLD,UTILITY,,,False,,,False,post_only
Brand|16.11,P086,Brand,16.11,16.10,,pre,1,GOLD,BOTTOM,0,observed_new,True,0,observed_new,True,pre_only
Brand|16.11,P093,Brand,16.11,16.10,,pre,1,GOLD,JUNGLE,,,False,0,observed_new,True,pre_only
Brand|16.11,P105,Brand,16.11,16.10,,pre,3,PLATINUM,MIDDLE,4,limited_1_4,True,4,limited_1_4,True,pre_only
Brand|16.11,P119,Brand,16.11,16.10,,pre,5,PLATINUM,UTILITY,,,False,,,False,pre_only
Brand|16.11,P127,Brand,16.11,16.10,,pre,1,PLATINUM,UTILITY,,,False,,,False,pre_only
Brand|16.11,P135,Brand,16.11,16.10,,post,1,PLATINUM,MIDDLE,,,False,,,False,both
Brand|16.11,P135,Brand,16.11,16.10,,pre,5,PLATINUM,MIDDLE,,,False,,,False,both
Brand|16.11,P136,Brand,16.11,16.10,,post,1,PLATINUM,MIDDLE,1,limited_1_4,True,1,limited_1_4,True,both
Brand|16.11,P136,Brand,16.11,16.10,,pre,1,PLATINUM,MIDDLE,0,observed_new,True,0,observed_new,True,both
Brand|16.11,P150,Brand,16.11,16.10,,post,12,PLATINUM,BOTTOM,,,False,0,observed_new,True,post_only
Brand|16.11,P152,Brand,16.11,16.10,,post,1,PLATINUM,UTILITY,0,observed_new,True,0,observed_new,True,post_only
Brand|16.11,P186,Brand,16.11,16.10,,post,1,PLATINUM,JUNGLE,4,limited_1_4,True,1,limited_1_4,True,both
Brand|16.11,P186,Brand,16.11,16.10,,pre,1,PLATINUM,JUNGLE,4,limited_1_4,True,3,limited_1_4,True,both
Brand|16.11,P211,Brand,16.11,16.10,,pre,1,EMERALD,BOTTOM,1,limited_1_4,True,1,limited_1_4,True,pre_only
Brand|16.11,P222,Brand,16.11,16.10,,pre,1,EMERALD,BOTTOM,0,observed_new,True,0,observed_new,True,pre_only
Brand|16.11,P247,Brand,16.11,16.10,,pre,1,EMERALD,MIDDLE,,,False,,,False,pre_only
Brand|16.11,P290,Brand,16.11,16.10,,pre,1,EMERALD,UTILITY,,,False,0,observed_new,True,pre_only
Brand|16.11,P299,Brand,16.11,16.10,,post,1,EMERALD,UTILITY,,,False,,,False,post_only
Brand|16.11,P344,Brand,16.11,16.10,,pre,1,DIAMOND,UTILITY,,,False,0,observed_new,True,pre_only
Brand|16.11,P346,Brand,16.11,16.10,,post,1,DIAMOND,MIDDLE,1,limited_1_4,True,0,observed_new,True,both
Brand|16.11,P346,Brand,16.11,16.10,,pre,1,DIAMOND,MIDDLE,1,limited_1_4,True,0,observed_new,True,both
Brand|16.11,P347,Brand,16.11,16.10,,pre,2,DIAMOND,UTILITY,8,established_5plus,True,6,established_5plus,True,pre_only
Brand|16.11,P374,Brand,16.11,16.10,,pre,1,DIAMOND,UTILITY,1,limited_1_4,True,1,limited_1_4,True,pre_only
Brand|16.11,P380,Brand,16.11,16.10,,post,1,DIAMOND,TOP,0,observed_new,True,0,observed_new,True,post_only
Brand|16.11,P391,Brand,16.11,16.10,,pre,3,DIAMOND,UTILITY,0,observed_new,True,0,observed_new,True,pre_only
Brand|16.11,P404,Brand,16.11,16.10,,post,6,MASTER+,TOP,6,established_5plus,True,1,limited_1_4,True,both
Brand|16.11,P404,Brand,16.11,16.10,,pre,8,MASTER+,TOP,1,limited_1_4,True,1,limited_1_4,True,both
Brand|16.11,P407,Brand,16.11,16.10,,post,1,MASTER+,BOTTOM,,,False,,,False,post_only
Brand|16.11,P429,Brand,16.11,16.10,,pre,5,MASTER+,BOTTOM,,,False,0,observed_new,True,pre_only
Brand|16.11,P479,Brand,16.11,16.10,,post,2,MASTER+,BOTTOM,5,established_5plus,True,4,limited_1_4,True,both
Brand|16.11,P479,Brand,16.11,16.10,,pre,4,MASTER+,BOTTOM,1,limited_1_4,True,1,limited_1_4,True,both
Brand|16.11,P488,Brand,16.11,16.10,,post,3,MASTER+,BOTTOM,,,False,,,False,post_only
Diana|16.11,P004,Diana,16.11,16.10,,post,1,GOLD,MIDDLE,0,observed_new,True,0,observed_new,True,post_only
Diana|16.11,P012,Diana,16.11,16.10,,pre,1,GOLD,UTILITY,0,observed_new,True,0,observed_new,True,pre_only
Diana|16.11,P028,Diana,16.11,16.10,,pre,2,GOLD,MIDDLE,0,observed_new,True,0,observed_new,True,pre_only
Diana|16.11,P036,Diana,16.11,16.10,,post,1,GOLD,JUNGLE,0,observed_new,True,0,observed_new,True,post_only
Diana|16.11,P056,Diana,16.11,16.10,,post,3,GOLD,JUNGLE,4,limited_1_4,True,0,observed_new,True,post_only
Diana|16.11,P059,Diana,16.11,16.10,,post,3,GOLD,MIDDLE,,,False,,,False,both
Diana|16.11,P059,Diana,16.11,16.10,,pre,12,GOLD,MIDDLE,,,False,,,False,both
Diana|16.11,P093,Diana,16.11,16.10,,post,1,GOLD,JUNGLE,,,False,1,limited_1_4,True,both
Diana|16.11,P093,Diana,16.11,16.10,,pre,1,GOLD,JUNGLE,,,False,0,observed_new,True,both
Diana|16.11,P100,Diana,16.11,16.10,,post,6,GOLD,JUNGLE,7,established_5plus,True,7,established_5plus,True,both
Diana|16.11,P100,Diana,16.11,16.10,,pre,7,GOLD,JUNGLE,0,observed_new,True,0,observed_new,True,both
Diana|16.11,P105,Diana,16.11,16.10,,post,2,PLATINUM,MIDDLE,0,observed_new,True,0,observed_new,True,post_only
Diana|16.11,P110,Diana,16.11,16.10,,pre,1,PLATINUM,UTILITY,2,limited_1_4,True,0,observed_new,True,pre_only
Diana|16.11,P163,Diana,16.11,16.10,,post,1,PLATINUM,TOP,0,observed_new,True,0,observed_new,True,post_only
Diana|16.11,P186,Diana,16.11,16.10,,post,2,PLATINUM,JUNGLE,0,observed_new,True,0,observed_new,True,post_only
Diana|16.11,P197,Diana,16.11,16.10,,pre,4,PLATINUM,TOP,0,observed_new,True,0,observed_new,True,pre_only
Diana|16.11,P238,Diana,16.11,16.10,,pre,1,EMERALD,JUNGLE,0,observed_new,True,0,observed_new,True,pre_only
Diana|16.11,P257,Diana,16.11,16.10,,post,1,EMERALD,MIDDLE,1,limited_1_4,True,1,limited_1_4,True,post_only
Diana|16.11,P277,Diana,16.11,16.10,,pre,1,EMERALD,JUNGLE,0,observed_new,True,0,observed_new,True,pre_only
Diana|16.11,P294,Diana,16.11,16.10,,post,1,EMERALD,JUNGLE,,,False,0,observed_new,True,post_only
Diana|16.11,P324,Diana,16.11,16.10,,post,15,DIAMOND,MIDDLE,5,established_5plus,True,0,observed_new,True,post_only
Diana|16.11,P340,Diana,16.11,16.10,,post,45,DIAMOND,MIDDLE,60,established_5plus,True,36,established_5plus,True,both
Diana|16.11,P340,Diana,16.11,16.10,,pre,5,DIAMOND,MIDDLE,58,established_5plus,True,33,established_5plus,True,both
Diana|16.11,P346,Diana,16.11,16.10,,post,2,DIAMOND,MIDDLE,0,observed_new,True,0,observed_new,True,post_only
Diana|16.11,P356,Diana,16.11,16.10,,post,1,DIAMOND,MIDDLE,0,observed_new,True,0,observed_new,True,post_only
Diana|16.11,P406,Diana,16.11,16.10,,pre,2,MASTER+,JUNGLE,,,False,,,False,pre_only
Diana|16.11,P440,Diana,16.11,16.10,,post,1,MASTER+,UTILITY,0,observed_new,True,0,observed_new,True,post_only
Diana|16.11,P450,Diana,16.11,16.10,,post,8,MASTER+,JUNGLE,5,established_5plus,True,3,limited_1_4,True,both
Diana|16.11,P450,Diana,16.11,16.10,,pre,3,MASTER+,JUNGLE,2,limited_1_4,True,2,limited_1_4,True,both
Diana|16.11,P452,Diana,16.11,16.10,,pre,1,MASTER+,MIDDLE,25,established_5plus,True,10,established_5plus,True,pre_only
Diana|16.11,P454,Diana,16.11,16.10,,post,6,MASTER+,JUNGLE,6,established_5plus,True,1,limited_1_4,True,post_only
Diana|16.11,P493,Diana,16.11,16.10,,post,1,MASTER+,JUNGLE,0,observed_new,True,0,observed_new,True,post_only
Ekko|16.11,P007,Ekko,16.11,16.10,,pre,1,GOLD,TOP,0,observed_new,True,0,observed_new,True,pre_only
Ekko|16.11,P056,Ekko,16.11,16.10,,post,2,GOLD,JUNGLE,1,limited_1_4,True,0,observed_new,True,post_only
Ekko|16.11,P110,Ekko,16.11,16.10,,pre,1,PLATINUM,UTILITY,,,False,0,observed_new,True,pre_only
Ekko|16.11,P132,Ekko,16.11,16.10,,pre,1,PLATINUM,MIDDLE,0,observed_new,True,0,observed_new,True,pre_only
Ekko|16.11,P136,Ekko,16.11,16.10,,post,16,PLATINUM,MIDDLE,12,established_5plus,True,9,established_5plus,True,both
Ekko|16.11,P136,Ekko,16.11,16.10,,pre,10,PLATINUM,MIDDLE,3,limited_1_4,True,2,limited_1_4,True,both
Ekko|16.11,P138,Ekko,16.11,16.10,,post,2,PLATINUM,MIDDLE,0,observed_new,True,0,observed_new,True,post_only
Ekko|16.11,P186,Ekko,16.11,16.10,,post,1,PLATINUM,JUNGLE,2,limited_1_4,True,1,limited_1_4,True,post_only
Ekko|16.11,P231,Ekko,16.11,16.10,,post,3,EMERALD,MIDDLE,26,established_5plus,True,12,established_5plus,True,post_only
Ekko|16.11,P236,Ekko,16.11,16.10,,post,1,EMERALD,UTILITY,,,False,0,observed_new,True,post_only
Ekko|16.11,P277,Ekko,16.11,16.10,,post,1,EMERALD,JUNGLE,0,observed_new,True,0,observed_new,True,post_only
Ekko|16.11,P301,Ekko,16.11,16.10,,post,33,DIAMOND,JUNGLE,90,established_5plus,True,42,established_5plus,True,both
Ekko|16.11,P301,Ekko,16.11,16.10,,pre,78,DIAMOND,JUNGLE,,,False,46,established_5plus,True,both
Ekko|16.11,P346,Ekko,16.11,16.10,,post,1,DIAMOND,MIDDLE,1,limited_1_4,True,1,limited_1_4,True,both
Ekko|16.11,P346,Ekko,16.11,16.10,,pre,1,DIAMOND,MIDDLE,1,limited_1_4,True,0,observed_new,True,both
Ekko|16.11,P359,Ekko,16.11,16.10,,post,1,DIAMOND,UTILITY,1,limited_1_4,True,1,limited_1_4,True,post_only
Ekko|16.11,P403,Ekko,16.11,16.10,,post,2,MASTER+,JUNGLE,19,established_5plus,True,7,established_5plus,True,post_only
Ekko|16.11,P424,Ekko,16.11,16.10,,post,4,MASTER+,JUNGLE,4,limited_1_4,True,1,limited_1_4,True,both
Ekko|16.11,P424,Ekko,16.11,16.10,,pre,1,MASTER+,JUNGLE,4,limited_1_4,True,0,observed_new,True,both
Ekko|16.11,P439,Ekko,16.11,16.10,,post,11,MASTER+,MIDDLE,20,established_5plus,True,7,established_5plus,True,both
Ekko|16.11,P439,Ekko,16.11,16.10,,pre,17,MASTER+,MIDDLE,22,established_5plus,True,14,established_5plus,True,both
Ekko|16.11,P449,Ekko,16.11,16.10,,post,1,MASTER+,JUNGLE,0,observed_new,True,0,observed_new,True,post_only
Ekko|16.11,P479,Ekko,16.11,16.10,,post,2,MASTER+,BOTTOM,7,established_5plus,True,5,established_5plus,True,both
Ekko|16.11,P479,Ekko,16.11,16.10,,pre,7,MASTER+,BOTTOM,1,limited_1_4,True,0,observed_new,True,both
Ekko|16.11,P487,Ekko,16.11,16.10,,post,1,MASTER+,JUNGLE,,,False,,,False,post_only
Heimerdinger|16.11,P016,Heimerdinger,16.11,16.10,,pre,1,GOLD,JUNGLE,1,limited_1_4,True,1,limited_1_4,True,pre_only
Heimerdinger|16.11,P041,Heimerdinger,16.11,16.10,,post,1,GOLD,TOP,0,observed_new,True,0,observed_new,True,post_only
Heimerdinger|16.11,P051,Heimerdinger,16.11,16.10,,pre,1,GOLD,UTILITY,,,False,0,observed_new,True,pre_only
Heimerdinger|16.11,P258,Heimerdinger,16.11,16.10,,post,2,EMERALD,TOP,,,False,,,False,post_only
Heimerdinger|16.11,P290,Heimerdinger,16.11,16.10,,post,1,EMERALD,UTILITY,0,observed_new,True,0,observed_new,True,post_only
Heimerdinger|16.11,P340,Heimerdinger,16.11,16.10,,post,8,DIAMOND,MIDDLE,18,established_5plus,True,8,established_5plus,True,both
Heimerdinger|16.11,P340,Heimerdinger,16.11,16.10,,pre,1,DIAMOND,MIDDLE,17,established_5plus,True,8,established_5plus,True,both
Heimerdinger|16.11,P394,Heimerdinger,16.11,16.10,,pre,1,DIAMOND,TOP,0,observed_new,True,0,observed_new,True,pre_only
Heimerdinger|16.11,P406,Heimerdinger,16.11,16.10,,post,28,MASTER+,JUNGLE,,,False,6,established_5plus,True,both
Heimerdinger|16.11,P406,Heimerdinger,16.11,16.10,,pre,7,MASTER+,JUNGLE,,,False,,,False,both
Heimerdinger|16.11,P447,Heimerdinger,16.11,16.10,,post,1,MASTER+,UTILITY,,,False,0,observed_new,True,post_only
Heimerdinger|16.11,P497,Heimerdinger,16.11,16.10,,post,8,MASTER+,TOP,,,False,13,established_5plus,True,both
Heimerdinger|16.11,P497,Heimerdinger,16.11,16.10,,pre,8,MASTER+,TOP,,,False,5,established_5plus,True,both
Kassadin|16.11,P059,Kassadin,16.11,16.10,,post,2,GOLD,MIDDLE,,,False,,,False,post_only
Kassadin|16.11,P116,Kassadin,16.11,16.10,,post,1,PLATINUM,TOP,0,observed_new,True,0,observed_new,True,post_only
Kassadin|16.11,P137,Kassadin,16.11,16.10,,pre,1,PLATINUM,MIDDLE,1,limited_1_4,True,0,observed_new,True,pre_only
Kassadin|16.11,P279,Kassadin,16.11,16.10,,pre,1,EMERALD,BOTTOM,2,limited_1_4,True,0,observed_new,True,pre_only
Kassadin|16.11,P344,Kassadin,16.11,16.10,,pre,3,DIAMOND,UTILITY,,,False,0,observed_new,True,pre_only
Kassadin|16.11,P354,Kassadin,16.11,16.10,,pre,1,DIAMOND,MIDDLE,0,observed_new,True,0,observed_new,True,pre_only
Kassadin|16.11,P405,Kassadin,16.11,16.10,,post,2,MASTER+,UTILITY,0,observed_new,True,0,observed_new,True,post_only
Kassadin|16.11,P481,Kassadin,16.11,16.10,,post,1,MASTER+,JUNGLE,1,limited_1_4,True,1,limited_1_4,True,post_only
Quinn|16.11,P001,Quinn,16.11,16.10,,post,2,GOLD,BOTTOM,2,limited_1_4,True,2,limited_1_4,True,both
Quinn|16.11,P001,Quinn,16.11,16.10,,pre,2,GOLD,BOTTOM,,,False,0,observed_new,True,both
Quinn|16.11,P335,Quinn,16.11,16.10,,pre,1,DIAMOND,MIDDLE,1,limited_1_4,True,1,limited_1_4,True,pre_only
Quinn|16.11,P368,Quinn,16.11,16.10,,post,1,DIAMOND,MIDDLE,0,observed_new,True,0,observed_new,True,post_only
Quinn|16.11,P394,Quinn,16.11,16.10,,pre,1,DIAMOND,TOP,0,observed_new,True,0,observed_new,True,pre_only
Quinn|16.11,P469,Quinn,16.11,16.10,,pre,4,MASTER+,TOP,4,limited_1_4,True,4,limited_1_4,True,pre_only
Smolder|16.11,P001,Smolder,16.11,16.10,,pre,1,GOLD,BOTTOM,,,False,,,False,pre_only
Smolder|16.11,P004,Smolder,16.11,16.10,,post,5,GOLD,MIDDLE,4,limited_1_4,True,1,limited_1_4,True,both
Smolder|16.11,P004,Smolder,16.11,16.10,,pre,1,GOLD,MIDDLE,3,limited_1_4,True,3,limited_1_4,True,both
Smolder|16.11,P007,Smolder,16.11,16.10,,post,1,GOLD,TOP,0,observed_new,True,0,observed_new,True,post_only
Smolder|16.11,P027,Smolder,16.11,16.10,,post,3,GOLD,BOTTOM,3,limited_1_4,True,1,limited_1_4,True,post_only
Smolder|16.11,P028,Smolder,16.11,16.10,,pre,1,GOLD,MIDDLE,12,established_5plus,True,2,limited_1_4,True,pre_only
Smolder|16.11,P034,Smolder,16.11,16.10,,post,1,GOLD,BOTTOM,7,established_5plus,True,4,limited_1_4,True,both
Smolder|16.11,P034,Smolder,16.11,16.10,,pre,1,GOLD,BOTTOM,6,established_5plus,True,3,limited_1_4,True,both
Smolder|16.11,P051,Smolder,16.11,16.10,,post,1,GOLD,UTILITY,,,False,0,observed_new,True,post_only
Smolder|16.11,P102,Smolder,16.11,16.10,,pre,2,PLATINUM,BOTTOM,,,False,1,limited_1_4,True,pre_only
Smolder|16.11,P114,Smolder,16.11,16.10,,pre,4,PLATINUM,BOTTOM,13,established_5plus,True,13,established_5plus,True,pre_only
Smolder|16.11,P131,Smolder,16.11,16.10,,post,3,PLATINUM,JUNGLE,16,established_5plus,True,4,limited_1_4,True,both
Smolder|16.11,P131,Smolder,16.11,16.10,,pre,3,PLATINUM,JUNGLE,17,established_5plus,True,5,established_5plus,True,both
Smolder|16.11,P132,Smolder,16.11,16.10,,pre,1,PLATINUM,MIDDLE,1,limited_1_4,True,0,observed_new,True,pre_only
Smolder|16.11,P135,Smolder,16.11,16.10,,pre,8,PLATINUM,MIDDLE,,,False,,,False,pre_only
Smolder|16.11,P136,Smolder,16.11,16.10,,post,1,PLATINUM,MIDDLE,8,established_5plus,True,1,limited_1_4,True,both
Smolder|16.11,P136,Smolder,16.11,16.10,,pre,7,PLATINUM,MIDDLE,4,limited_1_4,True,4,limited_1_4,True,both
Smolder|16.11,P137,Smolder,16.11,16.10,,pre,2,PLATINUM,MIDDLE,3,limited_1_4,True,3,limited_1_4,True,pre_only
Smolder|16.11,P150,Smolder,16.11,16.10,,post,12,PLATINUM,BOTTOM,,,False,,,False,post_only
Smolder|16.11,P161,Smolder,16.11,16.10,,pre,1,PLATINUM,MIDDLE,1,limited_1_4,True,0,observed_new,True,pre_only
Smolder|16.11,P176,Smolder,16.11,16.10,,post,6,PLATINUM,BOTTOM,26,established_5plus,True,14,established_5plus,True,both
Smolder|16.11,P176,Smolder,16.11,16.10,,pre,17,PLATINUM,BOTTOM,,,False,10,established_5plus,True,both
Smolder|16.11,P189,Smolder,16.11,16.10,,pre,1,PLATINUM,TOP,3,limited_1_4,True,2,limited_1_4,True,pre_only
Smolder|16.11,P192,Smolder,16.11,16.10,,pre,1,PLATINUM,TOP,3,limited_1_4,True,2,limited_1_4,True,pre_only
Smolder|16.11,P199,Smolder,16.11,16.10,,pre,1,PLATINUM,TOP,3,limited_1_4,True,3,limited_1_4,True,pre_only
Smolder|16.11,P211,Smolder,16.11,16.10,,post,2,EMERALD,BOTTOM,7,established_5plus,True,5,established_5plus,True,both
Smolder|16.11,P211,Smolder,16.11,16.10,,pre,2,EMERALD,BOTTOM,5,established_5plus,True,3,limited_1_4,True,both
Smolder|16.11,P214,Smolder,16.11,16.10,,pre,1,EMERALD,TOP,,,False,,,False,pre_only
Smolder|16.11,P218,Smolder,16.11,16.10,,pre,4,EMERALD,UTILITY,3,limited_1_4,True,1,limited_1_4,True,pre_only
Smolder|16.11,P226,Smolder,16.11,16.10,,pre,1,EMERALD,JUNGLE,,,False,3,limited_1_4,True,pre_only
Smolder|16.11,P233,Smolder,16.11,16.10,,post,1,EMERALD,BOTTOM,10,established_5plus,True,10,established_5plus,True,both
Smolder|16.11,P233,Smolder,16.11,16.10,,pre,1,EMERALD,BOTTOM,9,established_5plus,True,9,established_5plus,True,both
Smolder|16.11,P243,Smolder,16.11,16.10,,pre,1,EMERALD,TOP,,,False,0,observed_new,True,pre_only
Smolder|16.11,P244,Smolder,16.11,16.10,,pre,1,EMERALD,BOTTOM,,,False,3,limited_1_4,True,pre_only
Smolder|16.11,P246,Smolder,16.11,16.10,,pre,3,EMERALD,BOTTOM,3,limited_1_4,True,3,limited_1_4,True,pre_only
Smolder|16.11,P249,Smolder,16.11,16.10,,pre,4,EMERALD,BOTTOM,1,limited_1_4,True,1,limited_1_4,True,pre_only
Smolder|16.11,P262,Smolder,16.11,16.10,,post,1,EMERALD,MIDDLE,,,False,0,observed_new,True,post_only
Smolder|16.11,P266,Smolder,16.11,16.10,,pre,2,EMERALD,MIDDLE,0,observed_new,True,0,observed_new,True,pre_only
Smolder|16.11,P279,Smolder,16.11,16.10,,pre,1,EMERALD,BOTTOM,0,observed_new,True,0,observed_new,True,pre_only
Smolder|16.11,P290,Smolder,16.11,16.10,,post,1,EMERALD,UTILITY,,,False,1,limited_1_4,True,both
Smolder|16.11,P290,Smolder,16.11,16.10,,pre,1,EMERALD,UTILITY,,,False,0,observed_new,True,both
Smolder|16.11,P301,Smolder,16.11,16.10,,post,6,DIAMOND,JUNGLE,0,observed_new,True,0,observed_new,True,post_only
Smolder|16.11,P307,Smolder,16.11,16.10,,post,2,DIAMOND,BOTTOM,0,observed_new,True,0,observed_new,True,post_only
Smolder|16.11,P328,Smolder,16.11,16.10,,post,1,DIAMOND,JUNGLE,23,established_5plus,True,6,established_5plus,True,both
Smolder|16.11,P328,Smolder,16.11,16.10,,pre,8,DIAMOND,JUNGLE,43,established_5plus,True,16,established_5plus,True,both
Smolder|16.11,P330,Smolder,16.11,16.10,,pre,1,DIAMOND,MIDDLE,0,observed_new,True,0,observed_new,True,pre_only
Smolder|16.11,P346,Smolder,16.11,16.10,,pre,4,DIAMOND,MIDDLE,0,observed_new,True,0,observed_new,True,pre_only
Smolder|16.11,P351,Smolder,16.11,16.10,,pre,2,DIAMOND,MIDDLE,2,limited_1_4,True,0,observed_new,True,pre_only
Smolder|16.11,P354,Smolder,16.11,16.10,,pre,1,DIAMOND,MIDDLE,0,observed_new,True,0,observed_new,True,pre_only
Smolder|16.11,P356,Smolder,16.11,16.10,,post,1,DIAMOND,MIDDLE,3,limited_1_4,True,0,observed_new,True,both
Smolder|16.11,P356,Smolder,16.11,16.10,,pre,2,DIAMOND,MIDDLE,1,limited_1_4,True,1,limited_1_4,True,both
Smolder|16.11,P361,Smolder,16.11,16.10,,pre,3,DIAMOND,MIDDLE,1,limited_1_4,True,1,limited_1_4,True,pre_only
Smolder|16.11,P363,Smolder,16.11,16.10,,post,1,DIAMOND,BOTTOM,0,observed_new,True,0,observed_new,True,post_only
Smolder|16.11,P366,Smolder,16.11,16.10,,pre,4,DIAMOND,MIDDLE,2,limited_1_4,True,2,limited_1_4,True,pre_only
Smolder|16.11,P367,Smolder,16.11,16.10,,pre,1,DIAMOND,MIDDLE,0,observed_new,True,0,observed_new,True,pre_only
Smolder|16.11,P405,Smolder,16.11,16.10,,pre,1,MASTER+,UTILITY,4,limited_1_4,True,2,limited_1_4,True,pre_only
Smolder|16.11,P406,Smolder,16.11,16.10,,post,1,MASTER+,JUNGLE,,,False,0,observed_new,True,both
Smolder|16.11,P406,Smolder,16.11,16.10,,pre,1,MASTER+,JUNGLE,,,False,,,False,both
Smolder|16.11,P407,Smolder,16.11,16.10,,post,3,MASTER+,BOTTOM,,,False,,,False,post_only
Smolder|16.11,P424,Smolder,16.11,16.10,,post,1,MASTER+,JUNGLE,5,established_5plus,True,0,observed_new,True,post_only
Smolder|16.11,P429,Smolder,16.11,16.10,,pre,4,MASTER+,BOTTOM,,,False,0,observed_new,True,pre_only
Smolder|16.11,P433,Smolder,16.11,16.10,,pre,1,MASTER+,BOTTOM,,,False,7,established_5plus,True,pre_only
Smolder|16.11,P436,Smolder,16.11,16.10,,post,1,MASTER+,BOTTOM,,,False,,,False,post_only
Smolder|16.11,P439,Smolder,16.11,16.10,,post,1,MASTER+,MIDDLE,2,limited_1_4,True,1,limited_1_4,True,both
Smolder|16.11,P439,Smolder,16.11,16.10,,pre,2,MASTER+,MIDDLE,1,limited_1_4,True,0,observed_new,True,both
Smolder|16.11,P465,Smolder,16.11,16.10,,post,1,MASTER+,MIDDLE,,,False,,,False,post_only
Smolder|16.11,P467,Smolder,16.11,16.10,,post,2,MASTER+,BOTTOM,13,established_5plus,True,13,established_5plus,True,both
Smolder|16.11,P467,Smolder,16.11,16.10,,pre,8,MASTER+,BOTTOM,5,established_5plus,True,5,established_5plus,True,both
Smolder|16.11,P479,Smolder,16.11,16.10,,post,1,MASTER+,BOTTOM,21,established_5plus,True,1,limited_1_4,True,both
Smolder|16.11,P479,Smolder,16.11,16.10,,pre,2,MASTER+,BOTTOM,28,established_5plus,True,23,established_5plus,True,both
Smolder|16.11,P485,Smolder,16.11,16.10,,pre,2,MASTER+,BOTTOM,0,observed_new,True,0,observed_new,True,pre_only
Teemo|16.11,P001,Teemo,16.11,16.10,,post,34,GOLD,BOTTOM,,,False,27,established_5plus,True,both
Teemo|16.11,P001,Teemo,16.11,16.10,,pre,27,GOLD,BOTTOM,,,False,,,False,both
Teemo|16.11,P007,Teemo,16.11,16.10,,pre,1,GOLD,TOP,0,observed_new,True,0,observed_new,True,pre_only
Teemo|16.11,P028,Teemo,16.11,16.10,,pre,1,GOLD,MIDDLE,0,observed_new,True,0,observed_new,True,pre_only
Teemo|16.11,P074,Teemo,16.11,16.10,,post,3,GOLD,TOP,,,False,0,observed_new,True,post_only
Teemo|16.11,P084,Teemo,16.11,16.10,,post,1,GOLD,UTILITY,,,False,,,False,post_only
Teemo|16.11,P105,Teemo,16.11,16.10,,post,3,PLATINUM,MIDDLE,0,observed_new,True,0,observed_new,True,post_only
Teemo|16.11,P135,Teemo,16.11,16.10,,pre,2,PLATINUM,MIDDLE,,,False,,,False,pre_only
Teemo|16.11,P136,Teemo,16.11,16.10,,post,2,PLATINUM,MIDDLE,2,limited_1_4,True,0,observed_new,True,both
Teemo|16.11,P136,Teemo,16.11,16.10,,pre,5,PLATINUM,MIDDLE,3,limited_1_4,True,3,limited_1_4,True,both
Teemo|16.11,P138,Teemo,16.11,16.10,,post,6,PLATINUM,MIDDLE,4,limited_1_4,True,4,limited_1_4,True,both
Teemo|16.11,P138,Teemo,16.11,16.10,,pre,4,PLATINUM,MIDDLE,0,observed_new,True,0,observed_new,True,both
Teemo|16.11,P152,Teemo,16.11,16.10,,post,2,PLATINUM,UTILITY,6,established_5plus,True,5,established_5plus,True,both
Teemo|16.11,P152,Teemo,16.11,16.10,,pre,5,PLATINUM,UTILITY,4,limited_1_4,True,0,observed_new,True,both
Teemo|16.11,P157,Teemo,16.11,16.10,,pre,2,PLATINUM,TOP,0,observed_new,True,0,observed_new,True,pre_only
Teemo|16.11,P182,Teemo,16.11,16.10,,pre,6,PLATINUM,TOP,,,False,6,established_5plus,True,pre_only
Teemo|16.11,P192,Teemo,16.11,16.10,,pre,1,PLATINUM,TOP,0,observed_new,True,0,observed_new,True,pre_only
Teemo|16.11,P213,Teemo,16.11,16.10,,post,1,EMERALD,BOTTOM,0,observed_new,True,0,observed_new,True,post_only
Teemo|16.11,P214,Teemo,16.11,16.10,,pre,1,EMERALD,TOP,,,False,,,False,pre_only
Teemo|16.11,P218,Teemo,16.11,16.10,,pre,1,EMERALD,UTILITY,1,limited_1_4,True,0,observed_new,True,pre_only
Teemo|16.11,P220,Teemo,16.11,16.10,,post,1,EMERALD,BOTTOM,0,observed_new,True,0,observed_new,True,post_only
Teemo|16.11,P258,Teemo,16.11,16.10,,post,5,EMERALD,TOP,,,False,,,False,post_only
Teemo|16.11,P290,Teemo,16.11,16.10,,post,1,EMERALD,UTILITY,1,limited_1_4,True,0,observed_new,True,both
Teemo|16.11,P290,Teemo,16.11,16.10,,pre,1,EMERALD,UTILITY,,,False,,,False,both
Teemo|16.11,P301,Teemo,16.11,16.10,,post,2,DIAMOND,JUNGLE,0,observed_new,True,0,observed_new,True,post_only
Teemo|16.11,P311,Teemo,16.11,16.10,,post,1,DIAMOND,JUNGLE,1,limited_1_4,True,0,observed_new,True,post_only
Teemo|16.11,P322,Teemo,16.11,16.10,,pre,3,DIAMOND,TOP,,,False,1,limited_1_4,True,pre_only
Teemo|16.11,P380,Teemo,16.11,16.10,,pre,1,DIAMOND,TOP,0,observed_new,True,0,observed_new,True,pre_only
Teemo|16.11,P381,Teemo,16.11,16.10,,post,1,DIAMOND,JUNGLE,7,established_5plus,True,1,limited_1_4,True,both
Teemo|16.11,P381,Teemo,16.11,16.10,,pre,1,DIAMOND,JUNGLE,6,established_5plus,True,2,limited_1_4,True,both
Teemo|16.11,P394,Teemo,16.11,16.10,,post,19,DIAMOND,TOP,93,established_5plus,True,47,established_5plus,True,both
Teemo|16.11,P394,Teemo,16.11,16.10,,pre,29,DIAMOND,TOP,94,established_5plus,True,48,established_5plus,True,both
Teemo|16.11,P399,Teemo,16.11,16.10,,post,3,DIAMOND,JUNGLE,,,False,,,False,post_only
Teemo|16.11,P404,Teemo,16.11,16.10,,post,2,MASTER+,TOP,2,limited_1_4,True,1,limited_1_4,True,both
Teemo|16.11,P404,Teemo,16.11,16.10,,pre,2,MASTER+,TOP,1,limited_1_4,True,0,observed_new,True,both
Teemo|16.11,P429,Teemo,16.11,16.10,,post,1,MASTER+,BOTTOM,,,False,1,limited_1_4,True,both
Teemo|16.11,P429,Teemo,16.11,16.10,,pre,1,MASTER+,BOTTOM,,,False,0,observed_new,True,both
Teemo|16.11,P451,Teemo,16.11,16.10,,post,2,MASTER+,TOP,0,observed_new,True,0,observed_new,True,post_only
Teemo|16.11,P469,Teemo,16.11,16.10,,pre,11,MASTER+,TOP,47,established_5plus,True,23,established_5plus,True,pre_only
Teemo|16.11,P476,Teemo,16.11,16.10,,pre,4,MASTER+,JUNGLE,1,limited_1_4,True,1,limited_1_4,True,pre_only
Aatrox|16.12,P016,Aatrox,16.12,16.11,,pre,1,GOLD,JUNGLE,1,limited_1_4,True,1,limited_1_4,True,pre_only
Aatrox|16.12,P079,Aatrox,16.12,16.11,,post,1,GOLD,TOP,0,observed_new,True,0,observed_new,True,post_only
Aatrox|16.12,P091,Aatrox,16.12,16.11,,post,1,GOLD,BOTTOM,0,observed_new,True,0,observed_new,True,post_only
Aatrox|16.12,P157,Aatrox,16.12,16.11,,post,2,PLATINUM,TOP,3,limited_1_4,True,3,limited_1_4,True,both
Aatrox|16.12,P157,Aatrox,16.12,16.11,,pre,2,PLATINUM,TOP,1,limited_1_4,True,1,limited_1_4,True,both
Aatrox|16.12,P158,Aatrox,16.12,16.11,,pre,2,PLATINUM,JUNGLE,0,observed_new,True,0,observed_new,True,pre_only
Aatrox|16.12,P166,Aatrox,16.12,16.11,,pre,1,PLATINUM,BOTTOM,,,False,0,observed_new,True,pre_only
Aatrox|16.12,P193,Aatrox,16.12,16.11,,post,1,PLATINUM,JUNGLE,,,False,,,False,post_only
Aatrox|16.12,P194,Aatrox,16.12,16.11,,post,23,PLATINUM,TOP,22,established_5plus,True,10,established_5plus,True,both
Aatrox|16.12,P194,Aatrox,16.12,16.11,,pre,5,PLATINUM,TOP,28,established_5plus,True,7,established_5plus,True,both
Aatrox|16.12,P197,Aatrox,16.12,16.11,,post,1,PLATINUM,TOP,4,limited_1_4,True,2,limited_1_4,True,both
Aatrox|16.12,P197,Aatrox,16.12,16.11,,pre,2,PLATINUM,TOP,3,limited_1_4,True,2,limited_1_4,True,both
Aatrox|16.12,P203,Aatrox,16.12,16.11,,post,1,EMERALD,BOTTOM,0,observed_new,True,0,observed_new,True,post_only
Aatrox|16.12,P246,Aatrox,16.12,16.11,,pre,1,EMERALD,BOTTOM,0,observed_new,True,0,observed_new,True,pre_only
Aatrox|16.12,P264,Aatrox,16.12,16.11,,post,1,EMERALD,MIDDLE,,,False,,,False,post_only
Aatrox|16.12,P292,Aatrox,16.12,16.11,,post,1,EMERALD,TOP,1,limited_1_4,True,1,limited_1_4,True,both
Aatrox|16.12,P292,Aatrox,16.12,16.11,,pre,1,EMERALD,TOP,0,observed_new,True,0,observed_new,True,both
Aatrox|16.12,P328,Aatrox,16.12,16.11,,post,11,DIAMOND,JUNGLE,38,established_5plus,True,22,established_5plus,True,both
Aatrox|16.12,P328,Aatrox,16.12,16.11,,pre,1,DIAMOND,JUNGLE,37,established_5plus,True,22,established_5plus,True,both
Aatrox|16.12,P412,Aatrox,16.12,16.11,,pre,1,MASTER+,TOP,3,limited_1_4,True,3,limited_1_4,True,pre_only
Aatrox|16.12,P426,Aatrox,16.12,16.11,,post,1,MASTER+,MIDDLE,0,observed_new,True,0,observed_new,True,post_only
Aatrox|16.12,P438,Aatrox,16.12,16.11,,post,2,MASTER+,MIDDLE,1,limited_1_4,True,0,observed_new,True,both
Aatrox|16.12,P438,Aatrox,16.12,16.11,,pre,1,MASTER+,MIDDLE,1,limited_1_4,True,1,limited_1_4,True,both
Aatrox|16.12,P440,Aatrox,16.12,16.11,,post,1,MASTER+,UTILITY,0,observed_new,True,0,observed_new,True,post_only
Aatrox|16.12,P462,Aatrox,16.12,16.11,,pre,1,MASTER+,MIDDLE,4,limited_1_4,True,1,limited_1_4,True,pre_only
Aatrox|16.12,P464,Aatrox,16.12,16.11,,pre,1,MASTER+,JUNGLE,1,limited_1_4,True,0,observed_new,True,pre_only
Aatrox|16.12,P478,Aatrox,16.12,16.11,,pre,5,MASTER+,TOP,18,established_5plus,True,5,established_5plus,True,pre_only
Gwen|16.12,P050,Gwen,16.12,16.11,,pre,1,GOLD,TOP,,,False,20,established_5plus,True,pre_only
Gwen|16.12,P197,Gwen,16.12,16.11,,post,1,PLATINUM,TOP,1,limited_1_4,True,0,observed_new,True,post_only
Gwen|16.12,P209,Gwen,16.12,16.11,,pre,1,EMERALD,MIDDLE,2,limited_1_4,True,0,observed_new,True,pre_only
Gwen|16.12,P217,Gwen,16.12,16.11,,post,1,EMERALD,TOP,0,observed_new,True,0,observed_new,True,post_only
Gwen|16.12,P267,Gwen,16.12,16.11,,pre,1,EMERALD,JUNGLE,0,observed_new,True,0,observed_new,True,pre_only
Gwen|16.12,P302,Gwen,16.12,16.11,,pre,1,DIAMOND,UTILITY,0,observed_new,True,0,observed_new,True,pre_only
Gwen|16.12,P359,Gwen,16.12,16.11,,post,7,DIAMOND,UTILITY,22,established_5plus,True,12,established_5plus,True,both
Gwen|16.12,P359,Gwen,16.12,16.11,,pre,1,DIAMOND,UTILITY,21,established_5plus,True,11,established_5plus,True,both
Gwen|16.12,P450,Gwen,16.12,16.11,,post,1,MASTER+,JUNGLE,12,established_5plus,True,4,limited_1_4,True,both
Gwen|16.12,P450,Gwen,16.12,16.11,,pre,1,MASTER+,JUNGLE,16,established_5plus,True,6,established_5plus,True,both
Gwen|16.12,P453,Gwen,16.12,16.11,,pre,1,MASTER+,TOP,2,limited_1_4,True,0,observed_new,True,pre_only
Gwen|16.12,P479,Gwen,16.12,16.11,,post,1,MASTER+,BOTTOM,1,limited_1_4,True,1,limited_1_4,True,both
Gwen|16.12,P479,Gwen,16.12,16.11,,pre,1,MASTER+,BOTTOM,0,observed_new,True,0,observed_new,True,both
Hwei|16.12,P133,Hwei,16.12,16.11,,pre,1,PLATINUM,MIDDLE,,,False,0,observed_new,True,pre_only
Hwei|16.12,P167,Hwei,16.12,16.11,,post,1,PLATINUM,JUNGLE,,,False,0,observed_new,True,post_only
Hwei|16.12,P199,Hwei,16.12,16.11,,post,1,PLATINUM,TOP,15,established_5plus,True,9,established_5plus,True,both
Hwei|16.12,P199,Hwei,16.12,16.11,,pre,1,PLATINUM,TOP,14,established_5plus,True,9,established_5plus,True,both
Hwei|16.12,P262,Hwei,16.12,16.11,,post,1,EMERALD,MIDDLE,2,limited_1_4,True,0,observed_new,True,post_only
Hwei|16.12,P327,Hwei,16.12,16.11,,pre,1,DIAMOND,UTILITY,0,observed_new,True,0,observed_new,True,pre_only
Hwei|16.12,P332,Hwei,16.12,16.11,,post,1,DIAMOND,BOTTOM,0,observed_new,True,0,observed_new,True,post_only
Hwei|16.12,P345,Hwei,16.12,16.11,,post,8,DIAMOND,BOTTOM,20,established_5plus,True,13,established_5plus,True,both
Hwei|16.12,P345,Hwei,16.12,16.11,,pre,10,DIAMOND,BOTTOM,16,established_5plus,True,10,established_5plus,True,both
Hwei|16.12,P426,Hwei,16.12,16.11,,post,10,MASTER+,MIDDLE,17,established_5plus,True,4,limited_1_4,True,both
Hwei|16.12,P426,Hwei,16.12,16.11,,pre,3,MASTER+,MIDDLE,19,established_5plus,True,10,established_5plus,True,both
Hwei|16.12,P438,Hwei,16.12,16.11,,post,2,MASTER+,MIDDLE,14,established_5plus,True,5,established_5plus,True,both
Hwei|16.12,P438,Hwei,16.12,16.11,,pre,14,MASTER+,MIDDLE,0,observed_new,True,0,observed_new,True,both
Hwei|16.12,P439,Hwei,16.12,16.11,,post,2,MASTER+,MIDDLE,1,limited_1_4,True,0,observed_new,True,post_only
Hwei|16.12,P442,Hwei,16.12,16.11,,post,1,MASTER+,UTILITY,0,observed_new,True,0,observed_new,True,post_only
Hwei|16.12,P445,Hwei,16.12,16.11,,post,2,MASTER+,UTILITY,4,limited_1_4,True,2,limited_1_4,True,both
Hwei|16.12,P445,Hwei,16.12,16.11,,pre,2,MASTER+,UTILITY,3,limited_1_4,True,1,limited_1_4,True,both
Hwei|16.12,P448,Hwei,16.12,16.11,,pre,1,MASTER+,UTILITY,0,observed_new,True,0,observed_new,True,pre_only
Hwei|16.12,P455,Hwei,16.12,16.11,,post,3,MASTER+,MIDDLE,16,established_5plus,True,8,established_5plus,True,both
Hwei|16.12,P455,Hwei,16.12,16.11,,pre,1,MASTER+,MIDDLE,15,established_5plus,True,11,established_5plus,True,both
Hwei|16.12,P462,Hwei,16.12,16.11,,post,2,MASTER+,MIDDLE,4,limited_1_4,True,4,limited_1_4,True,post_only
Jax|16.12,P012,Jax,16.12,16.11,,pre,1,GOLD,UTILITY,0,observed_new,True,0,observed_new,True,pre_only
Jax|16.12,P028,Jax,16.12,16.11,,post,1,GOLD,MIDDLE,0,observed_new,True,0,observed_new,True,post_only
Jax|16.12,P034,Jax,16.12,16.11,,post,1,GOLD,BOTTOM,1,limited_1_4,True,0,observed_new,True,post_only
Jax|16.12,P041,Jax,16.12,16.11,,post,1,GOLD,TOP,0,observed_new,True,0,observed_new,True,post_only
Jax|16.12,P051,Jax,16.12,16.11,,post,1,GOLD,UTILITY,,,False,9,established_5plus,True,both
Jax|16.12,P051,Jax,16.12,16.11,,pre,1,GOLD,UTILITY,,,False,8,established_5plus,True,both
Jax|16.12,P133,Jax,16.12,16.11,,post,1,PLATINUM,MIDDLE,,,False,0,observed_new,True,post_only
Jax|16.12,P157,Jax,16.12,16.11,,post,1,PLATINUM,TOP,1,limited_1_4,True,1,limited_1_4,True,both
Jax|16.12,P157,Jax,16.12,16.11,,pre,1,PLATINUM,TOP,1,limited_1_4,True,0,observed_new,True,both
Jax|16.12,P186,Jax,16.12,16.11,,post,8,PLATINUM,JUNGLE,3,limited_1_4,True,0,observed_new,True,post_only
Jax|16.12,P197,Jax,16.12,16.11,,post,1,PLATINUM,TOP,1,limited_1_4,True,1,limited_1_4,True,both
Jax|16.12,P197,Jax,16.12,16.11,,pre,1,PLATINUM,TOP,0,observed_new,True,0,observed_new,True,both
Jax|16.12,P219,Jax,16.12,16.11,,pre,1,EMERALD,MIDDLE,13,established_5plus,True,12,established_5plus,True,pre_only
Jax|16.12,P258,Jax,16.12,16.11,,post,4,EMERALD,TOP,,,False,0,observed_new,True,post_only
Jax|16.12,P290,Jax,16.12,16.11,,pre,1,EMERALD,UTILITY,1,limited_1_4,True,0,observed_new,True,pre_only
Jax|16.12,P309,Jax,16.12,16.11,,pre,1,DIAMOND,TOP,13,established_5plus,True,6,established_5plus,True,pre_only
Jax|16.12,P311,Jax,16.12,16.11,,post,5,DIAMOND,JUNGLE,2,limited_1_4,True,1,limited_1_4,True,both
Jax|16.12,P311,Jax,16.12,16.11,,pre,2,DIAMOND,JUNGLE,0,observed_new,True,0,observed_new,True,both
Jax|16.12,P346,Jax,16.12,16.11,,pre,3,DIAMOND,MIDDLE,0,observed_new,True,0,observed_new,True,pre_only
Jax|16.12,P373,Jax,16.12,16.11,,post,4,DIAMOND,TOP,7,established_5plus,True,5,established_5plus,True,both
Jax|16.12,P373,Jax,16.12,16.11,,pre,3,DIAMOND,TOP,4,limited_1_4,True,3,limited_1_4,True,both
Jax|16.12,P399,Jax,16.12,16.11,,pre,2,DIAMOND,JUNGLE,,,False,,,False,pre_only
Jax|16.12,P451,Jax,16.12,16.11,,pre,1,MASTER+,TOP,0,observed_new,True,0,observed_new,True,pre_only
Jax|16.12,P463,Jax,16.12,16.11,,post,26,MASTER+,TOP,65,established_5plus,True,38,established_5plus,True,both
Jax|16.12,P463,Jax,16.12,16.11,,pre,24,MASTER+,TOP,60,established_5plus,True,31,established_5plus,True,both
Jax|16.12,P470,Jax,16.12,16.11,,pre,5,MASTER+,TOP,2,limited_1_4,True,0,observed_new,True,pre_only
Jax|16.12,P478,Jax,16.12,16.11,,pre,3,MASTER+,TOP,5,established_5plus,True,2,limited_1_4,True,pre_only
Nocturne|16.12,P004,Nocturne,16.12,16.11,,post,1,GOLD,MIDDLE,0,observed_new,True,0,observed_new,True,post_only
Nocturne|16.12,P006,Nocturne,16.12,16.11,,post,2,GOLD,UTILITY,14,established_5plus,True,5,established_5plus,True,both
Nocturne|16.12,P006,Nocturne,16.12,16.11,,pre,1,GOLD,UTILITY,13,established_5plus,True,4,limited_1_4,True,both
Nocturne|16.12,P007,Nocturne,16.12,16.11,,pre,1,GOLD,TOP,0,observed_new,True,0,observed_new,True,pre_only
Nocturne|16.12,P014,Nocturne,16.12,16.11,,post,1,GOLD,JUNGLE,,,False,1,limited_1_4,True,post_only
Nocturne|16.12,P052,Nocturne,16.12,16.11,,post,4,GOLD,MIDDLE,,,False,,,False,post_only
Nocturne|16.12,P093,Nocturne,16.12,16.11,,pre,2,GOLD,JUNGLE,1,limited_1_4,True,0,observed_new,True,pre_only
Nocturne|16.12,P186,Nocturne,16.12,16.11,,post,4,PLATINUM,JUNGLE,12,established_5plus,True,8,established_5plus,True,both
Nocturne|16.12,P186,Nocturne,16.12,16.11,,pre,7,PLATINUM,JUNGLE,17,established_5plus,True,5,established_5plus,True,both
Nocturne|16.12,P218,Nocturne,16.12,16.11,,pre,2,EMERALD,UTILITY,0,observed_new,True,0,observed_new,True,pre_only
Nocturne|16.12,P236,Nocturne,16.12,16.11,,post,1,EMERALD,UTILITY,,,False,4,limited_1_4,True,both
Nocturne|16.12,P236,Nocturne,16.12,16.11,,pre,2,EMERALD,UTILITY,,,False,,,False,both
Nocturne|16.12,P254,Nocturne,16.12,16.11,,post,5,EMERALD,JUNGLE,0,observed_new,True,0,observed_new,True,post_only
Nocturne|16.12,P257,Nocturne,16.12,16.11,,pre,1,EMERALD,MIDDLE,0,observed_new,True,0,observed_new,True,pre_only
Nocturne|16.12,P274,Nocturne,16.12,16.11,,post,1,EMERALD,MIDDLE,0,observed_new,True,0,observed_new,True,post_only
Nocturne|16.12,P290,Nocturne,16.12,16.11,,post,1,EMERALD,UTILITY,0,observed_new,True,0,observed_new,True,post_only
Nocturne|16.12,P330,Nocturne,16.12,16.11,,pre,6,DIAMOND,MIDDLE,7,established_5plus,True,7,established_5plus,True,pre_only
Nocturne|16.12,P373,Nocturne,16.12,16.11,,pre,4,DIAMOND,TOP,7,established_5plus,True,5,established_5plus,True,pre_only
Nocturne|16.12,P387,Nocturne,16.12,16.11,,post,4,DIAMOND,JUNGLE,,,False,0,observed_new,True,post_only
Nocturne|16.12,P450,Nocturne,16.12,16.11,,post,3,MASTER+,JUNGLE,15,established_5plus,True,5,established_5plus,True,both
Nocturne|16.12,P450,Nocturne,16.12,16.11,,pre,3,MASTER+,JUNGLE,15,established_5plus,True,2,limited_1_4,True,both
Nocturne|16.12,P470,Nocturne,16.12,16.11,,pre,3,MASTER+,TOP,0,observed_new,True,0,observed_new,True,pre_only
Nocturne|16.12,P485,Nocturne,16.12,16.11,,pre,1,MASTER+,BOTTOM,6,established_5plus,True,4,limited_1_4,True,pre_only
Nocturne|16.12,P493,Nocturne,16.12,16.11,,post,11,MASTER+,JUNGLE,23,established_5plus,True,10,established_5plus,True,both
Nocturne|16.12,P493,Nocturne,16.12,16.11,,pre,5,MASTER+,JUNGLE,26,established_5plus,True,12,established_5plus,True,both
Orianna|16.12,P047,Orianna,16.12,16.11,,pre,1,GOLD,MIDDLE,0,observed_new,True,0,observed_new,True,pre_only
Orianna|16.12,P051,Orianna,16.12,16.11,,post,13,GOLD,UTILITY,,,False,0,observed_new,True,post_only
Orianna|16.12,P109,Orianna,16.12,16.11,,post,2,PLATINUM,MIDDLE,10,established_5plus,True,5,established_5plus,True,post_only
Orianna|16.12,P131,Orianna,16.12,16.11,,pre,2,PLATINUM,JUNGLE,0,observed_new,True,0,observed_new,True,pre_only
Orianna|16.12,P197,Orianna,16.12,16.11,,pre,1,PLATINUM,TOP,0,observed_new,True,0,observed_new,True,pre_only
Orianna|16.12,P246,Orianna,16.12,16.11,,pre,1,EMERALD,BOTTOM,0,observed_new,True,0,observed_new,True,pre_only
Orianna|16.12,P274,Orianna,16.12,16.11,,post,1,EMERALD,MIDDLE,1,limited_1_4,True,0,observed_new,True,post_only
Orianna|16.12,P290,Orianna,16.12,16.11,,post,3,EMERALD,UTILITY,1,limited_1_4,True,1,limited_1_4,True,both
Orianna|16.12,P290,Orianna,16.12,16.11,,pre,1,EMERALD,UTILITY,0,observed_new,True,0,observed_new,True,both
Orianna|16.12,P307,Orianna,16.12,16.11,,post,1,DIAMOND,BOTTOM,1,limited_1_4,True,1,limited_1_4,True,post_only
Orianna|16.12,P323,Orianna,16.12,16.11,,post,1,DIAMOND,MIDDLE,15,established_5plus,True,6,established_5plus,True,both
Orianna|16.12,P323,Orianna,16.12,16.11,,pre,2,DIAMOND,MIDDLE,20,established_5plus,True,5,established_5plus,True,both
Orianna|16.12,P359,Orianna,16.12,16.11,,post,1,DIAMOND,UTILITY,2,limited_1_4,True,1,limited_1_4,True,post_only
Orianna|16.12,P367,Orianna,16.12,16.11,,post,1,DIAMOND,MIDDLE,3,limited_1_4,True,2,limited_1_4,True,both
Orianna|16.12,P367,Orianna,16.12,16.11,,pre,1,DIAMOND,MIDDLE,2,limited_1_4,True,1,limited_1_4,True,both
Orianna|16.12,P424,Orianna,16.12,16.11,,pre,5,MASTER+,JUNGLE,12,established_5plus,True,7,established_5plus,True,pre_only
Orianna|16.12,P428,Orianna,16.12,16.11,,post,13,MASTER+,MIDDLE,33,established_5plus,True,19,established_5plus,True,both
Orianna|16.12,P428,Orianna,16.12,16.11,,pre,30,MASTER+,MIDDLE,23,established_5plus,True,11,established_5plus,True,both
Orianna|16.12,P439,Orianna,16.12,16.11,,pre,1,MASTER+,MIDDLE,0,observed_new,True,0,observed_new,True,pre_only
Orianna|16.12,P440,Orianna,16.12,16.11,,post,1,MASTER+,UTILITY,1,limited_1_4,True,0,observed_new,True,both
Orianna|16.12,P440,Orianna,16.12,16.11,,pre,1,MASTER+,UTILITY,0,observed_new,True,0,observed_new,True,both
Orianna|16.12,P452,Orianna,16.12,16.11,,post,2,MASTER+,MIDDLE,0,observed_new,True,0,observed_new,True,post_only
Orianna|16.12,P455,Orianna,16.12,16.11,,pre,1,MASTER+,MIDDLE,1,limited_1_4,True,0,observed_new,True,pre_only
Orianna|16.12,P462,Orianna,16.12,16.11,,post,1,MASTER+,MIDDLE,0,observed_new,True,0,observed_new,True,post_only
Ryze|16.12,P004,Ryze,16.12,16.11,,pre,1,GOLD,MIDDLE,3,limited_1_4,True,1,limited_1_4,True,pre_only
Ryze|16.12,P197,Ryze,16.12,16.11,,post,1,PLATINUM,TOP,0,observed_new,True,0,observed_new,True,post_only
Ryze|16.12,P247,Ryze,16.12,16.11,,post,1,EMERALD,MIDDLE,,,False,0,observed_new,True,post_only
Ryze|16.12,P268,Ryze,16.12,16.11,,post,1,EMERALD,MIDDLE,42,established_5plus,True,20,established_5plus,True,post_only
Ryze|16.12,P290,Ryze,16.12,16.11,,post,7,EMERALD,UTILITY,0,observed_new,True,0,observed_new,True,post_only
Ryze|16.12,P309,Ryze,16.12,16.11,,post,1,DIAMOND,TOP,1,limited_1_4,True,1,limited_1_4,True,post_only
Ryze|16.12,P354,Ryze,16.12,16.11,,post,5,DIAMOND,MIDDLE,18,established_5plus,True,10,established_5plus,True,both
Ryze|16.12,P354,Ryze,16.12,16.11,,pre,6,DIAMOND,MIDDLE,16,established_5plus,True,9,established_5plus,True,both
Ryze|16.12,P368,Ryze,16.12,16.11,,post,4,DIAMOND,MIDDLE,0,observed_new,True,0,observed_new,True,post_only
Ryze|16.12,P440,Ryze,16.12,16.11,,post,1,MASTER+,UTILITY,0,observed_new,True,0,observed_new,True,post_only
Ryze|16.12,P455,Ryze,16.12,16.11,,post,1,MASTER+,MIDDLE,3,limited_1_4,True,3,limited_1_4,True,post_only
Sylas|16.12,P006,Sylas,16.12,16.11,,post,1,GOLD,UTILITY,0,observed_new,True,0,observed_new,True,post_only
Sylas|16.12,P011,Sylas,16.12,16.11,,post,2,GOLD,JUNGLE,,,False,,,False,post_only
Sylas|16.12,P012,Sylas,16.12,16.11,,pre,1,GOLD,UTILITY,0,observed_new,True,0,observed_new,True,pre_only
Sylas|16.12,P052,Sylas,16.12,16.11,,pre,1,GOLD,MIDDLE,,,False,,,False,pre_only
Sylas|16.12,P136,Sylas,16.12,16.11,,post,1,PLATINUM,MIDDLE,0,observed_new,True,0,observed_new,True,post_only
Sylas|16.12,P204,Sylas,16.12,16.11,,post,1,EMERALD,MIDDLE,,,False,1,limited_1_4,True,both
Sylas|16.12,P204,Sylas,16.12,16.11,,pre,1,EMERALD,MIDDLE,,,False,0,observed_new,True,both
Sylas|16.12,P208,Sylas,16.12,16.11,,post,3,EMERALD,JUNGLE,2,limited_1_4,True,2,limited_1_4,True,both
Sylas|16.12,P208,Sylas,16.12,16.11,,pre,1,EMERALD,JUNGLE,1,limited_1_4,True,1,limited_1_4,True,both
Sylas|16.12,P231,Sylas,16.12,16.11,,post,1,EMERALD,MIDDLE,4,limited_1_4,True,3,limited_1_4,True,post_only
Sylas|16.12,P241,Sylas,16.12,16.11,,post,1,EMERALD,BOTTOM,1,limited_1_4,True,1,limited_1_4,True,post_only
Sylas|16.12,P257,Sylas,16.12,16.11,,pre,1,EMERALD,MIDDLE,0,observed_new,True,0,observed_new,True,pre_only
Sylas|16.12,P258,Sylas,16.12,16.11,,post,1,EMERALD,TOP,,,False,0,observed_new,True,post_only
Sylas|16.12,P274,Sylas,16.12,16.11,,post,1,EMERALD,MIDDLE,2,limited_1_4,True,0,observed_new,True,post_only
Sylas|16.12,P277,Sylas,16.12,16.11,,pre,1,EMERALD,JUNGLE,0,observed_new,True,0,observed_new,True,pre_only
Sylas|16.12,P279,Sylas,16.12,16.11,,post,1,EMERALD,BOTTOM,0,observed_new,True,0,observed_new,True,post_only
Sylas|16.12,P288,Sylas,16.12,16.11,,post,1,EMERALD,JUNGLE,,,False,,,False,post_only
Sylas|16.12,P290,Sylas,16.12,16.11,,post,1,EMERALD,UTILITY,0,observed_new,True,0,observed_new,True,post_only
Sylas|16.12,P300,Sylas,16.12,16.11,,post,2,EMERALD,JUNGLE,0,observed_new,True,0,observed_new,True,post_only
Sylas|16.12,P322,Sylas,16.12,16.11,,post,1,DIAMOND,TOP,0,observed_new,True,0,observed_new,True,post_only
Sylas|16.12,P329,Sylas,16.12,16.11,,pre,1,DIAMOND,JUNGLE,7,established_5plus,True,3,limited_1_4,True,pre_only
Sylas|16.12,P354,Sylas,16.12,16.11,,post,5,DIAMOND,MIDDLE,7,established_5plus,True,3,limited_1_4,True,both
Sylas|16.12,P354,Sylas,16.12,16.11,,pre,1,DIAMOND,MIDDLE,6,established_5plus,True,4,limited_1_4,True,both
Sylas|16.12,P356,Sylas,16.12,16.11,,pre,1,DIAMOND,MIDDLE,0,observed_new,True,0,observed_new,True,pre_only
Sylas|16.12,P361,Sylas,16.12,16.11,,post,26,DIAMOND,MIDDLE,9,established_5plus,True,8,established_5plus,True,both
Sylas|16.12,P361,Sylas,16.12,16.11,,pre,7,DIAMOND,MIDDLE,3,limited_1_4,True,1,limited_1_4,True,both
Sylas|16.12,P373,Sylas,16.12,16.11,,pre,1,DIAMOND,TOP,4,limited_1_4,True,2,limited_1_4,True,pre_only
Sylas|16.12,P390,Sylas,16.12,16.11,,post,1,DIAMOND,TOP,7,established_5plus,True,5,established_5plus,True,post_only
Sylas|16.12,P409,Sylas,16.12,16.11,,post,1,MASTER+,BOTTOM,,,False,0,observed_new,True,post_only
Sylas|16.12,P424,Sylas,16.12,16.11,,post,2,MASTER+,JUNGLE,8,established_5plus,True,5,established_5plus,True,both
Sylas|16.12,P424,Sylas,16.12,16.11,,pre,1,MASTER+,JUNGLE,8,established_5plus,True,5,established_5plus,True,both
Sylas|16.12,P426,Sylas,16.12,16.11,,post,18,MASTER+,MIDDLE,22,established_5plus,True,12,established_5plus,True,both
Sylas|16.12,P426,Sylas,16.12,16.11,,pre,9,MASTER+,MIDDLE,26,established_5plus,True,10,established_5plus,True,both
Sylas|16.12,P436,Sylas,16.12,16.11,,post,1,MASTER+,BOTTOM,,,False,0,observed_new,True,post_only
Sylas|16.12,P439,Sylas,16.12,16.11,,post,2,MASTER+,MIDDLE,0,observed_new,True,0,observed_new,True,post_only
Sylas|16.12,P440,Sylas,16.12,16.11,,post,1,MASTER+,UTILITY,15,established_5plus,True,6,established_5plus,True,both
Sylas|16.12,P440,Sylas,16.12,16.11,,pre,9,MASTER+,UTILITY,8,established_5plus,True,7,established_5plus,True,both
Sylas|16.12,P452,Sylas,16.12,16.11,,post,1,MASTER+,MIDDLE,1,limited_1_4,True,0,observed_new,True,post_only
Sylas|16.12,P455,Sylas,16.12,16.11,,post,3,MASTER+,MIDDLE,3,limited_1_4,True,1,limited_1_4,True,post_only
Sylas|16.12,P481,Sylas,16.12,16.11,,post,6,MASTER+,JUNGLE,3,limited_1_4,True,2,limited_1_4,True,both
Sylas|16.12,P481,Sylas,16.12,16.11,,pre,2,MASTER+,JUNGLE,3,limited_1_4,True,0,observed_new,True,both
Sylas|16.12,P485,Sylas,16.12,16.11,,post,4,MASTER+,BOTTOM,0,observed_new,True,0,observed_new,True,post_only
Sylas|16.12,P487,Sylas,16.12,16.11,,post,1,MASTER+,JUNGLE,,,False,,,False,post_only
Syndra|16.12,P004,Syndra,16.12,16.11,,post,6,GOLD,MIDDLE,0,observed_new,True,0,observed_new,True,post_only
Syndra|16.12,P138,Syndra,16.12,16.11,,post,1,PLATINUM,MIDDLE,1,limited_1_4,True,0,observed_new,True,post_only
Syndra|16.12,P140,Syndra,16.12,16.11,,pre,2,PLATINUM,BOTTOM,2,limited_1_4,True,2,limited_1_4,True,pre_only
Syndra|16.12,P158,Syndra,16.12,16.11,,post,1,PLATINUM,JUNGLE,0,observed_new,True,0,observed_new,True,post_only
Syndra|16.12,P204,Syndra,16.12,16.11,,post,1,EMERALD,MIDDLE,,,False,0,observed_new,True,post_only
Syndra|16.12,P209,Syndra,16.12,16.11,,post,8,EMERALD,MIDDLE,13,established_5plus,True,1,limited_1_4,True,post_only
Syndra|16.12,P217,Syndra,16.12,16.11,,pre,1,EMERALD,TOP,0,observed_new,True,0,observed_new,True,pre_only
Syndra|16.12,P246,Syndra,16.12,16.11,,pre,1,EMERALD,BOTTOM,2,limited_1_4,True,1,limited_1_4,True,pre_only
Syndra|16.12,P247,Syndra,16.12,16.11,,post,2,EMERALD,MIDDLE,,,False,10,established_5plus,True,post_only
Syndra|16.12,P249,Syndra,16.12,16.11,,post,1,EMERALD,BOTTOM,0,observed_new,True,0,observed_new,True,post_only
Syndra|16.12,P268,Syndra,16.12,16.11,,post,3,EMERALD,MIDDLE,11,established_5plus,True,0,observed_new,True,post_only
Syndra|16.12,P269,Syndra,16.12,16.11,,post,4,EMERALD,MIDDLE,53,established_5plus,True,23,established_5plus,True,both
Syndra|16.12,P269,Syndra,16.12,16.11,,pre,12,EMERALD,MIDDLE,54,established_5plus,True,25,established_5plus,True,both
Syndra|16.12,P323,Syndra,16.12,16.11,,pre,2,DIAMOND,MIDDLE,1,limited_1_4,True,1,limited_1_4,True,pre_only
Syndra|16.12,P356,Syndra,16.12,16.11,,pre,1,DIAMOND,MIDDLE,1,limited_1_4,True,1,limited_1_4,True,pre_only
Syndra|16.12,P361,Syndra,16.12,16.11,,pre,2,DIAMOND,MIDDLE,6,established_5plus,True,2,limited_1_4,True,pre_only
Syndra|16.12,P367,Syndra,16.12,16.11,,post,2,DIAMOND,MIDDLE,1,limited_1_4,True,1,limited_1_4,True,both
Syndra|16.12,P367,Syndra,16.12,16.11,,pre,1,DIAMOND,MIDDLE,0,observed_new,True,0,observed_new,True,both
Syndra|16.12,P404,Syndra,16.12,16.11,,post,1,MASTER+,TOP,0,observed_new,True,0,observed_new,True,post_only
Syndra|16.12,P413,Syndra,16.12,16.11,,post,9,MASTER+,MIDDLE,,,False,,,False,post_only
Syndra|16.12,P439,Syndra,16.12,16.11,,pre,1,MASTER+,MIDDLE,0,observed_new,True,0,observed_new,True,pre_only
Syndra|16.12,P455,Syndra,16.12,16.11,,post,3,MASTER+,MIDDLE,2,limited_1_4,True,0,observed_new,True,post_only
Syndra|16.12,P457,Syndra,16.12,16.11,,post,1,MASTER+,BOTTOM,,,False,4,limited_1_4,True,post_only
Tristana|16.12,P007,Tristana,16.12,16.11,,pre,2,GOLD,TOP,5,established_5plus,True,5,established_5plus,True,pre_only
Tristana|16.12,P016,Tristana,16.12,16.11,,post,1,GOLD,JUNGLE,0,observed_new,True,0,observed_new,True,post_only
Tristana|16.12,P029,Tristana,16.12,16.11,,post,2,GOLD,TOP,6,established_5plus,True,3,limited_1_4,True,post_only
Tristana|16.12,P157,Tristana,16.12,16.11,,pre,1,PLATINUM,TOP,0,observed_new,True,0,observed_new,True,pre_only
Tristana|16.12,P169,Tristana,16.12,16.11,,post,2,PLATINUM,BOTTOM,3,limited_1_4,True,3,limited_1_4,True,both
Tristana|16.12,P169,Tristana,16.12,16.11,,pre,3,PLATINUM,BOTTOM,0,observed_new,True,0,observed_new,True,both
Tristana|16.12,P219,Tristana,16.12,16.11,,pre,1,EMERALD,MIDDLE,1,limited_1_4,True,1,limited_1_4,True,pre_only
Tristana|16.12,P236,Tristana,16.12,16.11,,post,1,EMERALD,UTILITY,,,False,2,limited_1_4,True,both
Tristana|16.12,P236,Tristana,16.12,16.11,,pre,1,EMERALD,UTILITY,,,False,,,False,both
Tristana|16.12,P244,Tristana,16.12,16.11,,post,8,EMERALD,BOTTOM,0,observed_new,True,0,observed_new,True,post_only
Tristana|16.12,P314,Tristana,16.12,16.11,,post,4,DIAMOND,BOTTOM,,,False,,,False,post_only
Tristana|16.12,P367,Tristana,16.12,16.11,,post,1,DIAMOND,MIDDLE,0,observed_new,True,0,observed_new,True,post_only
Tristana|16.12,P433,Tristana,16.12,16.11,,post,2,MASTER+,BOTTOM,,,False,0,observed_new,True,post_only
Tristana|16.12,P436,Tristana,16.12,16.11,,post,1,MASTER+,BOTTOM,,,False,,,False,post_only
Tristana|16.12,P439,Tristana,16.12,16.11,,post,1,MASTER+,MIDDLE,0,observed_new,True,0,observed_new,True,post_only
Tristana|16.12,P451,Tristana,16.12,16.11,,pre,1,MASTER+,TOP,0,observed_new,True,0,observed_new,True,pre_only
Tristana|16.12,P469,Tristana,16.12,16.11,,post,1,MASTER+,TOP,0,observed_new,True,0,observed_new,True,post_only
Tristana|16.12,P492,Tristana,16.12,16.11,,post,19,MASTER+,BOTTOM,,,False,,,False,post_only
Varus|16.12,P105,Varus,16.12,16.11,,pre,7,PLATINUM,MIDDLE,11,established_5plus,True,0,observed_new,True,pre_only
Varus|16.12,P222,Varus,16.12,16.11,,post,2,EMERALD,BOTTOM,50,established_5plus,True,30,established_5plus,True,post_only
Varus|16.12,P233,Varus,16.12,16.11,,pre,1,EMERALD,BOTTOM,1,limited_1_4,True,0,observed_new,True,pre_only
Varus|16.12,P254,Varus,16.12,16.11,,post,1,EMERALD,JUNGLE,3,limited_1_4,True,3,limited_1_4,True,both
Varus|16.12,P254,Varus,16.12,16.11,,pre,3,EMERALD,JUNGLE,0,observed_new,True,0,observed_new,True,both
Varus|16.12,P258,Varus,16.12,16.11,,post,2,EMERALD,TOP,,,False,0,observed_new,True,post_only
Varus|16.12,P290,Varus,16.12,16.11,,post,3,EMERALD,UTILITY,1,limited_1_4,True,1,limited_1_4,True,both
Varus|16.12,P290,Varus,16.12,16.11,,pre,1,EMERALD,UTILITY,,,False,0,observed_new,True,both
Varus|16.12,P322,Varus,16.12,16.11,,pre,1,DIAMOND,TOP,,,False,3,limited_1_4,True,pre_only
Varus|16.12,P332,Varus,16.12,16.11,,post,23,DIAMOND,BOTTOM,56,established_5plus,True,36,established_5plus,True,both
Varus|16.12,P332,Varus,16.12,16.11,,pre,1,DIAMOND,BOTTOM,55,established_5plus,True,35,established_5plus,True,both
Varus|16.12,P429,Varus,16.12,16.11,,post,1,MASTER+,BOTTOM,7,established_5plus,True,5,established_5plus,True,both
Varus|16.12,P429,Varus,16.12,16.11,,pre,1,MASTER+,BOTTOM,,,False,5,established_5plus,True,both
Varus|16.12,P438,Varus,16.12,16.11,,post,2,MASTER+,MIDDLE,1,limited_1_4,True,1,limited_1_4,True,both
Varus|16.12,P438,Varus,16.12,16.11,,pre,1,MASTER+,MIDDLE,0,observed_new,True,0,observed_new,True,both
Yuumi|16.12,P012,Yuumi,16.12,16.11,,pre,5,GOLD,UTILITY,45,established_5plus,True,45,established_5plus,True,pre_only
Yuumi|16.12,P106,Yuumi,16.12,16.11,,pre,2,PLATINUM,UTILITY,0,observed_new,True,0,observed_new,True,pre_only
Yuumi|16.12,P153,Yuumi,16.12,16.11,,post,1,PLATINUM,UTILITY,1,limited_1_4,True,0,observed_new,True,post_only
Yuumi|16.12,P169,Yuumi,16.12,16.11,,pre,1,PLATINUM,BOTTOM,0,observed_new,True,0,observed_new,True,pre_only
Yuumi|16.12,P203,Yuumi,16.12,16.11,,post,3,EMERALD,BOTTOM,0,observed_new,True,0,observed_new,True,post_only
Yuumi|16.12,P258,Yuumi,16.12,16.11,,post,1,EMERALD,TOP,,,False,0,observed_new,True,post_only
Yuumi|16.12,P324,Yuumi,16.12,16.11,,post,1,DIAMOND,MIDDLE,0,observed_new,True,0,observed_new,True,post_only
Yuumi|16.12,P406,Yuumi,16.12,16.11,,pre,3,MASTER+,JUNGLE,,,False,0,observed_new,True,pre_only
Yuumi|16.12,P435,Yuumi,16.12,16.11,,post,1,MASTER+,UTILITY,,,False,2,limited_1_4,True,post_only
Yuumi|16.12,P437,Yuumi,16.12,16.11,,post,1,MASTER+,UTILITY,6,established_5plus,True,2,limited_1_4,True,post_only
Yuumi|16.12,P442,Yuumi,16.12,16.11,,post,1,MASTER+,UTILITY,1,limited_1_4,True,1,limited_1_4,True,both
Yuumi|16.12,P442,Yuumi,16.12,16.11,,pre,1,MASTER+,UTILITY,0,observed_new,True,0,observed_new,True,both
Yuumi|16.12,P448,Yuumi,16.12,16.11,,post,1,MASTER+,UTILITY,0,observed_new,True,0,observed_new,True,post_only
Aphelios|16.13,P084,Aphelios,16.13,16.12,,pre,3,GOLD,UTILITY,,,False,,,False,pre_only
Aphelios|16.13,P168,Aphelios,16.13,16.12,,pre,1,PLATINUM,BOTTOM,,,False,0,observed_new,True,pre_only
Aphelios|16.13,P176,Aphelios,16.13,16.12,,post,20,PLATINUM,BOTTOM,24,established_5plus,True,15,established_5plus,True,both
Aphelios|16.13,P176,Aphelios,16.13,16.12,,pre,4,PLATINUM,BOTTOM,21,established_5plus,True,15,established_5plus,True,both
Aphelios|16.13,P203,Aphelios,16.13,16.12,,pre,2,EMERALD,BOTTOM,12,established_5plus,True,12,established_5plus,True,pre_only
Aphelios|16.13,P244,Aphelios,16.13,16.12,,post,1,EMERALD,BOTTOM,0,observed_new,True,0,observed_new,True,post_only
Aphelios|16.13,P307,Aphelios,16.13,16.12,,post,4,DIAMOND,BOTTOM,3,limited_1_4,True,2,limited_1_4,True,both
Aphelios|16.13,P307,Aphelios,16.13,16.12,,pre,2,DIAMOND,BOTTOM,1,limited_1_4,True,0,observed_new,True,both
Aphelios|16.13,P383,Aphelios,16.13,16.12,,post,4,DIAMOND,BOTTOM,,,False,6,established_5plus,True,post_only
Aphelios|16.13,P384,Aphelios,16.13,16.12,,post,4,DIAMOND,BOTTOM,13,established_5plus,True,4,limited_1_4,True,post_only
Aphelios|16.13,P385,Aphelios,16.13,16.12,,post,1,DIAMOND,BOTTOM,0,observed_new,True,0,observed_new,True,post_only
Aphelios|16.13,P392,Aphelios,16.13,16.12,,post,1,DIAMOND,UTILITY,,,False,,,False,post_only
Aphelios|16.13,P438,Aphelios,16.13,16.12,,pre,1,MASTER+,MIDDLE,1,limited_1_4,True,0,observed_new,True,pre_only
Aphelios|16.13,P467,Aphelios,16.13,16.12,,post,6,MASTER+,BOTTOM,1,limited_1_4,True,1,limited_1_4,True,both
Aphelios|16.13,P467,Aphelios,16.13,16.12,,pre,1,MASTER+,BOTTOM,4,limited_1_4,True,0,observed_new,True,both
Aphelios|16.13,P479,Aphelios,16.13,16.12,,post,6,MASTER+,BOTTOM,11,established_5plus,True,1,limited_1_4,True,both
Aphelios|16.13,P479,Aphelios,16.13,16.12,,pre,1,MASTER+,BOTTOM,10,established_5plus,True,3,limited_1_4,True,both
Aphelios|16.13,P489,Aphelios,16.13,16.12,,post,10,MASTER+,BOTTOM,19,established_5plus,True,10,established_5plus,True,post_only
Bard|16.13,P012,Bard,16.13,16.12,,pre,3,GOLD,UTILITY,0,observed_new,True,0,observed_new,True,pre_only
Bard|16.13,P026,Bard,16.13,16.12,,post,1,GOLD,TOP,,,False,,,False,post_only
Bard|16.13,P197,Bard,16.13,16.12,,post,1,PLATINUM,TOP,0,observed_new,True,0,observed_new,True,post_only
Bard|16.13,P225,Bard,16.13,16.12,,post,13,EMERALD,UTILITY,,,False,,,False,both
Bard|16.13,P225,Bard,16.13,16.12,,pre,2,EMERALD,UTILITY,,,False,,,False,both
Bard|16.13,P247,Bard,16.13,16.12,,post,2,EMERALD,MIDDLE,,,False,2,limited_1_4,True,post_only
Bard|16.13,P258,Bard,16.13,16.12,,post,1,EMERALD,TOP,0,observed_new,True,0,observed_new,True,both
Bard|16.13,P258,Bard,16.13,16.12,,pre,2,EMERALD,TOP,,,False,,,False,both
Bard|16.13,P290,Bard,16.13,16.12,,post,2,EMERALD,UTILITY,0,observed_new,True,0,observed_new,True,post_only
Bard|16.13,P295,Bard,16.13,16.12,,pre,2,EMERALD,UTILITY,5,established_5plus,True,1,limited_1_4,True,pre_only
Bard|16.13,P299,Bard,16.13,16.12,,post,78,EMERALD,UTILITY,,,False,0,observed_new,True,post_only
Bard|16.13,P314,Bard,16.13,16.12,,pre,1,DIAMOND,BOTTOM,,,False,,,False,pre_only
Bard|16.13,P324,Bard,16.13,16.12,,post,1,DIAMOND,MIDDLE,3,limited_1_4,True,3,limited_1_4,True,both
Bard|16.13,P324,Bard,16.13,16.12,,pre,2,DIAMOND,MIDDLE,1,limited_1_4,True,1,limited_1_4,True,both
Bard|16.13,P347,Bard,16.13,16.12,,post,2,DIAMOND,UTILITY,2,limited_1_4,True,0,observed_new,True,post_only
Bard|16.13,P368,Bard,16.13,16.12,,post,1,DIAMOND,MIDDLE,6,established_5plus,True,0,observed_new,True,both
Bard|16.13,P368,Bard,16.13,16.12,,pre,5,DIAMOND,MIDDLE,11,established_5plus,True,7,established_5plus,True,both
Bard|16.13,P379,Bard,16.13,16.12,,pre,1,DIAMOND,UTILITY,0,observed_new,True,0,observed_new,True,pre_only
Bard|16.13,P435,Bard,16.13,16.12,,pre,5,MASTER+,UTILITY,,,False,0,observed_new,True,pre_only
Bard|16.13,P438,Bard,16.13,16.12,,post,1,MASTER+,MIDDLE,0,observed_new,True,0,observed_new,True,post_only
Bard|16.13,P440,Bard,16.13,16.12,,post,1,MASTER+,UTILITY,10,established_5plus,True,4,limited_1_4,True,post_only
Bard|16.13,P441,Bard,16.13,16.12,,post,1,MASTER+,UTILITY,2,limited_1_4,True,1,limited_1_4,True,post_only
Bard|16.13,P448,Bard,16.13,16.12,,post,6,MASTER+,UTILITY,17,established_5plus,True,7,established_5plus,True,both
Bard|16.13,P448,Bard,16.13,16.12,,pre,7,MASTER+,UTILITY,21,established_5plus,True,10,established_5plus,True,both
Brand|16.13,P001,Brand,16.13,16.12,,post,27,GOLD,BOTTOM,12,established_5plus,True,12,established_5plus,True,both
Brand|16.13,P001,Brand,16.13,16.12,,pre,12,GOLD,BOTTOM,0,observed_new,True,0,observed_new,True,both
Brand|16.13,P004,Brand,16.13,16.12,,pre,2,GOLD,MIDDLE,6,established_5plus,True,1,limited_1_4,True,pre_only
Brand|16.13,P012,Brand,16.13,16.12,,post,2,GOLD,UTILITY,1,limited_1_4,True,1,limited_1_4,True,both
Brand|16.13,P012,Brand,16.13,16.12,,pre,1,GOLD,UTILITY,0,observed_new,True,0,observed_new,True,both
Brand|16.13,P026,Brand,16.13,16.12,,pre,1,GOLD,TOP,,,False,,,False,pre_only
Brand|16.13,P029,Brand,16.13,16.12,,pre,1,GOLD,TOP,16,established_5plus,True,6,established_5plus,True,pre_only
Brand|16.13,P051,Brand,16.13,16.12,,pre,1,GOLD,UTILITY,,,False,0,observed_new,True,pre_only
Brand|16.13,P063,Brand,16.13,16.12,,post,1,GOLD,MIDDLE,0,observed_new,True,0,observed_new,True,post_only
Brand|16.13,P084,Brand,16.13,16.12,,pre,4,GOLD,UTILITY,,,False,,,False,pre_only
Brand|16.13,P135,Brand,16.13,16.12,,pre,1,PLATINUM,MIDDLE,,,False,,,False,pre_only
Brand|16.13,P136,Brand,16.13,16.12,,post,4,PLATINUM,MIDDLE,0,observed_new,True,0,observed_new,True,post_only
Brand|16.13,P145,Brand,16.13,16.12,,post,1,PLATINUM,TOP,1,limited_1_4,True,1,limited_1_4,True,post_only
Brand|16.13,P150,Brand,16.13,16.12,,post,12,PLATINUM,BOTTOM,22,established_5plus,True,10,established_5plus,True,both
Brand|16.13,P150,Brand,16.13,16.12,,pre,10,PLATINUM,BOTTOM,12,established_5plus,True,12,established_5plus,True,both
Brand|16.13,P176,Brand,16.13,16.12,,post,1,PLATINUM,BOTTOM,0,observed_new,True,0,observed_new,True,post_only
Brand|16.13,P183,Brand,16.13,16.12,,post,1,PLATINUM,UTILITY,0,observed_new,True,0,observed_new,True,post_only
Brand|16.13,P186,Brand,16.13,16.12,,pre,1,PLATINUM,JUNGLE,2,limited_1_4,True,0,observed_new,True,pre_only
Brand|16.13,P193,Brand,16.13,16.12,,post,1,PLATINUM,JUNGLE,,,False,0,observed_new,True,post_only
Brand|16.13,P211,Brand,16.13,16.12,,post,2,EMERALD,BOTTOM,2,limited_1_4,True,0,observed_new,True,post_only
Brand|16.13,P238,Brand,16.13,16.12,,post,1,EMERALD,JUNGLE,0,observed_new,True,0,observed_new,True,post_only
Brand|16.13,P258,Brand,16.13,16.12,,post,7,EMERALD,TOP,0,observed_new,True,0,observed_new,True,post_only
Brand|16.13,P283,Brand,16.13,16.12,,pre,14,EMERALD,UTILITY,,,False,0,observed_new,True,pre_only
Brand|16.13,P288,Brand,16.13,16.12,,post,1,EMERALD,JUNGLE,,,False,0,observed_new,True,post_only
Brand|16.13,P299,Brand,16.13,16.12,,pre,5,EMERALD,UTILITY,,,False,,,False,pre_only
Brand|16.13,P314,Brand,16.13,16.12,,post,2,DIAMOND,BOTTOM,0,observed_new,True,0,observed_new,True,both
Brand|16.13,P314,Brand,16.13,16.12,,pre,1,DIAMOND,BOTTOM,,,False,,,False,both
Brand|16.13,P367,Brand,16.13,16.12,,post,1,DIAMOND,MIDDLE,0,observed_new,True,0,observed_new,True,post_only
Brand|16.13,P372,Brand,16.13,16.12,,post,1,DIAMOND,BOTTOM,0,observed_new,True,0,observed_new,True,post_only
Brand|16.13,P391,Brand,16.13,16.12,,post,1,DIAMOND,UTILITY,3,limited_1_4,True,1,limited_1_4,True,post_only
Brand|16.13,P392,Brand,16.13,16.12,,post,1,DIAMOND,UTILITY,,,False,0,observed_new,True,post_only
Brand|16.13,P393,Brand,16.13,16.12,,pre,1,DIAMOND,TOP,2,limited_1_4,True,1,limited_1_4,True,pre_only
Brand|16.13,P401,Brand,16.13,16.12,,pre,2,MASTER+,UTILITY,0,observed_new,True,0,observed_new,True,pre_only
Brand|16.13,P404,Brand,16.13,16.12,,post,2,MASTER+,TOP,1,limited_1_4,True,0,observed_new,True,both
Brand|16.13,P404,Brand,16.13,16.12,,pre,1,MASTER+,TOP,6,established_5plus,True,2,limited_1_4,True,both
Brand|16.13,P407,Brand,16.13,16.12,,post,3,MASTER+,BOTTOM,6,established_5plus,True,4,limited_1_4,True,both
Brand|16.13,P407,Brand,16.13,16.12,,pre,6,MASTER+,BOTTOM,,,False,1,limited_1_4,True,both
Brand|16.13,P408,Brand,16.13,16.12,,post,1,MASTER+,UTILITY,1,limited_1_4,True,1,limited_1_4,True,both
Brand|16.13,P408,Brand,16.13,16.12,,pre,1,MASTER+,UTILITY,0,observed_new,True,0,observed_new,True,both
Brand|16.13,P432,Brand,16.13,16.12,,pre,1,MASTER+,UTILITY,0,observed_new,True,0,observed_new,True,pre_only
Brand|16.13,P440,Brand,16.13,16.12,,post,1,MASTER+,UTILITY,0,observed_new,True,0,observed_new,True,post_only
Brand|16.13,P460,Brand,16.13,16.12,,pre,1,MASTER+,MIDDLE,0,observed_new,True,0,observed_new,True,pre_only
Brand|16.13,P472,Brand,16.13,16.12,,post,14,MASTER+,MIDDLE,0,observed_new,True,0,observed_new,True,post_only
Brand|16.13,P479,Brand,16.13,16.12,,pre,1,MASTER+,BOTTOM,7,established_5plus,True,2,limited_1_4,True,pre_only
Brand|16.13,P488,Brand,16.13,16.12,,post,4,MASTER+,BOTTOM,,,False,7,established_5plus,True,both
Brand|16.13,P488,Brand,16.13,16.12,,pre,4,MASTER+,BOTTOM,,,False,,,False,both
Brand|16.13,P493,Brand,16.13,16.12,,post,1,MASTER+,JUNGLE,0,observed_new,True,0,observed_new,True,both
Brand|16.13,P493,Brand,16.13,16.12,,pre,1,MASTER+,JUNGLE,0,observed_new,True,0,observed_new,True,both
Cassiopeia|16.13,P138,Cassiopeia,16.13,16.12,,post,6,PLATINUM,MIDDLE,13,established_5plus,True,5,established_5plus,True,both
Cassiopeia|16.13,P138,Cassiopeia,16.13,16.12,,pre,3,PLATINUM,MIDDLE,12,established_5plus,True,3,limited_1_4,True,both
Cassiopeia|16.13,P268,Cassiopeia,16.13,16.12,,pre,1,EMERALD,MIDDLE,15,established_5plus,True,2,limited_1_4,True,pre_only
Cassiopeia|16.13,P290,Cassiopeia,16.13,16.12,,pre,1,EMERALD,UTILITY,2,limited_1_4,True,0,observed_new,True,pre_only
Cassiopeia|16.13,P354,Cassiopeia,16.13,16.12,,pre,2,DIAMOND,MIDDLE,0,observed_new,True,0,observed_new,True,pre_only
Cassiopeia|16.13,P438,Cassiopeia,16.13,16.12,,post,2,MASTER+,MIDDLE,6,established_5plus,True,3,limited_1_4,True,both
Cassiopeia|16.13,P438,Cassiopeia,16.13,16.12,,pre,3,MASTER+,MIDDLE,11,established_5plus,True,1,limited_1_4,True,both
Draven|16.13,P007,Draven,16.13,16.12,,post,2,GOLD,TOP,3,limited_1_4,True,1,limited_1_4,True,post_only
Draven|16.13,P053,Draven,16.13,16.12,,post,1,GOLD,TOP,7,established_5plus,True,0,observed_new,True,post_only
Draven|16.13,P138,Draven,16.13,16.12,,post,1,PLATINUM,MIDDLE,3,limited_1_4,True,0,observed_new,True,post_only
Draven|16.13,P150,Draven,16.13,16.12,,post,2,PLATINUM,BOTTOM,1,limited_1_4,True,0,observed_new,True,both
Draven|16.13,P150,Draven,16.13,16.12,,pre,1,PLATINUM,BOTTOM,0,observed_new,True,0,observed_new,True,both
Draven|16.13,P290,Draven,16.13,16.12,,post,5,EMERALD,UTILITY,5,established_5plus,True,4,limited_1_4,True,both
Draven|16.13,P290,Draven,16.13,16.12,,pre,6,EMERALD,UTILITY,4,limited_1_4,True,4,limited_1_4,True,both
Draven|16.13,P348,Draven,16.13,16.12,,pre,4,DIAMOND,BOTTOM,53,established_5plus,True,30,established_5plus,True,pre_only
Draven|16.13,P356,Draven,16.13,16.12,,post,1,DIAMOND,MIDDLE,0,observed_new,True,0,observed_new,True,post_only
Draven|16.13,P361,Draven,16.13,16.12,,post,1,DIAMOND,MIDDLE,0,observed_new,True,0,observed_new,True,post_only
Draven|16.13,P363,Draven,16.13,16.12,,post,15,DIAMOND,BOTTOM,41,established_5plus,True,17,established_5plus,True,both
Draven|16.13,P363,Draven,16.13,16.12,,pre,4,DIAMOND,BOTTOM,48,established_5plus,True,27,established_5plus,True,both
Draven|16.13,P372,Draven,16.13,16.12,,post,94,DIAMOND,BOTTOM,76,established_5plus,True,37,established_5plus,True,both
Draven|16.13,P372,Draven,16.13,16.12,,pre,58,DIAMOND,BOTTOM,78,established_5plus,True,42,established_5plus,True,both
Draven|16.13,P383,Draven,16.13,16.12,,post,1,DIAMOND,BOTTOM,,,False,1,limited_1_4,True,post_only
Draven|16.13,P384,Draven,16.13,16.12,,post,5,DIAMOND,BOTTOM,13,established_5plus,True,9,established_5plus,True,post_only
Draven|16.13,P407,Draven,16.13,16.12,,post,10,MASTER+,BOTTOM,17,established_5plus,True,3,limited_1_4,True,both
Draven|16.13,P407,Draven,16.13,16.12,,pre,15,MASTER+,BOTTOM,,,False,11,established_5plus,True,both
Draven|16.13,P427,Draven,16.13,16.12,,post,3,MASTER+,BOTTOM,17,established_5plus,True,0,observed_new,True,both
Draven|16.13,P427,Draven,16.13,16.12,,pre,17,MASTER+,BOTTOM,0,observed_new,True,0,observed_new,True,both
Draven|16.13,P472,Draven,16.13,16.12,,post,2,MASTER+,MIDDLE,,,False,,,False,post_only
Draven|16.13,P481,Draven,16.13,16.12,,post,12,MASTER+,JUNGLE,5,established_5plus,True,5,established_5plus,True,both
Draven|16.13,P481,Draven,16.13,16.12,,pre,1,MASTER+,JUNGLE,5,established_5plus,True,4,limited_1_4,True,both
Draven|16.13,P489,Draven,16.13,16.12,,post,1,MASTER+,BOTTOM,0,observed_new,True,0,observed_new,True,post_only
Draven|16.13,P497,Draven,16.13,16.12,,post,2,MASTER+,TOP,11,established_5plus,True,0,observed_new,True,post_only
Olaf|16.13,P014,Olaf,16.13,16.12,,post,2,GOLD,JUNGLE,,,False,0,observed_new,True,post_only
Olaf|16.13,P079,Olaf,16.13,16.12,,pre,1,GOLD,TOP,1,limited_1_4,True,1,limited_1_4,True,pre_only
Olaf|16.13,P081,Olaf,16.13,16.12,,pre,2,GOLD,TOP,,,False,,,False,pre_only
Olaf|16.13,P105,Olaf,16.13,16.12,,post,1,PLATINUM,MIDDLE,0,observed_new,True,0,observed_new,True,post_only
Olaf|16.13,P197,Olaf,16.13,16.12,,pre,1,PLATINUM,TOP,1,limited_1_4,True,0,observed_new,True,pre_only
Olaf|16.13,P227,Olaf,16.13,16.12,,post,1,EMERALD,TOP,,,False,0,observed_new,True,post_only
Olaf|16.13,P289,Olaf,16.13,16.12,,post,1,EMERALD,TOP,0,observed_new,True,0,observed_new,True,post_only
Olaf|16.13,P290,Olaf,16.13,16.12,,post,4,EMERALD,UTILITY,0,observed_new,True,0,observed_new,True,post_only
Olaf|16.13,P322,Olaf,16.13,16.12,,pre,3,DIAMOND,TOP,,,False,0,observed_new,True,pre_only
Olaf|16.13,P361,Olaf,16.13,16.12,,post,1,DIAMOND,MIDDLE,0,observed_new,True,0,observed_new,True,post_only
Olaf|16.13,P393,Olaf,16.13,16.12,,pre,1,DIAMOND,TOP,0,observed_new,True,0,observed_new,True,pre_only
Olaf|16.13,P428,Olaf,16.13,16.12,,pre,1,MASTER+,MIDDLE,0,observed_new,True,0,observed_new,True,pre_only
Olaf|16.13,P438,Olaf,16.13,16.12,,post,1,MASTER+,MIDDLE,0,observed_new,True,0,observed_new,True,post_only
Olaf|16.13,P463,Olaf,16.13,16.12,,post,6,MASTER+,TOP,0,observed_new,True,0,observed_new,True,post_only
Olaf|16.13,P470,Olaf,16.13,16.12,,post,1,MASTER+,TOP,3,limited_1_4,True,1,limited_1_4,True,both
Olaf|16.13,P470,Olaf,16.13,16.12,,pre,1,MASTER+,TOP,2,limited_1_4,True,1,limited_1_4,True,both
Poppy|16.13,P004,Poppy,16.13,16.12,,post,1,GOLD,MIDDLE,0,observed_new,True,0,observed_new,True,post_only
Poppy|16.13,P074,Poppy,16.13,16.12,,post,1,GOLD,TOP,,,False,0,observed_new,True,post_only
Poppy|16.13,P146,Poppy,16.13,16.12,,post,1,PLATINUM,MIDDLE,0,observed_new,True,0,observed_new,True,post_only
Poppy|16.13,P153,Poppy,16.13,16.12,,post,9,PLATINUM,UTILITY,8,established_5plus,True,4,limited_1_4,True,both
Poppy|16.13,P153,Poppy,16.13,16.12,,pre,4,PLATINUM,UTILITY,4,limited_1_4,True,1,limited_1_4,True,both
Poppy|16.13,P161,Poppy,16.13,16.12,,post,1,PLATINUM,MIDDLE,0,observed_new,True,0,observed_new,True,post_only
Poppy|16.13,P169,Poppy,16.13,16.12,,post,1,PLATINUM,BOTTOM,0,observed_new,True,0,observed_new,True,post_only
Poppy|16.13,P258,Poppy,16.13,16.12,,post,1,EMERALD,TOP,0,observed_new,True,0,observed_new,True,post_only
Poppy|16.13,P289,Poppy,16.13,16.12,,post,1,EMERALD,TOP,1,limited_1_4,True,1,limited_1_4,True,post_only
Poppy|16.13,P290,Poppy,16.13,16.12,,pre,1,EMERALD,UTILITY,1,limited_1_4,True,0,observed_new,True,pre_only
Poppy|16.13,P296,Poppy,16.13,16.12,,post,1,EMERALD,UTILITY,1,limited_1_4,True,1,limited_1_4,True,post_only
Poppy|16.13,P299,Poppy,16.13,16.12,,post,4,EMERALD,UTILITY,0,observed_new,True,0,observed_new,True,post_only
Poppy|16.13,P354,Poppy,16.13,16.12,,post,1,DIAMOND,MIDDLE,0,observed_new,True,0,observed_new,True,post_only
Poppy|16.13,P367,Poppy,16.13,16.12,,post,2,DIAMOND,MIDDLE,0,observed_new,True,0,observed_new,True,post_only
Poppy|16.13,P368,Poppy,16.13,16.12,,post,1,DIAMOND,MIDDLE,6,established_5plus,True,1,limited_1_4,True,post_only
Poppy|16.13,P406,Poppy,16.13,16.12,,post,4,MASTER+,JUNGLE,0,observed_new,True,0,observed_new,True,post_only
Poppy|16.13,P422,Poppy,16.13,16.12,,pre,1,MASTER+,MIDDLE,0,observed_new,True,0,observed_new,True,pre_only
Poppy|16.13,P423,Poppy,16.13,16.12,,post,2,MASTER+,UTILITY,1,limited_1_4,True,0,observed_new,True,post_only
Poppy|16.13,P429,Poppy,16.13,16.12,,pre,1,MASTER+,BOTTOM,0,observed_new,True,0,observed_new,True,pre_only
Poppy|16.13,P440,Poppy,16.13,16.12,,post,1,MASTER+,UTILITY,1,limited_1_4,True,0,observed_new,True,post_only
Poppy|16.13,P448,Poppy,16.13,16.12,,post,20,MASTER+,UTILITY,26,established_5plus,True,15,established_5plus,True,both
Poppy|16.13,P448,Poppy,16.13,16.12,,pre,15,MASTER+,UTILITY,21,established_5plus,True,8,established_5plus,True,both
Poppy|16.13,P450,Poppy,16.13,16.12,,post,1,MASTER+,JUNGLE,0,observed_new,True,0,observed_new,True,post_only
Poppy|16.13,P453,Poppy,16.13,16.12,,post,1,MASTER+,TOP,7,established_5plus,True,3,limited_1_4,True,post_only
Poppy|16.13,P496,Poppy,16.13,16.12,,post,1,MASTER+,TOP,0,observed_new,True,0,observed_new,True,post_only
Qiyana|16.13,P167,Qiyana,16.13,16.12,,pre,10,PLATINUM,JUNGLE,,,False,0,observed_new,True,pre_only
Qiyana|16.13,P267,Qiyana,16.13,16.12,,pre,1,EMERALD,JUNGLE,5,established_5plus,True,1,limited_1_4,True,pre_only
Qiyana|16.13,P269,Qiyana,16.13,16.12,,post,5,EMERALD,MIDDLE,29,established_5plus,True,15,established_5plus,True,both
Qiyana|16.13,P269,Qiyana,16.13,16.12,,pre,1,EMERALD,MIDDLE,30,established_5plus,True,16,established_5plus,True,both
Qiyana|16.13,P330,Qiyana,16.13,16.12,,post,3,DIAMOND,MIDDLE,20,established_5plus,True,0,observed_new,True,post_only
Qiyana|16.13,P359,Qiyana,16.13,16.12,,pre,1,DIAMOND,UTILITY,8,established_5plus,True,2,limited_1_4,True,pre_only
Qiyana|16.13,P439,Qiyana,16.13,16.12,,post,4,MASTER+,MIDDLE,7,established_5plus,True,3,limited_1_4,True,both
Qiyana|16.13,P439,Qiyana,16.13,16.12,,pre,2,MASTER+,MIDDLE,6,established_5plus,True,2,limited_1_4,True,both
Qiyana|16.13,P477,Qiyana,16.13,16.12,,post,1,MASTER+,MIDDLE,0,observed_new,True,0,observed_new,True,post_only
Qiyana|16.13,P481,Qiyana,16.13,16.12,,post,26,MASTER+,JUNGLE,34,established_5plus,True,11,established_5plus,True,both
Qiyana|16.13,P481,Qiyana,16.13,16.12,,pre,3,MASTER+,JUNGLE,33,established_5plus,True,17,established_5plus,True,both
Rumble|16.13,P053,Rumble,16.13,16.12,,post,1,GOLD,TOP,0,observed_new,True,0,observed_new,True,post_only
Rumble|16.13,P079,Rumble,16.13,16.12,,pre,1,GOLD,TOP,0,observed_new,True,0,observed_new,True,pre_only
Rumble|16.13,P197,Rumble,16.13,16.12,,pre,1,PLATINUM,TOP,1,limited_1_4,True,0,observed_new,True,pre_only
Rumble|16.13,P254,Rumble,16.13,16.12,,post,2,EMERALD,JUNGLE,0,observed_new,True,0,observed_new,True,post_only
Rumble|16.13,P290,Rumble,16.13,16.12,,pre,1,EMERALD,UTILITY,1,limited_1_4,True,0,observed_new,True,pre_only
Rumble|16.13,P358,Rumble,16.13,16.12,,post,2,DIAMOND,JUNGLE,,,False,4,limited_1_4,True,post_only
Rumble|16.13,P392,Rumble,16.13,16.12,,post,1,DIAMOND,UTILITY,,,False,,,False,post_only
Rumble|16.13,P438,Rumble,16.13,16.12,,post,3,MASTER+,MIDDLE,2,limited_1_4,True,2,limited_1_4,True,both
Rumble|16.13,P438,Rumble,16.13,16.12,,pre,2,MASTER+,MIDDLE,0,observed_new,True,0,observed_new,True,both
Rumble|16.13,P453,Rumble,16.13,16.12,,post,3,MASTER+,TOP,6,established_5plus,True,1,limited_1_4,True,both
Rumble|16.13,P453,Rumble,16.13,16.12,,pre,1,MASTER+,TOP,5,established_5plus,True,1,limited_1_4,True,both
Rumble|16.13,P468,Rumble,16.13,16.12,,post,1,MASTER+,TOP,,,False,0,observed_new,True,post_only
Rumble|16.13,P472,Rumble,16.13,16.12,,post,1,MASTER+,MIDDLE,,,False,,,False,post_only
Rumble|16.13,P486,Rumble,16.13,16.12,,pre,1,MASTER+,JUNGLE,0,observed_new,True,0,observed_new,True,pre_only
Senna|16.13,P004,Senna,16.13,16.12,,pre,3,GOLD,MIDDLE,2,limited_1_4,True,2,limited_1_4,True,pre_only
Senna|16.13,P028,Senna,16.13,16.12,,post,1,GOLD,MIDDLE,1,limited_1_4,True,0,observed_new,True,post_only
Senna|16.13,P034,Senna,16.13,16.12,,pre,1,GOLD,BOTTOM,0,observed_new,True,0,observed_new,True,pre_only
Senna|16.13,P038,Senna,16.13,16.12,,pre,1,GOLD,MIDDLE,6,established_5plus,True,1,limited_1_4,True,pre_only
Senna|16.13,P082,Senna,16.13,16.12,,post,1,GOLD,UTILITY,1,limited_1_4,True,0,observed_new,True,post_only
Senna|16.13,P089,Senna,16.13,16.12,,post,19,GOLD,UTILITY,,,False,,,False,post_only
Senna|16.13,P105,Senna,16.13,16.12,,post,1,PLATINUM,MIDDLE,0,observed_new,True,0,observed_new,True,post_only
Senna|16.13,P114,Senna,16.13,16.12,,pre,1,PLATINUM,BOTTOM,0,observed_new,True,0,observed_new,True,pre_only
Senna|16.13,P136,Senna,16.13,16.12,,post,1,PLATINUM,MIDDLE,6,established_5plus,True,3,limited_1_4,True,both
Senna|16.13,P136,Senna,16.13,16.12,,pre,2,PLATINUM,MIDDLE,4,limited_1_4,True,4,limited_1_4,True,both
Senna|16.13,P137,Senna,16.13,16.12,,post,1,PLATINUM,MIDDLE,1,limited_1_4,True,1,limited_1_4,True,both
Senna|16.13,P137,Senna,16.13,16.12,,pre,1,PLATINUM,MIDDLE,0,observed_new,True,0,observed_new,True,both
Senna|16.13,P138,Senna,16.13,16.12,,pre,2,PLATINUM,MIDDLE,7,established_5plus,True,2,limited_1_4,True,pre_only
Senna|16.13,P145,Senna,16.13,16.12,,post,1,PLATINUM,TOP,0,observed_new,True,0,observed_new,True,post_only
Senna|16.13,P153,Senna,16.13,16.12,,pre,2,PLATINUM,UTILITY,2,limited_1_4,True,2,limited_1_4,True,pre_only
Senna|16.13,P158,Senna,16.13,16.12,,post,1,PLATINUM,JUNGLE,6,established_5plus,True,3,limited_1_4,True,post_only
Senna|16.13,P176,Senna,16.13,16.12,,post,5,PLATINUM,BOTTOM,12,established_5plus,True,6,established_5plus,True,both
Senna|16.13,P176,Senna,16.13,16.12,,pre,6,PLATINUM,BOTTOM,10,established_5plus,True,3,limited_1_4,True,both
Senna|16.13,P177,Senna,16.13,16.12,,post,1,PLATINUM,BOTTOM,,,False,,,False,post_only
Senna|16.13,P186,Senna,16.13,16.12,,pre,1,PLATINUM,JUNGLE,0,observed_new,True,0,observed_new,True,pre_only
Senna|16.13,P189,Senna,16.13,16.12,,post,1,PLATINUM,TOP,2,limited_1_4,True,2,limited_1_4,True,both
Senna|16.13,P189,Senna,16.13,16.12,,pre,2,PLATINUM,TOP,0,observed_new,True,0,observed_new,True,both
Senna|16.13,P197,Senna,16.13,16.12,,post,1,PLATINUM,TOP,1,limited_1_4,True,1,limited_1_4,True,both
Senna|16.13,P197,Senna,16.13,16.12,,pre,1,PLATINUM,TOP,0,observed_new,True,0,observed_new,True,both
Senna|16.13,P199,Senna,16.13,16.12,,pre,3,PLATINUM,TOP,0,observed_new,True,0,observed_new,True,pre_only
Senna|16.13,P211,Senna,16.13,16.12,,post,6,EMERALD,BOTTOM,36,established_5plus,True,24,established_5plus,True,both
Senna|16.13,P211,Senna,16.13,16.12,,pre,7,EMERALD,BOTTOM,33,established_5plus,True,22,established_5plus,True,both
Senna|16.13,P238,Senna,16.13,16.12,,post,1,EMERALD,JUNGLE,0,observed_new,True,0,observed_new,True,post_only
Senna|16.13,P241,Senna,16.13,16.12,,post,1,EMERALD,BOTTOM,3,limited_1_4,True,2,limited_1_4,True,both
Senna|16.13,P241,Senna,16.13,16.12,,pre,1,EMERALD,BOTTOM,2,limited_1_4,True,1,limited_1_4,True,both
Senna|16.13,P246,Senna,16.13,16.12,,pre,1,EMERALD,BOTTOM,0,observed_new,True,0,observed_new,True,pre_only
Senna|16.13,P249,Senna,16.13,16.12,,pre,3,EMERALD,BOTTOM,0,observed_new,True,0,observed_new,True,pre_only
Senna|16.13,P257,Senna,16.13,16.12,,post,2,EMERALD,MIDDLE,1,limited_1_4,True,1,limited_1_4,True,post_only
Senna|16.13,P258,Senna,16.13,16.12,,post,5,EMERALD,TOP,6,established_5plus,True,0,observed_new,True,both
Senna|16.13,P258,Senna,16.13,16.12,,pre,6,EMERALD,TOP,,,False,,,False,both
Senna|16.13,P262,Senna,16.13,16.12,,pre,1,EMERALD,MIDDLE,1,limited_1_4,True,1,limited_1_4,True,pre_only
Senna|16.13,P295,Senna,16.13,16.12,,post,5,EMERALD,UTILITY,15,established_5plus,True,14,established_5plus,True,both
Senna|16.13,P295,Senna,16.13,16.12,,pre,14,EMERALD,UTILITY,1,limited_1_4,True,1,limited_1_4,True,both
Senna|16.13,P301,Senna,16.13,16.12,,post,1,DIAMOND,JUNGLE,0,observed_new,True,0,observed_new,True,post_only
Senna|16.13,P314,Senna,16.13,16.12,,post,44,DIAMOND,BOTTOM,,,False,,,False,both
Senna|16.13,P314,Senna,16.13,16.12,,pre,8,DIAMOND,BOTTOM,,,False,,,False,both
Senna|16.13,P327,Senna,16.13,16.12,,post,2,DIAMOND,UTILITY,0,observed_new,True,0,observed_new,True,post_only
Senna|16.13,P328,Senna,16.13,16.12,,post,1,DIAMOND,JUNGLE,2,limited_1_4,True,2,limited_1_4,True,both
Senna|16.13,P328,Senna,16.13,16.12,,pre,2,DIAMOND,JUNGLE,0,observed_new,True,0,observed_new,True,both
Senna|16.13,P331,Senna,16.13,16.12,,post,5,DIAMOND,UTILITY,0,observed_new,True,0,observed_new,True,post_only
Senna|16.13,P332,Senna,16.13,16.12,,pre,1,DIAMOND,BOTTOM,0,observed_new,True,0,observed_new,True,pre_only
Senna|16.13,P333,Senna,16.13,16.12,,post,5,DIAMOND,BOTTOM,0,observed_new,True,0,observed_new,True,post_only
Senna|16.13,P341,Senna,16.13,16.12,,post,4,DIAMOND,BOTTOM,0,observed_new,True,0,observed_new,True,post_only
Senna|16.13,P347,Senna,16.13,16.12,,post,2,DIAMOND,UTILITY,5,established_5plus,True,1,limited_1_4,True,both
Senna|16.13,P347,Senna,16.13,16.12,,pre,1,DIAMOND,UTILITY,10,established_5plus,True,3,limited_1_4,True,both
Senna|16.13,P354,Senna,16.13,16.12,,post,1,DIAMOND,MIDDLE,0,observed_new,True,0,observed_new,True,post_only
Senna|16.13,P372,Senna,16.13,16.12,,post,1,DIAMOND,BOTTOM,0,observed_new,True,0,observed_new,True,post_only
Senna|16.13,P388,Senna,16.13,16.12,,post,4,DIAMOND,UTILITY,4,limited_1_4,True,2,limited_1_4,True,post_only
Senna|16.13,P392,Senna,16.13,16.12,,post,3,DIAMOND,UTILITY,,,False,,,False,post_only
Senna|16.13,P398,Senna,16.13,16.12,,pre,1,DIAMOND,JUNGLE,0,observed_new,True,0,observed_new,True,pre_only
Senna|16.13,P399,Senna,16.13,16.12,,post,1,DIAMOND,JUNGLE,,,False,,,False,post_only
Senna|16.13,P405,Senna,16.13,16.12,,post,4,MASTER+,UTILITY,8,established_5plus,True,5,established_5plus,True,both
Senna|16.13,P405,Senna,16.13,16.12,,pre,5,MASTER+,UTILITY,3,limited_1_4,True,3,limited_1_4,True,both
Senna|16.13,P407,Senna,16.13,16.12,,pre,3,MASTER+,BOTTOM,,,False,0,observed_new,True,pre_only
Senna|16.13,P414,Senna,16.13,16.12,,post,1,MASTER+,UTILITY,4,limited_1_4,True,4,limited_1_4,True,post_only
Senna|16.13,P420,Senna,16.13,16.12,,post,3,MASTER+,BOTTOM,0,observed_new,True,0,observed_new,True,post_only
Senna|16.13,P426,Senna,16.13,16.12,,pre,1,MASTER+,MIDDLE,0,observed_new,True,0,observed_new,True,pre_only
Senna|16.13,P433,Senna,16.13,16.12,,post,8,MASTER+,BOTTOM,,,False,2,limited_1_4,True,both
Senna|16.13,P433,Senna,16.13,16.12,,pre,2,MASTER+,BOTTOM,,,False,0,observed_new,True,both
Senna|16.13,P435,Senna,16.13,16.12,,post,4,MASTER+,UTILITY,2,limited_1_4,True,1,limited_1_4,True,post_only
Senna|16.13,P436,Senna,16.13,16.12,,post,1,MASTER+,BOTTOM,,,False,2,limited_1_4,True,both
Senna|16.13,P436,Senna,16.13,16.12,,pre,2,MASTER+,BOTTOM,,,False,1,limited_1_4,True,both
Senna|16.13,P437,Senna,16.13,16.12,,post,7,MASTER+,UTILITY,2,limited_1_4,True,0,observed_new,True,post_only
Senna|16.13,P439,Senna,16.13,16.12,,post,2,MASTER+,MIDDLE,0,observed_new,True,0,observed_new,True,post_only
Senna|16.13,P447,Senna,16.13,16.12,,post,3,MASTER+,UTILITY,7,established_5plus,True,0,observed_new,True,post_only
Senna|16.13,P448,Senna,16.13,16.12,,post,1,MASTER+,UTILITY,0,observed_new,True,0,observed_new,True,post_only
Senna|16.13,P467,Senna,16.13,16.12,,post,10,MASTER+,BOTTOM,16,established_5plus,True,0,observed_new,True,both
Senna|16.13,P467,Senna,16.13,16.12,,pre,17,MASTER+,BOTTOM,11,established_5plus,True,3,limited_1_4,True,both
Senna|16.13,P485,Senna,16.13,16.12,,pre,5,MASTER+,BOTTOM,2,limited_1_4,True,0,observed_new,True,pre_only
Senna|16.13,P487,Senna,16.13,16.12,,pre,1,MASTER+,JUNGLE,,,False,,,False,pre_only
Senna|16.13,P492,Senna,16.13,16.12,,post,1,MASTER+,BOTTOM,0,observed_new,True,0,observed_new,True,both
Senna|16.13,P492,Senna,16.13,16.12,,pre,3,MASTER+,BOTTOM,,,False,,,False,both
Sion|16.13,P012,Sion,16.13,16.12,,post,1,GOLD,UTILITY,0,observed_new,True,0,observed_new,True,post_only
Sion|16.13,P037,Sion,16.13,16.12,,pre,1,GOLD,JUNGLE,0,observed_new,True,0,observed_new,True,pre_only
Sion|16.13,P074,Sion,16.13,16.12,,pre,1,GOLD,TOP,,,False,22,established_5plus,True,pre_only
Sion|16.13,P079,Sion,16.13,16.12,,post,1,GOLD,TOP,0,observed_new,True,0,observed_new,True,post_only
Sion|16.13,P116,Sion,16.13,16.12,,pre,1,PLATINUM,TOP,12,established_5plus,True,1,limited_1_4,True,pre_only
Sion|16.13,P133,Sion,16.13,16.12,,pre,1,PLATINUM,MIDDLE,,,False,1,limited_1_4,True,pre_only
Sion|16.13,P187,Sion,16.13,16.12,,post,1,PLATINUM,UTILITY,,,False,,,False,post_only
Sion|16.13,P203,Sion,16.13,16.12,,pre,1,EMERALD,BOTTOM,2,limited_1_4,True,2,limited_1_4,True,pre_only
Sion|16.13,P227,Sion,16.13,16.12,,post,2,EMERALD,TOP,,,False,4,limited_1_4,True,post_only
Sion|16.13,P258,Sion,16.13,16.12,,post,1,EMERALD,TOP,0,observed_new,True,0,observed_new,True,post_only
Sion|16.13,P290,Sion,16.13,16.12,,post,8,EMERALD,UTILITY,2,limited_1_4,True,2,limited_1_4,True,both
Sion|16.13,P290,Sion,16.13,16.12,,pre,6,EMERALD,UTILITY,9,established_5plus,True,0,observed_new,True,both
Sion|16.13,P320,Sion,16.13,16.12,,post,10,DIAMOND,UTILITY,31,established_5plus,True,14,established_5plus,True,both
Sion|16.13,P320,Sion,16.13,16.12,,pre,9,DIAMOND,UTILITY,34,established_5plus,True,17,established_5plus,True,both
Sion|16.13,P362,Sion,16.13,16.12,,post,1,DIAMOND,MIDDLE,2,limited_1_4,True,0,observed_new,True,post_only
Sion|16.13,P367,Sion,16.13,16.12,,post,2,DIAMOND,MIDDLE,0,observed_new,True,0,observed_new,True,post_only
Sion|16.13,P373,Sion,16.13,16.12,,post,1,DIAMOND,TOP,2,limited_1_4,True,1,limited_1_4,True,post_only
Sion|16.13,P407,Sion,16.13,16.12,,pre,3,MASTER+,BOTTOM,,,False,3,limited_1_4,True,pre_only
Sion|16.13,P415,Sion,16.13,16.12,,post,1,MASTER+,JUNGLE,0,observed_new,True,0,observed_new,True,post_only
Sion|16.13,P416,Sion,16.13,16.12,,post,2,MASTER+,MIDDLE,7,established_5plus,True,3,limited_1_4,True,both
Sion|16.13,P416,Sion,16.13,16.12,,pre,1,MASTER+,MIDDLE,6,established_5plus,True,4,limited_1_4,True,both
Sion|16.13,P436,Sion,16.13,16.12,,pre,1,MASTER+,BOTTOM,,,False,0,observed_new,True,pre_only
Sion|16.13,P445,Sion,16.13,16.12,,pre,1,MASTER+,UTILITY,5,established_5plus,True,0,observed_new,True,pre_only
Sion|16.13,P468,Sion,16.13,16.12,,pre,6,MASTER+,TOP,,,False,,,False,pre_only
Sion|16.13,P469,Sion,16.13,16.12,,post,1,MASTER+,TOP,0,observed_new,True,0,observed_new,True,post_only
Sion|16.13,P490,Sion,16.13,16.12,,pre,1,MASTER+,BOTTOM,0,observed_new,True,0,observed_new,True,pre_only
Sion|16.13,P500,Sion,16.13,16.12,,post,1,MASTER+,TOP,0,observed_new,True,0,observed_new,True,post_only
Vex|16.13,P105,Vex,16.13,16.12,,post,2,PLATINUM,MIDDLE,0,observed_new,True,0,observed_new,True,post_only
Vex|16.13,P108,Vex,16.13,16.12,,pre,1,PLATINUM,MIDDLE,,,False,0,observed_new,True,pre_only
Vex|16.13,P262,Vex,16.13,16.12,,post,1,EMERALD,MIDDLE,0,observed_new,True,0,observed_new,True,post_only
Vex|16.13,P274,Vex,16.13,16.12,,pre,1,EMERALD,MIDDLE,0,observed_new,True,0,observed_new,True,pre_only
Vex|16.13,P335,Vex,16.13,16.12,,post,1,DIAMOND,MIDDLE,0,observed_new,True,0,observed_new,True,post_only
Vex|16.13,P367,Vex,16.13,16.12,,post,3,DIAMOND,MIDDLE,2,limited_1_4,True,1,limited_1_4,True,both
Vex|16.13,P367,Vex,16.13,16.12,,pre,1,DIAMOND,MIDDLE,1,limited_1_4,True,1,limited_1_4,True,both
Vex|16.13,P387,Vex,16.13,16.12,,post,1,DIAMOND,JUNGLE,1,limited_1_4,True,0,observed_new,True,both
Vex|16.13,P387,Vex,16.13,16.12,,pre,1,DIAMOND,JUNGLE,1,limited_1_4,True,0,observed_new,True,both
Vex|16.13,P472,Vex,16.13,16.12,,post,1,MASTER+,MIDDLE,,,False,0,observed_new,True,post_only
Vex|16.13,P496,Vex,16.13,16.12,,post,58,MASTER+,TOP,89,established_5plus,True,43,established_5plus,True,both
Vex|16.13,P496,Vex,16.13,16.12,,pre,51,MASTER+,TOP,87,established_5plus,True,46,established_5plus,True,both
Zaahen|16.13,P024,Zaahen,16.13,16.12,,post,1,GOLD,UTILITY,,,False,,,False,post_only
Zaahen|16.13,P097,Zaahen,16.13,16.12,,post,1,GOLD,JUNGLE,,,False,,,False,both
Zaahen|16.13,P097,Zaahen,16.13,16.12,,pre,2,GOLD,JUNGLE,,,False,,,False,both
Zaahen|16.13,P108,Zaahen,16.13,16.12,,pre,1,PLATINUM,MIDDLE,,,False,0,observed_new,True,pre_only
Zaahen|16.13,P116,Zaahen,16.13,16.12,,pre,1,PLATINUM,TOP,18,established_5plus,True,9,established_5plus,True,pre_only
Zaahen|16.13,P157,Zaahen,16.13,16.12,,post,1,PLATINUM,TOP,13,established_5plus,True,3,limited_1_4,True,both
Zaahen|16.13,P157,Zaahen,16.13,16.12,,pre,3,PLATINUM,TOP,10,established_5plus,True,7,established_5plus,True,both
Zaahen|16.13,P189,Zaahen,16.13,16.12,,post,3,PLATINUM,TOP,2,limited_1_4,True,0,observed_new,True,post_only
Zaahen|16.13,P258,Zaahen,16.13,16.12,,post,3,EMERALD,TOP,0,observed_new,True,0,observed_new,True,both
Zaahen|16.13,P258,Zaahen,16.13,16.12,,pre,1,EMERALD,TOP,,,False,0,observed_new,True,both
Zaahen|16.13,P358,Zaahen,16.13,16.12,,post,1,DIAMOND,JUNGLE,,,False,0,observed_new,True,post_only
Zaahen|16.13,P420,Zaahen,16.13,16.12,,post,2,MASTER+,BOTTOM,16,established_5plus,True,11,established_5plus,True,post_only
Zaahen|16.13,P421,Zaahen,16.13,16.12,,pre,1,MASTER+,MIDDLE,9,established_5plus,True,7,established_5plus,True,pre_only
Zaahen|16.13,P428,Zaahen,16.13,16.12,,pre,1,MASTER+,MIDDLE,3,limited_1_4,True,1,limited_1_4,True,pre_only
Zaahen|16.13,P462,Zaahen,16.13,16.12,,pre,1,MASTER+,MIDDLE,0,observed_new,True,0,observed_new,True,pre_only
Azir|16.14,P051,Azir,16.14,16.13,,post,3,GOLD,UTILITY,3,limited_1_4,True,3,limited_1_4,True,both
Azir|16.14,P051,Azir,16.14,16.13,,pre,3,GOLD,UTILITY,0,observed_new,True,0,observed_new,True,both
Azir|16.14,P125,Azir,16.14,16.13,,pre,1,PLATINUM,TOP,2,limited_1_4,True,0,observed_new,True,pre_only
Azir|16.14,P223,Azir,16.14,16.13,,post,37,EMERALD,MIDDLE,,,False,42,established_5plus,True,both
Azir|16.14,P223,Azir,16.14,16.13,,pre,30,EMERALD,MIDDLE,,,False,,,False,both
Azir|16.14,P396,Azir,16.14,16.13,,post,1,DIAMOND,JUNGLE,,,False,0,observed_new,True,post_only
Azir|16.14,P421,Azir,16.14,16.13,,post,9,MASTER+,MIDDLE,15,established_5plus,True,11,established_5plus,True,both
Azir|16.14,P421,Azir,16.14,16.13,,pre,11,MASTER+,MIDDLE,13,established_5plus,True,4,limited_1_4,True,both
Azir|16.14,P424,Azir,16.14,16.13,,post,1,MASTER+,JUNGLE,0,observed_new,True,0,observed_new,True,post_only
Azir|16.14,P452,Azir,16.14,16.13,,post,13,MASTER+,MIDDLE,16,established_5plus,True,15,established_5plus,True,both
Azir|16.14,P452,Azir,16.14,16.13,,pre,5,MASTER+,MIDDLE,17,established_5plus,True,10,established_5plus,True,both
Azir|16.14,P489,Azir,16.14,16.13,,post,2,MASTER+,BOTTOM,5,established_5plus,True,2,limited_1_4,True,both
Azir|16.14,P489,Azir,16.14,16.13,,pre,1,MASTER+,BOTTOM,5,established_5plus,True,4,limited_1_4,True,both
Corki|16.14,P133,Corki,16.14,16.13,,pre,1,PLATINUM,MIDDLE,0,observed_new,True,0,observed_new,True,pre_only
Corki|16.14,P168,Corki,16.14,16.13,,post,1,PLATINUM,BOTTOM,0,observed_new,True,0,observed_new,True,post_only
Corki|16.14,P176,Corki,16.14,16.13,,pre,2,PLATINUM,BOTTOM,0,observed_new,True,0,observed_new,True,pre_only
Corki|16.14,P244,Corki,16.14,16.13,,post,1,EMERALD,BOTTOM,0,observed_new,True,0,observed_new,True,both
Corki|16.14,P244,Corki,16.14,16.13,,pre,1,EMERALD,BOTTOM,0,observed_new,True,0,observed_new,True,both
Corki|16.14,P254,Corki,16.14,16.13,,pre,1,EMERALD,JUNGLE,3,limited_1_4,True,1,limited_1_4,True,pre_only
Corki|16.14,P383,Corki,16.14,16.13,,post,1,DIAMOND,BOTTOM,,,False,0,observed_new,True,post_only
Corki|16.14,P407,Corki,16.14,16.13,,post,7,MASTER+,BOTTOM,0,observed_new,True,0,observed_new,True,post_only
Corki|16.14,P436,Corki,16.14,16.13,,post,3,MASTER+,BOTTOM,,,False,0,observed_new,True,post_only
Corki|16.14,P470,Corki,16.14,16.13,,post,2,MASTER+,TOP,0,observed_new,True,0,observed_new,True,post_only
Corki|16.14,P490,Corki,16.14,16.13,,post,1,MASTER+,BOTTOM,13,established_5plus,True,4,limited_1_4,True,both
Corki|16.14,P490,Corki,16.14,16.13,,pre,5,MASTER+,BOTTOM,18,established_5plus,True,8,established_5plus,True,both
Garen|16.14,P004,Garen,16.14,16.13,,pre,2,GOLD,MIDDLE,1,limited_1_4,True,1,limited_1_4,True,pre_only
Garen|16.14,P006,Garen,16.14,16.13,,pre,1,GOLD,UTILITY,0,observed_new,True,0,observed_new,True,pre_only
Garen|16.14,P007,Garen,16.14,16.13,,pre,1,GOLD,TOP,0,observed_new,True,0,observed_new,True,pre_only
Garen|16.14,P020,Garen,16.14,16.13,,pre,1,GOLD,MIDDLE,0,observed_new,True,0,observed_new,True,pre_only
Garen|16.14,P030,Garen,16.14,16.13,,post,1,GOLD,BOTTOM,0,observed_new,True,0,observed_new,True,both
Garen|16.14,P030,Garen,16.14,16.13,,pre,1,GOLD,BOTTOM,,,False,0,observed_new,True,both
Garen|16.14,P047,Garen,16.14,16.13,,pre,8,GOLD,MIDDLE,10,established_5plus,True,4,limited_1_4,True,pre_only
Garen|16.14,P052,Garen,16.14,16.13,,post,1,GOLD,MIDDLE,,,False,4,limited_1_4,True,both
Garen|16.14,P052,Garen,16.14,16.13,,pre,6,GOLD,MIDDLE,,,False,,,False,both
Garen|16.14,P070,Garen,16.14,16.13,,post,2,GOLD,TOP,20,established_5plus,True,9,established_5plus,True,both
Garen|16.14,P070,Garen,16.14,16.13,,pre,5,GOLD,TOP,19,established_5plus,True,14,established_5plus,True,both
Garen|16.14,P079,Garen,16.14,16.13,,post,14,GOLD,TOP,35,established_5plus,True,15,established_5plus,True,both
Garen|16.14,P079,Garen,16.14,16.13,,pre,5,GOLD,TOP,41,established_5plus,True,21,established_5plus,True,both
Garen|16.14,P080,Garen,16.14,16.13,,post,1,GOLD,JUNGLE,0,observed_new,True,0,observed_new,True,post_only
Garen|16.14,P101,Garen,16.14,16.13,,post,1,PLATINUM,TOP,5,established_5plus,True,1,limited_1_4,True,both
Garen|16.14,P101,Garen,16.14,16.13,,pre,1,PLATINUM,TOP,8,established_5plus,True,3,limited_1_4,True,both
Garen|16.14,P138,Garen,16.14,16.13,,post,1,PLATINUM,MIDDLE,0,observed_new,True,0,observed_new,True,post_only
Garen|16.14,P153,Garen,16.14,16.13,,post,2,PLATINUM,UTILITY,0,observed_new,True,0,observed_new,True,post_only
Garen|16.14,P187,Garen,16.14,16.13,,post,1,PLATINUM,UTILITY,,,False,5,established_5plus,True,both
Garen|16.14,P187,Garen,16.14,16.13,,pre,1,PLATINUM,UTILITY,,,False,,,False,both
Garen|16.14,P189,Garen,16.14,16.13,,pre,3,PLATINUM,TOP,1,limited_1_4,True,0,observed_new,True,pre_only
Garen|16.14,P190,Garen,16.14,16.13,,pre,1,PLATINUM,TOP,1,limited_1_4,True,1,limited_1_4,True,pre_only
Garen|16.14,P227,Garen,16.14,16.13,,pre,3,EMERALD,TOP,,,False,0,observed_new,True,pre_only
Garen|16.14,P258,Garen,16.14,16.13,,post,1,EMERALD,TOP,0,observed_new,True,0,observed_new,True,post_only
Garen|16.14,P290,Garen,16.14,16.13,,pre,1,EMERALD,UTILITY,0,observed_new,True,0,observed_new,True,pre_only
Garen|16.14,P293,Garen,16.14,16.13,,pre,1,EMERALD,JUNGLE,,,False,,,False,pre_only
Garen|16.14,P299,Garen,16.14,16.13,,post,15,EMERALD,UTILITY,0,observed_new,True,0,observed_new,True,post_only
Garen|16.14,P311,Garen,16.14,16.13,,pre,1,DIAMOND,JUNGLE,0,observed_new,True,0,observed_new,True,pre_only
Garen|16.14,P330,Garen,16.14,16.13,,pre,1,DIAMOND,MIDDLE,0,observed_new,True,0,observed_new,True,pre_only
Garen|16.14,P341,Garen,16.14,16.13,,pre,1,DIAMOND,BOTTOM,0,observed_new,True,0,observed_new,True,pre_only
Garen|16.14,P373,Garen,16.14,16.13,,pre,1,DIAMOND,TOP,8,established_5plus,True,8,established_5plus,True,pre_only
Garen|16.14,P390,Garen,16.14,16.13,,pre,1,DIAMOND,TOP,0,observed_new,True,0,observed_new,True,pre_only
Garen|16.14,P405,Garen,16.14,16.13,,pre,1,MASTER+,UTILITY,0,observed_new,True,0,observed_new,True,pre_only
Garen|16.14,P409,Garen,16.14,16.13,,post,7,MASTER+,BOTTOM,2,limited_1_4,True,1,limited_1_4,True,both
Garen|16.14,P409,Garen,16.14,16.13,,pre,2,MASTER+,BOTTOM,2,limited_1_4,True,2,limited_1_4,True,both
Garen|16.14,P430,Garen,16.14,16.13,,pre,1,MASTER+,MIDDLE,4,limited_1_4,True,2,limited_1_4,True,pre_only
Garen|16.14,P434,Garen,16.14,16.13,,pre,1,MASTER+,UTILITY,0,observed_new,True,0,observed_new,True,pre_only
Garen|16.14,P435,Garen,16.14,16.13,,pre,1,MASTER+,UTILITY,0,observed_new,True,0,observed_new,True,pre_only
Garen|16.14,P468,Garen,16.14,16.13,,post,1,MASTER+,TOP,1,limited_1_4,True,0,observed_new,True,both
Garen|16.14,P468,Garen,16.14,16.13,,pre,1,MASTER+,TOP,,,False,0,observed_new,True,both
Garen|16.14,P469,Garen,16.14,16.13,,post,1,MASTER+,TOP,4,limited_1_4,True,1,limited_1_4,True,both
Garen|16.14,P469,Garen,16.14,16.13,,pre,4,MASTER+,TOP,6,established_5plus,True,2,limited_1_4,True,both
Garen|16.14,P472,Garen,16.14,16.13,,pre,1,MASTER+,MIDDLE,0,observed_new,True,0,observed_new,True,pre_only
Garen|16.14,P486,Garen,16.14,16.13,,pre,1,MASTER+,JUNGLE,0,observed_new,True,0,observed_new,True,pre_only
Garen|16.14,P500,Garen,16.14,16.13,,post,2,MASTER+,TOP,1,limited_1_4,True,0,observed_new,True,both
Garen|16.14,P500,Garen,16.14,16.13,,pre,1,MASTER+,TOP,0,observed_new,True,0,observed_new,True,both
Jayce|16.14,P107,Jayce,16.14,16.13,,pre,6,PLATINUM,MIDDLE,2,limited_1_4,True,0,observed_new,True,pre_only
Jayce|16.14,P115,Jayce,16.14,16.13,,post,1,PLATINUM,BOTTOM,0,observed_new,True,0,observed_new,True,post_only
Jayce|16.14,P189,Jayce,16.14,16.13,,pre,1,PLATINUM,TOP,0,observed_new,True,0,observed_new,True,pre_only
Jayce|16.14,P215,Jayce,16.14,16.13,,post,2,EMERALD,MIDDLE,88,established_5plus,True,45,established_5plus,True,post_only
Jayce|16.14,P219,Jayce,16.14,16.13,,pre,3,EMERALD,MIDDLE,0,observed_new,True,0,observed_new,True,pre_only
Jayce|16.14,P290,Jayce,16.14,16.13,,post,1,EMERALD,UTILITY,3,limited_1_4,True,1,limited_1_4,True,both
Jayce|16.14,P290,Jayce,16.14,16.13,,pre,3,EMERALD,UTILITY,0,observed_new,True,0,observed_new,True,both
Jayce|16.14,P354,Jayce,16.14,16.13,,post,1,DIAMOND,MIDDLE,9,established_5plus,True,4,limited_1_4,True,both
Jayce|16.14,P354,Jayce,16.14,16.13,,pre,4,DIAMOND,MIDDLE,6,established_5plus,True,3,limited_1_4,True,both
Jayce|16.14,P356,Jayce,16.14,16.13,,pre,2,DIAMOND,MIDDLE,0,observed_new,True,0,observed_new,True,pre_only
Jayce|16.14,P358,Jayce,16.14,16.13,,pre,2,DIAMOND,JUNGLE,,,False,0,observed_new,True,pre_only
Jayce|16.14,P361,Jayce,16.14,16.13,,post,1,DIAMOND,MIDDLE,0,observed_new,True,0,observed_new,True,post_only
Jayce|16.14,P382,Jayce,16.14,16.13,,post,4,DIAMOND,TOP,0,observed_new,True,0,observed_new,True,post_only
Jayce|16.14,P412,Jayce,16.14,16.13,,post,2,MASTER+,TOP,4,limited_1_4,True,2,limited_1_4,True,post_only
Jayce|16.14,P422,Jayce,16.14,16.13,,post,1,MASTER+,MIDDLE,1,limited_1_4,True,1,limited_1_4,True,post_only
Jayce|16.14,P436,Jayce,16.14,16.13,,pre,1,MASTER+,BOTTOM,,,False,0,observed_new,True,pre_only
Jayce|16.14,P439,Jayce,16.14,16.13,,post,1,MASTER+,MIDDLE,0,observed_new,True,0,observed_new,True,both
Jayce|16.14,P439,Jayce,16.14,16.13,,pre,1,MASTER+,MIDDLE,1,limited_1_4,True,1,limited_1_4,True,both
Jayce|16.14,P447,Jayce,16.14,16.13,,post,5,MASTER+,UTILITY,0,observed_new,True,0,observed_new,True,post_only
Jayce|16.14,P463,Jayce,16.14,16.13,,post,1,MASTER+,TOP,5,established_5plus,True,5,established_5plus,True,both
Jayce|16.14,P463,Jayce,16.14,16.13,,pre,5,MASTER+,TOP,1,limited_1_4,True,0,observed_new,True,both
Jayce|16.14,P470,Jayce,16.14,16.13,,post,5,MASTER+,TOP,7,established_5plus,True,3,limited_1_4,True,post_only
Jayce|16.14,P472,Jayce,16.14,16.13,,post,1,MASTER+,MIDDLE,0,observed_new,True,0,observed_new,True,post_only
Jayce|16.14,P475,Jayce,16.14,16.13,,post,2,MASTER+,TOP,4,limited_1_4,True,1,limited_1_4,True,post_only
Jayce|16.14,P486,Jayce,16.14,16.13,,post,1,MASTER+,JUNGLE,4,limited_1_4,True,3,limited_1_4,True,both
Jayce|16.14,P486,Jayce,16.14,16.13,,pre,2,MASTER+,JUNGLE,3,limited_1_4,True,1,limited_1_4,True,both
Locke|16.14,P004,Locke,16.14,16.13,,pre,6,GOLD,MIDDLE,0,observed_new,True,0,observed_new,True,pre_only
Locke|16.14,P007,Locke,16.14,16.13,,post,1,GOLD,TOP,0,observed_new,True,0,observed_new,True,post_only
Locke|16.14,P020,Locke,16.14,16.13,,post,1,GOLD,MIDDLE,1,limited_1_4,True,1,limited_1_4,True,both
Locke|16.14,P020,Locke,16.14,16.13,,pre,1,GOLD,MIDDLE,0,observed_new,True,0,observed_new,True,both
Locke|16.14,P051,Locke,16.14,16.13,,pre,1,GOLD,UTILITY,,,False,0,observed_new,True,pre_only
Locke|16.14,P056,Locke,16.14,16.13,,pre,1,GOLD,JUNGLE,0,observed_new,True,0,observed_new,True,pre_only
Locke|16.14,P075,Locke,16.14,16.13,,post,6,GOLD,MIDDLE,,,False,6,established_5plus,True,both
Locke|16.14,P075,Locke,16.14,16.13,,pre,6,GOLD,MIDDLE,,,False,0,observed_new,True,both
Locke|16.14,P102,Locke,16.14,16.13,,pre,3,PLATINUM,BOTTOM,,,False,0,observed_new,True,pre_only
Locke|16.14,P109,Locke,16.14,16.13,,post,1,PLATINUM,MIDDLE,9,established_5plus,True,9,established_5plus,True,both
Locke|16.14,P109,Locke,16.14,16.13,,pre,9,PLATINUM,MIDDLE,0,observed_new,True,0,observed_new,True,both
Locke|16.14,P138,Locke,16.14,16.13,,post,2,PLATINUM,MIDDLE,0,observed_new,True,0,observed_new,True,post_only
Locke|16.14,P161,Locke,16.14,16.13,,pre,29,PLATINUM,MIDDLE,0,observed_new,True,0,observed_new,True,pre_only
Locke|16.14,P176,Locke,16.14,16.13,,pre,14,PLATINUM,BOTTOM,0,observed_new,True,0,observed_new,True,pre_only
Locke|16.14,P184,Locke,16.14,16.13,,pre,1,PLATINUM,TOP,0,observed_new,True,0,observed_new,True,pre_only
Locke|16.14,P189,Locke,16.14,16.13,,pre,3,PLATINUM,TOP,0,observed_new,True,0,observed_new,True,pre_only
Locke|16.14,P227,Locke,16.14,16.13,,pre,1,EMERALD,TOP,0,observed_new,True,0,observed_new,True,pre_only
Locke|16.14,P257,Locke,16.14,16.13,,post,1,EMERALD,MIDDLE,0,observed_new,True,0,observed_new,True,post_only
Locke|16.14,P258,Locke,16.14,16.13,,pre,2,EMERALD,TOP,0,observed_new,True,0,observed_new,True,pre_only
Locke|16.14,P262,Locke,16.14,16.13,,post,4,EMERALD,MIDDLE,0,observed_new,True,0,observed_new,True,post_only
Locke|16.14,P263,Locke,16.14,16.13,,pre,1,EMERALD,JUNGLE,,,False,0,observed_new,True,pre_only
Locke|16.14,P279,Locke,16.14,16.13,,post,1,EMERALD,BOTTOM,0,observed_new,True,0,observed_new,True,post_only
Locke|16.14,P307,Locke,16.14,16.13,,pre,1,DIAMOND,BOTTOM,0,observed_new,True,0,observed_new,True,pre_only
Locke|16.14,P314,Locke,16.14,16.13,,pre,1,DIAMOND,BOTTOM,,,False,0,observed_new,True,pre_only
Locke|16.14,P335,Locke,16.14,16.13,,post,2,DIAMOND,MIDDLE,12,established_5plus,True,12,established_5plus,True,both
Locke|16.14,P335,Locke,16.14,16.13,,pre,12,DIAMOND,MIDDLE,0,observed_new,True,0,observed_new,True,both
Locke|16.14,P354,Locke,16.14,16.13,,post,4,DIAMOND,MIDDLE,2,limited_1_4,True,2,limited_1_4,True,both
Locke|16.14,P354,Locke,16.14,16.13,,pre,2,DIAMOND,MIDDLE,0,observed_new,True,0,observed_new,True,both
Locke|16.14,P356,Locke,16.14,16.13,,pre,2,DIAMOND,MIDDLE,0,observed_new,True,0,observed_new,True,pre_only
Locke|16.14,P376,Locke,16.14,16.13,,post,1,DIAMOND,BOTTOM,,,False,,,False,post_only
Locke|16.14,P385,Locke,16.14,16.13,,pre,2,DIAMOND,BOTTOM,0,observed_new,True,0,observed_new,True,pre_only
Locke|16.14,P390,Locke,16.14,16.13,,post,1,DIAMOND,TOP,0,observed_new,True,0,observed_new,True,post_only
Locke|16.14,P415,Locke,16.14,16.13,,post,7,MASTER+,JUNGLE,3,limited_1_4,True,3,limited_1_4,True,both
Locke|16.14,P415,Locke,16.14,16.13,,pre,3,MASTER+,JUNGLE,0,observed_new,True,0,observed_new,True,both
Locke|16.14,P424,Locke,16.14,16.13,,post,1,MASTER+,JUNGLE,0,observed_new,True,0,observed_new,True,post_only
Locke|16.14,P426,Locke,16.14,16.13,,post,6,MASTER+,MIDDLE,9,established_5plus,True,4,limited_1_4,True,both
Locke|16.14,P426,Locke,16.14,16.13,,pre,9,MASTER+,MIDDLE,0,observed_new,True,0,observed_new,True,both
Locke|16.14,P439,Locke,16.14,16.13,,post,6,MASTER+,MIDDLE,7,established_5plus,True,7,established_5plus,True,both
Locke|16.14,P439,Locke,16.14,16.13,,pre,7,MASTER+,MIDDLE,0,observed_new,True,0,observed_new,True,both
Locke|16.14,P442,Locke,16.14,16.13,,pre,1,MASTER+,UTILITY,0,observed_new,True,0,observed_new,True,pre_only
Locke|16.14,P452,Locke,16.14,16.13,,post,2,MASTER+,MIDDLE,6,established_5plus,True,6,established_5plus,True,both
Locke|16.14,P452,Locke,16.14,16.13,,pre,6,MASTER+,MIDDLE,0,observed_new,True,0,observed_new,True,both
Locke|16.14,P455,Locke,16.14,16.13,,post,7,MASTER+,MIDDLE,5,established_5plus,True,5,established_5plus,True,both
Locke|16.14,P455,Locke,16.14,16.13,,pre,5,MASTER+,MIDDLE,0,observed_new,True,0,observed_new,True,both
Locke|16.14,P462,Locke,16.14,16.13,,pre,7,MASTER+,MIDDLE,0,observed_new,True,0,observed_new,True,pre_only
Locke|16.14,P466,Locke,16.14,16.13,,post,5,MASTER+,MIDDLE,,,False,,,False,both
Locke|16.14,P466,Locke,16.14,16.13,,pre,5,MASTER+,MIDDLE,,,False,,,False,both
Locke|16.14,P472,Locke,16.14,16.13,,post,4,MASTER+,MIDDLE,8,established_5plus,True,5,established_5plus,True,both
Locke|16.14,P472,Locke,16.14,16.13,,pre,39,MASTER+,MIDDLE,,,False,,,False,both
Locke|16.14,P476,Locke,16.14,16.13,,pre,1,MASTER+,JUNGLE,0,observed_new,True,0,observed_new,True,pre_only
Locke|16.14,P477,Locke,16.14,16.13,,pre,1,MASTER+,MIDDLE,0,observed_new,True,0,observed_new,True,pre_only
Mordekaiser|16.14,P024,Mordekaiser,16.14,16.13,,post,2,GOLD,UTILITY,,,False,,,False,post_only
Mordekaiser|16.14,P063,Mordekaiser,16.14,16.13,,pre,1,GOLD,MIDDLE,0,observed_new,True,0,observed_new,True,pre_only
Mordekaiser|16.14,P070,Mordekaiser,16.14,16.13,,post,1,GOLD,TOP,4,limited_1_4,True,1,limited_1_4,True,both
Mordekaiser|16.14,P070,Mordekaiser,16.14,16.13,,pre,1,GOLD,TOP,3,limited_1_4,True,3,limited_1_4,True,both
Mordekaiser|16.14,P079,Mordekaiser,16.14,16.13,,post,1,GOLD,TOP,8,established_5plus,True,1,limited_1_4,True,post_only
Mordekaiser|16.14,P135,Mordekaiser,16.14,16.13,,post,2,PLATINUM,MIDDLE,,,False,,,False,post_only
Mordekaiser|16.14,P148,Mordekaiser,16.14,16.13,,post,1,PLATINUM,UTILITY,0,observed_new,True,0,observed_new,True,post_only
Mordekaiser|16.14,P149,Mordekaiser,16.14,16.13,,post,10,PLATINUM,TOP,14,established_5plus,True,6,established_5plus,True,both
Mordekaiser|16.14,P149,Mordekaiser,16.14,16.13,,pre,12,PLATINUM,TOP,8,established_5plus,True,3,limited_1_4,True,both
Mordekaiser|16.14,P152,Mordekaiser,16.14,16.13,,pre,1,PLATINUM,UTILITY,1,limited_1_4,True,0,observed_new,True,pre_only
Mordekaiser|16.14,P157,Mordekaiser,16.14,16.13,,pre,1,PLATINUM,TOP,1,limited_1_4,True,1,limited_1_4,True,pre_only
Mordekaiser|16.14,P168,Mordekaiser,16.14,16.13,,post,9,PLATINUM,BOTTOM,1,limited_1_4,True,1,limited_1_4,True,both
Mordekaiser|16.14,P168,Mordekaiser,16.14,16.13,,pre,1,PLATINUM,BOTTOM,0,observed_new,True,0,observed_new,True,both
Mordekaiser|16.14,P186,Mordekaiser,16.14,16.13,,post,5,PLATINUM,JUNGLE,0,observed_new,True,0,observed_new,True,post_only
Mordekaiser|16.14,P187,Mordekaiser,16.14,16.13,,post,3,PLATINUM,UTILITY,,,False,,,False,both
Mordekaiser|16.14,P187,Mordekaiser,16.14,16.13,,pre,1,PLATINUM,UTILITY,,,False,,,False,both
Mordekaiser|16.14,P190,Mordekaiser,16.14,16.13,,pre,1,PLATINUM,TOP,2,limited_1_4,True,2,limited_1_4,True,pre_only
Mordekaiser|16.14,P199,Mordekaiser,16.14,16.13,,post,2,PLATINUM,TOP,11,established_5plus,True,8,established_5plus,True,both
Mordekaiser|16.14,P199,Mordekaiser,16.14,16.13,,pre,1,PLATINUM,TOP,10,established_5plus,True,7,established_5plus,True,both
Mordekaiser|16.14,P204,Mordekaiser,16.14,16.13,,post,1,EMERALD,MIDDLE,0,observed_new,True,0,observed_new,True,post_only
Mordekaiser|16.14,P227,Mordekaiser,16.14,16.13,,pre,1,EMERALD,TOP,0,observed_new,True,0,observed_new,True,pre_only
Mordekaiser|16.14,P229,Mordekaiser,16.14,16.13,,pre,1,EMERALD,TOP,,,False,,,False,pre_only
Mordekaiser|16.14,P258,Mordekaiser,16.14,16.13,,post,6,EMERALD,TOP,2,limited_1_4,True,2,limited_1_4,True,both
Mordekaiser|16.14,P258,Mordekaiser,16.14,16.13,,pre,2,EMERALD,TOP,0,observed_new,True,0,observed_new,True,both
Mordekaiser|16.14,P271,Mordekaiser,16.14,16.13,,post,3,EMERALD,BOTTOM,2,limited_1_4,True,0,observed_new,True,post_only
Mordekaiser|16.14,P289,Mordekaiser,16.14,16.13,,post,3,EMERALD,TOP,4,limited_1_4,True,3,limited_1_4,True,both
Mordekaiser|16.14,P289,Mordekaiser,16.14,16.13,,pre,3,EMERALD,TOP,1,limited_1_4,True,0,observed_new,True,both
Mordekaiser|16.14,P291,Mordekaiser,16.14,16.13,,post,5,EMERALD,TOP,17,established_5plus,True,8,established_5plus,True,post_only
Mordekaiser|16.14,P293,Mordekaiser,16.14,16.13,,pre,5,EMERALD,JUNGLE,,,False,0,observed_new,True,pre_only
Mordekaiser|16.14,P325,Mordekaiser,16.14,16.13,,post,1,DIAMOND,TOP,2,limited_1_4,True,0,observed_new,True,both
Mordekaiser|16.14,P325,Mordekaiser,16.14,16.13,,pre,2,DIAMOND,TOP,3,limited_1_4,True,3,limited_1_4,True,both
Mordekaiser|16.14,P349,Mordekaiser,16.14,16.13,,post,1,DIAMOND,TOP,,,False,,,False,post_only
Mordekaiser|16.14,P367,Mordekaiser,16.14,16.13,,post,2,DIAMOND,MIDDLE,0,observed_new,True,0,observed_new,True,post_only
Mordekaiser|16.14,P415,Mordekaiser,16.14,16.13,,post,1,MASTER+,JUNGLE,0,observed_new,True,0,observed_new,True,post_only
Mordekaiser|16.14,P422,Mordekaiser,16.14,16.13,,post,3,MASTER+,MIDDLE,0,observed_new,True,0,observed_new,True,post_only
Mordekaiser|16.14,P436,Mordekaiser,16.14,16.13,,post,1,MASTER+,BOTTOM,,,False,0,observed_new,True,post_only
Mordekaiser|16.14,P453,Mordekaiser,16.14,16.13,,post,2,MASTER+,TOP,3,limited_1_4,True,1,limited_1_4,True,both
Mordekaiser|16.14,P453,Mordekaiser,16.14,16.13,,pre,1,MASTER+,TOP,2,limited_1_4,True,1,limited_1_4,True,both
Mordekaiser|16.14,P468,Mordekaiser,16.14,16.13,,post,1,MASTER+,TOP,0,observed_new,True,0,observed_new,True,post_only
Mordekaiser|16.14,P470,Mordekaiser,16.14,16.13,,post,1,MASTER+,TOP,0,observed_new,True,0,observed_new,True,post_only
Mordekaiser|16.14,P471,Mordekaiser,16.14,16.13,,post,1,MASTER+,TOP,,,False,,,False,post_only
Mordekaiser|16.14,P472,Mordekaiser,16.14,16.13,,post,1,MASTER+,MIDDLE,0,observed_new,True,0,observed_new,True,post_only
Mordekaiser|16.14,P485,Mordekaiser,16.14,16.13,,post,2,MASTER+,BOTTOM,0,observed_new,True,0,observed_new,True,post_only
Mordekaiser|16.14,P498,Mordekaiser,16.14,16.13,,post,2,MASTER+,TOP,1,limited_1_4,True,0,observed_new,True,post_only
Mordekaiser|16.14,P500,Mordekaiser,16.14,16.13,,post,7,MASTER+,TOP,0,observed_new,True,0,observed_new,True,post_only
Nami|16.14,P053,Nami,16.14,16.13,,post,1,GOLD,TOP,0,observed_new,True,0,observed_new,True,post_only
Nami|16.14,P068,Nami,16.14,16.13,,pre,1,GOLD,BOTTOM,,,False,6,established_5plus,True,pre_only
Nami|16.14,P136,Nami,16.14,16.13,,pre,2,PLATINUM,MIDDLE,4,limited_1_4,True,2,limited_1_4,True,pre_only
Nami|16.14,P141,Nami,16.14,16.13,,pre,1,PLATINUM,UTILITY,,,False,0,observed_new,True,pre_only
Nami|16.14,P145,Nami,16.14,16.13,,pre,2,PLATINUM,TOP,2,limited_1_4,True,1,limited_1_4,True,pre_only
Nami|16.14,P153,Nami,16.14,16.13,,pre,1,PLATINUM,UTILITY,0,observed_new,True,0,observed_new,True,pre_only
Nami|16.14,P183,Nami,16.14,16.13,,pre,3,PLATINUM,UTILITY,51,established_5plus,True,32,established_5plus,True,pre_only
Nami|16.14,P212,Nami,16.14,16.13,,pre,1,EMERALD,UTILITY,11,established_5plus,True,7,established_5plus,True,pre_only
Nami|16.14,P236,Nami,16.14,16.13,,post,1,EMERALD,UTILITY,,,False,0,observed_new,True,post_only
Nami|16.14,P237,Nami,16.14,16.13,,post,2,EMERALD,UTILITY,,,False,,,False,post_only
Nami|16.14,P320,Nami,16.14,16.13,,post,36,DIAMOND,UTILITY,54,established_5plus,True,30,established_5plus,True,both
Nami|16.14,P320,Nami,16.14,16.13,,pre,32,DIAMOND,UTILITY,40,established_5plus,True,24,established_5plus,True,both
Nami|16.14,P324,Nami,16.14,16.13,,pre,1,DIAMOND,MIDDLE,1,limited_1_4,True,0,observed_new,True,pre_only
Nami|16.14,P331,Nami,16.14,16.13,,post,2,DIAMOND,UTILITY,3,limited_1_4,True,0,observed_new,True,post_only
Nami|16.14,P334,Nami,16.14,16.13,,post,3,DIAMOND,UTILITY,,,False,6,established_5plus,True,post_only
Nami|16.14,P347,Nami,16.14,16.13,,post,3,DIAMOND,UTILITY,9,established_5plus,True,3,limited_1_4,True,both
Nami|16.14,P347,Nami,16.14,16.13,,pre,4,DIAMOND,UTILITY,8,established_5plus,True,5,established_5plus,True,both
Nami|16.14,P375,Nami,16.14,16.13,,pre,3,DIAMOND,UTILITY,21,established_5plus,True,15,established_5plus,True,pre_only
Nami|16.14,P392,Nami,16.14,16.13,,post,10,DIAMOND,UTILITY,7,established_5plus,True,3,limited_1_4,True,both
Nami|16.14,P392,Nami,16.14,16.13,,pre,10,DIAMOND,UTILITY,,,False,,,False,both
Nami|16.14,P401,Nami,16.14,16.13,,post,1,MASTER+,UTILITY,5,established_5plus,True,0,observed_new,True,post_only
Nami|16.14,P432,Nami,16.14,16.13,,post,32,MASTER+,UTILITY,93,established_5plus,True,48,established_5plus,True,both
Nami|16.14,P432,Nami,16.14,16.13,,pre,63,MASTER+,UTILITY,84,established_5plus,True,47,established_5plus,True,both
Nami|16.14,P435,Nami,16.14,16.13,,post,9,MASTER+,UTILITY,2,limited_1_4,True,0,observed_new,True,both
Nami|16.14,P435,Nami,16.14,16.13,,pre,2,MASTER+,UTILITY,5,established_5plus,True,2,limited_1_4,True,both
Nami|16.14,P437,Nami,16.14,16.13,,post,1,MASTER+,UTILITY,7,established_5plus,True,6,established_5plus,True,both
Nami|16.14,P437,Nami,16.14,16.13,,pre,6,MASTER+,UTILITY,3,limited_1_4,True,0,observed_new,True,both
Nami|16.14,P444,Nami,16.14,16.13,,post,7,MASTER+,UTILITY,16,established_5plus,True,8,established_5plus,True,both
Nami|16.14,P444,Nami,16.14,16.13,,pre,11,MASTER+,UTILITY,14,established_5plus,True,7,established_5plus,True,both
Nami|16.14,P448,Nami,16.14,16.13,,pre,1,MASTER+,UTILITY,3,limited_1_4,True,1,limited_1_4,True,pre_only
Senna|16.14,P024,Senna,16.14,16.13,,post,1,GOLD,UTILITY,,,False,,,False,post_only
Senna|16.14,P028,Senna,16.14,16.13,,pre,1,GOLD,MIDDLE,1,limited_1_4,True,0,observed_new,True,pre_only
Senna|16.14,P034,Senna,16.14,16.13,,post,1,GOLD,BOTTOM,1,limited_1_4,True,1,limited_1_4,True,post_only
Senna|16.14,P053,Senna,16.14,16.13,,post,4,GOLD,TOP,0,observed_new,True,0,observed_new,True,post_only
Senna|16.14,P082,Senna,16.14,16.13,,pre,1,GOLD,UTILITY,1,limited_1_4,True,0,observed_new,True,pre_only
Senna|16.14,P089,Senna,16.14,16.13,,pre,19,GOLD,UTILITY,,,False,,,False,pre_only
Senna|16.14,P105,Senna,16.14,16.13,,pre,1,PLATINUM,MIDDLE,0,observed_new,True,0,observed_new,True,pre_only
Senna|16.14,P108,Senna,16.14,16.13,,post,1,PLATINUM,MIDDLE,0,observed_new,True,0,observed_new,True,post_only
Senna|16.14,P136,Senna,16.14,16.13,,pre,1,PLATINUM,MIDDLE,6,established_5plus,True,3,limited_1_4,True,pre_only
Senna|16.14,P137,Senna,16.14,16.13,,pre,1,PLATINUM,MIDDLE,1,limited_1_4,True,1,limited_1_4,True,pre_only
Senna|16.14,P138,Senna,16.14,16.13,,post,1,PLATINUM,MIDDLE,2,limited_1_4,True,0,observed_new,True,post_only
Senna|16.14,P140,Senna,16.14,16.13,,post,2,PLATINUM,BOTTOM,0,observed_new,True,0,observed_new,True,post_only
Senna|16.14,P145,Senna,16.14,16.13,,pre,1,PLATINUM,TOP,0,observed_new,True,0,observed_new,True,pre_only
Senna|16.14,P158,Senna,16.14,16.13,,pre,1,PLATINUM,JUNGLE,6,established_5plus,True,3,limited_1_4,True,pre_only
Senna|16.14,P161,Senna,16.14,16.13,,post,3,PLATINUM,MIDDLE,0,observed_new,True,0,observed_new,True,post_only
Senna|16.14,P166,Senna,16.14,16.13,,post,1,PLATINUM,BOTTOM,0,observed_new,True,0,observed_new,True,post_only
Senna|16.14,P176,Senna,16.14,16.13,,post,1,PLATINUM,BOTTOM,5,established_5plus,True,1,limited_1_4,True,both
Senna|16.14,P176,Senna,16.14,16.13,,pre,5,PLATINUM,BOTTOM,12,established_5plus,True,6,established_5plus,True,both
Senna|16.14,P177,Senna,16.14,16.13,,pre,1,PLATINUM,BOTTOM,,,False,,,False,pre_only
Senna|16.14,P189,Senna,16.14,16.13,,pre,1,PLATINUM,TOP,2,limited_1_4,True,2,limited_1_4,True,pre_only
Senna|16.14,P197,Senna,16.14,16.13,,pre,1,PLATINUM,TOP,1,limited_1_4,True,1,limited_1_4,True,pre_only
Senna|16.14,P211,Senna,16.14,16.13,,post,3,EMERALD,BOTTOM,39,established_5plus,True,24,established_5plus,True,both
Senna|16.14,P211,Senna,16.14,16.13,,pre,6,EMERALD,BOTTOM,36,established_5plus,True,24,established_5plus,True,both
Senna|16.14,P238,Senna,16.14,16.13,,pre,1,EMERALD,JUNGLE,0,observed_new,True,0,observed_new,True,pre_only
Senna|16.14,P241,Senna,16.14,16.13,,pre,1,EMERALD,BOTTOM,3,limited_1_4,True,2,limited_1_4,True,pre_only
Senna|16.14,P257,Senna,16.14,16.13,,pre,2,EMERALD,MIDDLE,1,limited_1_4,True,1,limited_1_4,True,pre_only
Senna|16.14,P258,Senna,16.14,16.13,,pre,5,EMERALD,TOP,6,established_5plus,True,0,observed_new,True,pre_only
Senna|16.14,P262,Senna,16.14,16.13,,post,1,EMERALD,MIDDLE,2,limited_1_4,True,1,limited_1_4,True,post_only
Senna|16.14,P290,Senna,16.14,16.13,,post,1,EMERALD,UTILITY,0,observed_new,True,0,observed_new,True,post_only
Senna|16.14,P295,Senna,16.14,16.13,,post,1,EMERALD,UTILITY,16,established_5plus,True,2,limited_1_4,True,both
Senna|16.14,P295,Senna,16.14,16.13,,pre,5,EMERALD,UTILITY,15,established_5plus,True,14,established_5plus,True,both
Senna|16.14,P301,Senna,16.14,16.13,,pre,1,DIAMOND,JUNGLE,0,observed_new,True,0,observed_new,True,pre_only
Senna|16.14,P307,Senna,16.14,16.13,,post,1,DIAMOND,BOTTOM,0,observed_new,True,0,observed_new,True,post_only
Senna|16.14,P314,Senna,16.14,16.13,,post,4,DIAMOND,BOTTOM,26,established_5plus,True,6,established_5plus,True,both
Senna|16.14,P314,Senna,16.14,16.13,,pre,44,DIAMOND,BOTTOM,,,False,,,False,both
Senna|16.14,P327,Senna,16.14,16.13,,pre,2,DIAMOND,UTILITY,0,observed_new,True,0,observed_new,True,pre_only
Senna|16.14,P328,Senna,16.14,16.13,,pre,1,DIAMOND,JUNGLE,2,limited_1_4,True,2,limited_1_4,True,pre_only
Senna|16.14,P331,Senna,16.14,16.13,,pre,5,DIAMOND,UTILITY,0,observed_new,True,0,observed_new,True,pre_only
Senna|16.14,P333,Senna,16.14,16.13,,pre,5,DIAMOND,BOTTOM,0,observed_new,True,0,observed_new,True,pre_only
Senna|16.14,P341,Senna,16.14,16.13,,pre,4,DIAMOND,BOTTOM,0,observed_new,True,0,observed_new,True,pre_only
Senna|16.14,P347,Senna,16.14,16.13,,pre,2,DIAMOND,UTILITY,5,established_5plus,True,1,limited_1_4,True,pre_only
Senna|16.14,P354,Senna,16.14,16.13,,pre,1,DIAMOND,MIDDLE,0,observed_new,True,0,observed_new,True,pre_only
Senna|16.14,P372,Senna,16.14,16.13,,pre,1,DIAMOND,BOTTOM,0,observed_new,True,0,observed_new,True,pre_only
Senna|16.14,P376,Senna,16.14,16.13,,post,1,DIAMOND,BOTTOM,,,False,,,False,post_only
Senna|16.14,P388,Senna,16.14,16.13,,post,5,DIAMOND,UTILITY,8,established_5plus,True,6,established_5plus,True,both
Senna|16.14,P388,Senna,16.14,16.13,,pre,4,DIAMOND,UTILITY,4,limited_1_4,True,2,limited_1_4,True,both
Senna|16.14,P392,Senna,16.14,16.13,,post,1,DIAMOND,UTILITY,0,observed_new,True,0,observed_new,True,both
Senna|16.14,P392,Senna,16.14,16.13,,pre,3,DIAMOND,UTILITY,,,False,,,False,both
Senna|16.14,P399,Senna,16.14,16.13,,pre,1,DIAMOND,JUNGLE,,,False,,,False,pre_only
Senna|16.14,P401,Senna,16.14,16.13,,post,1,MASTER+,UTILITY,1,limited_1_4,True,0,observed_new,True,post_only
Senna|16.14,P405,Senna,16.14,16.13,,post,2,MASTER+,UTILITY,3,limited_1_4,True,1,limited_1_4,True,both
Senna|16.14,P405,Senna,16.14,16.13,,pre,4,MASTER+,UTILITY,8,established_5plus,True,5,established_5plus,True,both
Senna|16.14,P414,Senna,16.14,16.13,,pre,1,MASTER+,UTILITY,4,limited_1_4,True,4,limited_1_4,True,pre_only
Senna|16.14,P420,Senna,16.14,16.13,,pre,3,MASTER+,BOTTOM,0,observed_new,True,0,observed_new,True,pre_only
Senna|16.14,P433,Senna,16.14,16.13,,pre,8,MASTER+,BOTTOM,,,False,2,limited_1_4,True,pre_only
Senna|16.14,P435,Senna,16.14,16.13,,post,3,MASTER+,UTILITY,4,limited_1_4,True,2,limited_1_4,True,both
Senna|16.14,P435,Senna,16.14,16.13,,pre,4,MASTER+,UTILITY,2,limited_1_4,True,1,limited_1_4,True,both
Senna|16.14,P436,Senna,16.14,16.13,,pre,1,MASTER+,BOTTOM,,,False,2,limited_1_4,True,pre_only
Senna|16.14,P437,Senna,16.14,16.13,,pre,7,MASTER+,UTILITY,2,limited_1_4,True,0,observed_new,True,pre_only
Senna|16.14,P439,Senna,16.14,16.13,,pre,2,MASTER+,MIDDLE,0,observed_new,True,0,observed_new,True,pre_only
Senna|16.14,P444,Senna,16.14,16.13,,post,1,MASTER+,UTILITY,0,observed_new,True,0,observed_new,True,post_only
Senna|16.14,P447,Senna,16.14,16.13,,post,6,MASTER+,UTILITY,4,limited_1_4,True,3,limited_1_4,True,both
Senna|16.14,P447,Senna,16.14,16.13,,pre,3,MASTER+,UTILITY,7,established_5plus,True,0,observed_new,True,both
Senna|16.14,P448,Senna,16.14,16.13,,pre,1,MASTER+,UTILITY,0,observed_new,True,0,observed_new,True,pre_only
Senna|16.14,P467,Senna,16.14,16.13,,post,12,MASTER+,BOTTOM,16,established_5plus,True,10,established_5plus,True,both
Senna|16.14,P467,Senna,16.14,16.13,,pre,10,MASTER+,BOTTOM,16,established_5plus,True,0,observed_new,True,both
Senna|16.14,P484,Senna,16.14,16.13,,post,5,MASTER+,BOTTOM,5,established_5plus,True,5,established_5plus,True,post_only
Senna|16.14,P485,Senna,16.14,16.13,,post,12,MASTER+,BOTTOM,7,established_5plus,True,5,established_5plus,True,post_only
Senna|16.14,P490,Senna,16.14,16.13,,post,1,MASTER+,BOTTOM,0,observed_new,True,0,observed_new,True,post_only
Senna|16.14,P492,Senna,16.14,16.13,,pre,1,MASTER+,BOTTOM,0,observed_new,True,0,observed_new,True,pre_only
Seraphine|16.14,P003,Seraphine,16.14,16.13,,pre,2,GOLD,UTILITY,46,established_5plus,True,17,established_5plus,True,pre_only
Seraphine|16.14,P009,Seraphine,16.14,16.13,,pre,1,GOLD,UTILITY,,,False,,,False,pre_only
Seraphine|16.14,P028,Seraphine,16.14,16.13,,post,4,GOLD,MIDDLE,3,limited_1_4,True,3,limited_1_4,True,both
Seraphine|16.14,P028,Seraphine,16.14,16.13,,pre,3,GOLD,MIDDLE,0,observed_new,True,0,observed_new,True,both
Seraphine|16.14,P035,Seraphine,16.14,16.13,,post,4,GOLD,UTILITY,25,established_5plus,True,18,established_5plus,True,both
Seraphine|16.14,P035,Seraphine,16.14,16.13,,pre,17,GOLD,UTILITY,11,established_5plus,True,6,established_5plus,True,both
Seraphine|16.14,P063,Seraphine,16.14,16.13,,pre,1,GOLD,MIDDLE,0,observed_new,True,0,observed_new,True,pre_only
Seraphine|16.14,P068,Seraphine,16.14,16.13,,pre,1,GOLD,BOTTOM,,,False,1,limited_1_4,True,pre_only
Seraphine|16.14,P089,Seraphine,16.14,16.13,,pre,2,GOLD,UTILITY,,,False,,,False,pre_only
Seraphine|16.14,P102,Seraphine,16.14,16.13,,pre,1,PLATINUM,BOTTOM,,,False,0,observed_new,True,pre_only
Seraphine|16.14,P108,Seraphine,16.14,16.13,,pre,1,PLATINUM,MIDDLE,0,observed_new,True,0,observed_new,True,pre_only
Seraphine|16.14,P135,Seraphine,16.14,16.13,,post,2,PLATINUM,MIDDLE,,,False,,,False,post_only
Seraphine|16.14,P151,Seraphine,16.14,16.13,,pre,1,PLATINUM,UTILITY,0,observed_new,True,0,observed_new,True,pre_only
Seraphine|16.14,P153,Seraphine,16.14,16.13,,post,1,PLATINUM,UTILITY,0,observed_new,True,0,observed_new,True,post_only
Seraphine|16.14,P175,Seraphine,16.14,16.13,,post,1,PLATINUM,UTILITY,,,False,4,limited_1_4,True,both
Seraphine|16.14,P175,Seraphine,16.14,16.13,,pre,1,PLATINUM,UTILITY,,,False,3,limited_1_4,True,both
Seraphine|16.14,P183,Seraphine,16.14,16.13,,pre,2,PLATINUM,UTILITY,1,limited_1_4,True,1,limited_1_4,True,pre_only
Seraphine|16.14,P186,Seraphine,16.14,16.13,,post,1,PLATINUM,JUNGLE,2,limited_1_4,True,0,observed_new,True,post_only
Seraphine|16.14,P211,Seraphine,16.14,16.13,,pre,1,EMERALD,BOTTOM,5,established_5plus,True,5,established_5plus,True,pre_only
Seraphine|16.14,P226,Seraphine,16.14,16.13,,pre,1,EMERALD,JUNGLE,,,False,2,limited_1_4,True,pre_only
Seraphine|16.14,P238,Seraphine,16.14,16.13,,pre,1,EMERALD,JUNGLE,0,observed_new,True,0,observed_new,True,pre_only
Seraphine|16.14,P246,Seraphine,16.14,16.13,,pre,1,EMERALD,BOTTOM,0,observed_new,True,0,observed_new,True,pre_only
Seraphine|16.14,P247,Seraphine,16.14,16.13,,post,1,EMERALD,MIDDLE,4,limited_1_4,True,3,limited_1_4,True,both
Seraphine|16.14,P247,Seraphine,16.14,16.13,,pre,3,EMERALD,MIDDLE,,,False,1,limited_1_4,True,both
Seraphine|16.14,P257,Seraphine,16.14,16.13,,post,2,EMERALD,MIDDLE,2,limited_1_4,True,2,limited_1_4,True,both
Seraphine|16.14,P257,Seraphine,16.14,16.13,,pre,2,EMERALD,MIDDLE,0,observed_new,True,0,observed_new,True,both
Seraphine|16.14,P259,Seraphine,16.14,16.13,,post,1,EMERALD,UTILITY,0,observed_new,True,0,observed_new,True,post_only
Seraphine|16.14,P290,Seraphine,16.14,16.13,,post,1,EMERALD,UTILITY,0,observed_new,True,0,observed_new,True,post_only
Seraphine|16.14,P295,Seraphine,16.14,16.13,,pre,1,EMERALD,UTILITY,2,limited_1_4,True,0,observed_new,True,pre_only
Seraphine|16.14,P307,Seraphine,16.14,16.13,,post,1,DIAMOND,BOTTOM,0,observed_new,True,0,observed_new,True,post_only
Seraphine|16.14,P314,Seraphine,16.14,16.13,,pre,2,DIAMOND,BOTTOM,,,False,,,False,pre_only
Seraphine|16.14,P327,Seraphine,16.14,16.13,,post,1,DIAMOND,UTILITY,5,established_5plus,True,3,limited_1_4,True,both
Seraphine|16.14,P327,Seraphine,16.14,16.13,,pre,1,DIAMOND,UTILITY,4,limited_1_4,True,3,limited_1_4,True,both
Seraphine|16.14,P331,Seraphine,16.14,16.13,,post,15,DIAMOND,UTILITY,41,established_5plus,True,20,established_5plus,True,both
Seraphine|16.14,P331,Seraphine,16.14,16.13,,pre,13,DIAMOND,UTILITY,29,established_5plus,True,23,established_5plus,True,both
Seraphine|16.14,P332,Seraphine,16.14,16.13,,post,1,DIAMOND,BOTTOM,1,limited_1_4,True,1,limited_1_4,True,both
Seraphine|16.14,P332,Seraphine,16.14,16.13,,pre,1,DIAMOND,BOTTOM,0,observed_new,True,0,observed_new,True,both
Seraphine|16.14,P341,Seraphine,16.14,16.13,,pre,1,DIAMOND,BOTTOM,0,observed_new,True,0,observed_new,True,pre_only
Seraphine|16.14,P345,Seraphine,16.14,16.13,,post,8,DIAMOND,BOTTOM,7,established_5plus,True,4,limited_1_4,True,both
Seraphine|16.14,P345,Seraphine,16.14,16.13,,pre,1,DIAMOND,BOTTOM,6,established_5plus,True,3,limited_1_4,True,both
Seraphine|16.14,P346,Seraphine,16.14,16.13,,post,2,DIAMOND,MIDDLE,4,limited_1_4,True,0,observed_new,True,post_only
Seraphine|16.14,P347,Seraphine,16.14,16.13,,pre,4,DIAMOND,UTILITY,6,established_5plus,True,2,limited_1_4,True,pre_only
Seraphine|16.14,P359,Seraphine,16.14,16.13,,post,1,DIAMOND,UTILITY,0,observed_new,True,0,observed_new,True,post_only
Seraphine|16.14,P369,Seraphine,16.14,16.13,,post,1,DIAMOND,UTILITY,45,established_5plus,True,29,established_5plus,True,both
Seraphine|16.14,P369,Seraphine,16.14,16.13,,pre,7,DIAMOND,UTILITY,44,established_5plus,True,31,established_5plus,True,both
Seraphine|16.14,P391,Seraphine,16.14,16.13,,pre,3,DIAMOND,UTILITY,5,established_5plus,True,2,limited_1_4,True,pre_only
Seraphine|16.14,P392,Seraphine,16.14,16.13,,post,5,DIAMOND,UTILITY,6,established_5plus,True,2,limited_1_4,True,both
Seraphine|16.14,P392,Seraphine,16.14,16.13,,pre,6,DIAMOND,UTILITY,,,False,0,observed_new,True,both
Seraphine|16.14,P395,Seraphine,16.14,16.13,,pre,1,DIAMOND,BOTTOM,,,False,,,False,pre_only
Seraphine|16.14,P399,Seraphine,16.14,16.13,,pre,1,DIAMOND,JUNGLE,,,False,,,False,pre_only
Seraphine|16.14,P401,Seraphine,16.14,16.13,,pre,1,MASTER+,UTILITY,3,limited_1_4,True,0,observed_new,True,pre_only
Seraphine|16.14,P428,Seraphine,16.14,16.13,,pre,1,MASTER+,MIDDLE,0,observed_new,True,0,observed_new,True,pre_only
Seraphine|16.14,P431,Seraphine,16.14,16.13,,post,6,MASTER+,UTILITY,26,established_5plus,True,13,established_5plus,True,both
Seraphine|16.14,P431,Seraphine,16.14,16.13,,pre,1,MASTER+,UTILITY,25,established_5plus,True,12,established_5plus,True,both
Seraphine|16.14,P432,Seraphine,16.14,16.13,,pre,1,MASTER+,UTILITY,1,limited_1_4,True,1,limited_1_4,True,pre_only
Seraphine|16.14,P435,Seraphine,16.14,16.13,,post,1,MASTER+,UTILITY,7,established_5plus,True,3,limited_1_4,True,both
Seraphine|16.14,P435,Seraphine,16.14,16.13,,pre,7,MASTER+,UTILITY,5,established_5plus,True,1,limited_1_4,True,both
Seraphine|16.14,P437,Seraphine,16.14,16.13,,post,1,MASTER+,UTILITY,24,established_5plus,True,12,established_5plus,True,both
Seraphine|16.14,P437,Seraphine,16.14,16.13,,pre,22,MASTER+,UTILITY,13,established_5plus,True,8,established_5plus,True,both
Seraphine|16.14,P439,Seraphine,16.14,16.13,,post,2,MASTER+,MIDDLE,3,limited_1_4,True,1,limited_1_4,True,both
Seraphine|16.14,P439,Seraphine,16.14,16.13,,pre,2,MASTER+,MIDDLE,6,established_5plus,True,1,limited_1_4,True,both
Seraphine|16.14,P440,Seraphine,16.14,16.13,,pre,1,MASTER+,UTILITY,1,limited_1_4,True,0,observed_new,True,pre_only
Seraphine|16.14,P442,Seraphine,16.14,16.13,,post,3,MASTER+,UTILITY,14,established_5plus,True,12,established_5plus,True,both
Seraphine|16.14,P442,Seraphine,16.14,16.13,,pre,6,MASTER+,UTILITY,10,established_5plus,True,8,established_5plus,True,both
Seraphine|16.14,P444,Seraphine,16.14,16.13,,pre,4,MASTER+,UTILITY,23,established_5plus,True,9,established_5plus,True,pre_only
Seraphine|16.14,P445,Seraphine,16.14,16.13,,pre,1,MASTER+,UTILITY,15,established_5plus,True,6,established_5plus,True,pre_only
Seraphine|16.14,P447,Seraphine,16.14,16.13,,post,5,MASTER+,UTILITY,27,established_5plus,True,1,limited_1_4,True,both
Seraphine|16.14,P447,Seraphine,16.14,16.13,,pre,1,MASTER+,UTILITY,35,established_5plus,True,2,limited_1_4,True,both
Seraphine|16.14,P462,Seraphine,16.14,16.13,,pre,1,MASTER+,MIDDLE,0,observed_new,True,0,observed_new,True,pre_only
Seraphine|16.14,P465,Seraphine,16.14,16.13,,post,2,MASTER+,MIDDLE,,,False,2,limited_1_4,True,both
Seraphine|16.14,P465,Seraphine,16.14,16.13,,pre,1,MASTER+,MIDDLE,,,False,1,limited_1_4,True,both
Seraphine|16.14,P467,Seraphine,16.14,16.13,,post,1,MASTER+,BOTTOM,2,limited_1_4,True,2,limited_1_4,True,both
Seraphine|16.14,P467,Seraphine,16.14,16.13,,pre,2,MASTER+,BOTTOM,0,observed_new,True,0,observed_new,True,both
Seraphine|16.14,P488,Seraphine,16.14,16.13,,post,2,MASTER+,BOTTOM,,,False,15,established_5plus,True,both
Seraphine|16.14,P488,Seraphine,16.14,16.13,,pre,7,MASTER+,BOTTOM,,,False,14,established_5plus,True,both
Seraphine|16.14,P490,Seraphine,16.14,16.13,,post,1,MASTER+,BOTTOM,1,limited_1_4,True,0,observed_new,True,both
Seraphine|16.14,P490,Seraphine,16.14,16.13,,pre,1,MASTER+,BOTTOM,0,observed_new,True,0,observed_new,True,both
Yunara|16.14,P026,Yunara,16.14,16.13,,post,1,GOLD,TOP,,,False,,,False,post_only
Yunara|16.14,P075,Yunara,16.14,16.13,,post,1,GOLD,MIDDLE,,,False,0,observed_new,True,post_only
Yunara|16.14,P079,Yunara,16.14,16.13,,pre,1,GOLD,TOP,0,observed_new,True,0,observed_new,True,pre_only
Yunara|16.14,P161,Yunara,16.14,16.13,,post,2,PLATINUM,MIDDLE,4,limited_1_4,True,0,observed_new,True,both
Yunara|16.14,P161,Yunara,16.14,16.13,,pre,2,PLATINUM,MIDDLE,14,established_5plus,True,13,established_5plus,True,both
Yunara|16.14,P167,Yunara,16.14,16.13,,pre,1,PLATINUM,JUNGLE,,,False,0,observed_new,True,pre_only
Yunara|16.14,P176,Yunara,16.14,16.13,,pre,5,PLATINUM,BOTTOM,12,established_5plus,True,8,established_5plus,True,pre_only
Yunara|16.14,P244,Yunara,16.14,16.13,,post,1,EMERALD,BOTTOM,2,limited_1_4,True,0,observed_new,True,both
Yunara|16.14,P244,Yunara,16.14,16.13,,pre,2,EMERALD,BOTTOM,0,observed_new,True,0,observed_new,True,both
Yunara|16.14,P249,Yunara,16.14,16.13,,post,1,EMERALD,BOTTOM,4,limited_1_4,True,3,limited_1_4,True,post_only
Yunara|16.14,P271,Yunara,16.14,16.13,,post,1,EMERALD,BOTTOM,16,established_5plus,True,0,observed_new,True,post_only
Yunara|16.14,P314,Yunara,16.14,16.13,,pre,1,DIAMOND,BOTTOM,0,observed_new,True,0,observed_new,True,pre_only
Yunara|16.14,P341,Yunara,16.14,16.13,,pre,3,DIAMOND,BOTTOM,0,observed_new,True,0,observed_new,True,pre_only
Yunara|16.14,P344,Yunara,16.14,16.13,,pre,1,DIAMOND,UTILITY,7,established_5plus,True,1,limited_1_4,True,pre_only
Yunara|16.14,P376,Yunara,16.14,16.13,,post,1,DIAMOND,BOTTOM,,,False,,,False,post_only
Yunara|16.14,P383,Yunara,16.14,16.13,,post,4,DIAMOND,BOTTOM,,,False,9,established_5plus,True,both
Yunara|16.14,P383,Yunara,16.14,16.13,,pre,1,DIAMOND,BOTTOM,,,False,8,established_5plus,True,both
Yunara|16.14,P420,Yunara,16.14,16.13,,post,9,MASTER+,BOTTOM,0,observed_new,True,0,observed_new,True,post_only
Yunara|16.14,P427,Yunara,16.14,16.13,,post,11,MASTER+,BOTTOM,10,established_5plus,True,8,established_5plus,True,both
Yunara|16.14,P427,Yunara,16.14,16.13,,pre,8,MASTER+,BOTTOM,13,established_5plus,True,2,limited_1_4,True,both
Yunara|16.14,P433,Yunara,16.14,16.13,,post,13,MASTER+,BOTTOM,,,False,18,established_5plus,True,both
Yunara|16.14,P433,Yunara,16.14,16.13,,pre,5,MASTER+,BOTTOM,,,False,17,established_5plus,True,both
Yunara|16.14,P436,Yunara,16.14,16.13,,post,1,MASTER+,BOTTOM,,,False,0,observed_new,True,post_only
Yunara|16.14,P467,Yunara,16.14,16.13,,pre,5,MASTER+,BOTTOM,0,observed_new,True,0,observed_new,True,pre_only
Yunara|16.14,P481,Yunara,16.14,16.13,,post,3,MASTER+,JUNGLE,2,limited_1_4,True,1,limited_1_4,True,both
Yunara|16.14,P481,Yunara,16.14,16.13,,pre,1,MASTER+,JUNGLE,2,limited_1_4,True,0,observed_new,True,both
Yunara|16.14,P490,Yunara,16.14,16.13,,post,2,MASTER+,BOTTOM,4,limited_1_4,True,2,limited_1_4,True,both
Yunara|16.14,P490,Yunara,16.14,16.13,,pre,2,MASTER+,BOTTOM,6,established_5plus,True,1,limited_1_4,True,both
Yunara|16.14,P492,Yunara,16.14,16.13,,pre,1,MASTER+,BOTTOM,0,observed_new,True,0,observed_new,True,pre_only
Alistar|16.15,P014,Alistar,16.15,16.14,,post,1,GOLD,JUNGLE,1,limited_1_4,True,0,observed_new,True,post_only
Alistar|16.15,P051,Alistar,16.15,16.14,,post,18,GOLD,UTILITY,6,established_5plus,True,6,established_5plus,True,both
Alistar|16.15,P051,Alistar,16.15,16.14,,pre,6,GOLD,UTILITY,0,observed_new,True,0,observed_new,True,both
Alistar|16.15,P053,Alistar,16.15,16.14,,pre,1,GOLD,TOP,0,observed_new,True,0,observed_new,True,pre_only
Alistar|16.15,P071,Alistar,16.15,16.14,,post,1,GOLD,JUNGLE,2,limited_1_4,True,0,observed_new,True,post_only
Alistar|16.15,P236,Alistar,16.15,16.14,,pre,4,EMERALD,UTILITY,,,False,1,limited_1_4,True,pre_only
Alistar|16.15,P290,Alistar,16.15,16.14,,pre,1,EMERALD,UTILITY,0,observed_new,True,0,observed_new,True,pre_only
Alistar|16.15,P327,Alistar,16.15,16.14,,post,2,DIAMOND,UTILITY,1,limited_1_4,True,1,limited_1_4,True,both
Alistar|16.15,P327,Alistar,16.15,16.14,,pre,1,DIAMOND,UTILITY,0,observed_new,True,0,observed_new,True,both
Alistar|16.15,P347,Alistar,16.15,16.14,,post,1,DIAMOND,UTILITY,8,established_5plus,True,6,established_5plus,True,both
Alistar|16.15,P347,Alistar,16.15,16.14,,pre,6,DIAMOND,UTILITY,2,limited_1_4,True,2,limited_1_4,True,both
Alistar|16.15,P375,Alistar,16.15,16.14,,pre,2,DIAMOND,UTILITY,0,observed_new,True,0,observed_new,True,pre_only
Alistar|16.15,P392,Alistar,16.15,16.14,,post,2,DIAMOND,UTILITY,0,observed_new,True,0,observed_new,True,post_only
Alistar|16.15,P402,Alistar,16.15,16.14,,post,1,MASTER+,UTILITY,0,observed_new,True,0,observed_new,True,post_only
Alistar|16.15,P413,Alistar,16.15,16.14,,pre,4,MASTER+,MIDDLE,,,False,2,limited_1_4,True,pre_only
Alistar|16.15,P415,Alistar,16.15,16.14,,post,1,MASTER+,JUNGLE,0,observed_new,True,0,observed_new,True,post_only
Alistar|16.15,P427,Alistar,16.15,16.14,,post,3,MASTER+,BOTTOM,1,limited_1_4,True,0,observed_new,True,post_only
Alistar|16.15,P441,Alistar,16.15,16.14,,post,1,MASTER+,UTILITY,1,limited_1_4,True,1,limited_1_4,True,both
Alistar|16.15,P441,Alistar,16.15,16.14,,pre,1,MASTER+,UTILITY,0,observed_new,True,0,observed_new,True,both
Alistar|16.15,P470,Alistar,16.15,16.14,,post,2,MASTER+,TOP,0,observed_new,True,0,observed_new,True,post_only
Alistar|16.15,P490,Alistar,16.15,16.14,,post,2,MASTER+,BOTTOM,2,limited_1_4,True,0,observed_new,True,both
Alistar|16.15,P490,Alistar,16.15,16.14,,pre,2,MASTER+,BOTTOM,1,limited_1_4,True,0,observed_new,True,both
Locke|16.15,P005,Locke,16.15,16.14,,post,1,GOLD,JUNGLE,,,False,0,observed_new,True,post_only
Locke|16.15,P007,Locke,16.15,16.14,,pre,1,GOLD,TOP,0,observed_new,True,0,observed_new,True,pre_only
Locke|16.15,P020,Locke,16.15,16.14,,pre,1,GOLD,MIDDLE,1,limited_1_4,True,1,limited_1_4,True,pre_only
Locke|16.15,P024,Locke,16.15,16.14,,post,1,GOLD,UTILITY,,,False,0,observed_new,True,post_only
Locke|16.15,P032,Locke,16.15,16.14,,post,1,GOLD,MIDDLE,,,False,0,observed_new,True,post_only
Locke|16.15,P075,Locke,16.15,16.14,,post,32,GOLD,MIDDLE,,,False,12,established_5plus,True,both
Locke|16.15,P075,Locke,16.15,16.14,,pre,6,GOLD,MIDDLE,,,False,6,established_5plus,True,both
Locke|16.15,P109,Locke,16.15,16.14,,pre,1,PLATINUM,MIDDLE,9,established_5plus,True,9,established_5plus,True,pre_only
Locke|16.15,P138,Locke,16.15,16.14,,post,1,PLATINUM,MIDDLE,2,limited_1_4,True,1,limited_1_4,True,both
Locke|16.15,P138,Locke,16.15,16.14,,pre,2,PLATINUM,MIDDLE,0,observed_new,True,0,observed_new,True,both
Locke|16.15,P176,Locke,16.15,16.14,,post,1,PLATINUM,BOTTOM,10,established_5plus,True,2,limited_1_4,True,post_only
Locke|16.15,P186,Locke,16.15,16.14,,post,1,PLATINUM,JUNGLE,0,observed_new,True,0,observed_new,True,post_only
Locke|16.15,P189,Locke,16.15,16.14,,post,1,PLATINUM,TOP,3,limited_1_4,True,0,observed_new,True,post_only
Locke|16.15,P231,Locke,16.15,16.14,,post,1,EMERALD,MIDDLE,0,observed_new,True,0,observed_new,True,post_only
Locke|16.15,P257,Locke,16.15,16.14,,pre,1,EMERALD,MIDDLE,0,observed_new,True,0,observed_new,True,pre_only
Locke|16.15,P262,Locke,16.15,16.14,,post,1,EMERALD,MIDDLE,4,limited_1_4,True,3,limited_1_4,True,both
Locke|16.15,P262,Locke,16.15,16.14,,pre,4,EMERALD,MIDDLE,0,observed_new,True,0,observed_new,True,both
Locke|16.15,P279,Locke,16.15,16.14,,pre,1,EMERALD,BOTTOM,0,observed_new,True,0,observed_new,True,pre_only
Locke|16.15,P335,Locke,16.15,16.14,,pre,2,DIAMOND,MIDDLE,12,established_5plus,True,12,established_5plus,True,pre_only
Locke|16.15,P354,Locke,16.15,16.14,,pre,4,DIAMOND,MIDDLE,2,limited_1_4,True,2,limited_1_4,True,pre_only
Locke|16.15,P356,Locke,16.15,16.14,,post,1,DIAMOND,MIDDLE,2,limited_1_4,True,1,limited_1_4,True,post_only
Locke|16.15,P376,Locke,16.15,16.14,,pre,1,DIAMOND,BOTTOM,,,False,,,False,pre_only
Locke|16.15,P390,Locke,16.15,16.14,,pre,1,DIAMOND,TOP,0,observed_new,True,0,observed_new,True,pre_only
Locke|16.15,P415,Locke,16.15,16.14,,post,5,MASTER+,JUNGLE,10,established_5plus,True,7,established_5plus,True,both
Locke|16.15,P415,Locke,16.15,16.14,,pre,7,MASTER+,JUNGLE,3,limited_1_4,True,3,limited_1_4,True,both
Locke|16.15,P424,Locke,16.15,16.14,,post,5,MASTER+,JUNGLE,1,limited_1_4,True,1,limited_1_4,True,both
Locke|16.15,P424,Locke,16.15,16.14,,pre,1,MASTER+,JUNGLE,0,observed_new,True,0,observed_new,True,both
Locke|16.15,P426,Locke,16.15,16.14,,post,5,MASTER+,MIDDLE,12,established_5plus,True,7,established_5plus,True,both
Locke|16.15,P426,Locke,16.15,16.14,,pre,6,MASTER+,MIDDLE,9,established_5plus,True,4,limited_1_4,True,both
Locke|16.15,P439,Locke,16.15,16.14,,pre,6,MASTER+,MIDDLE,7,established_5plus,True,7,established_5plus,True,pre_only
Locke|16.15,P452,Locke,16.15,16.14,,pre,2,MASTER+,MIDDLE,6,established_5plus,True,6,established_5plus,True,pre_only
Locke|16.15,P455,Locke,16.15,16.14,,post,2,MASTER+,MIDDLE,12,established_5plus,True,12,established_5plus,True,both
Locke|16.15,P455,Locke,16.15,16.14,,pre,7,MASTER+,MIDDLE,5,established_5plus,True,5,established_5plus,True,both
Locke|16.15,P466,Locke,16.15,16.14,,post,2,MASTER+,MIDDLE,,,False,,,False,both
Locke|16.15,P466,Locke,16.15,16.14,,pre,5,MASTER+,MIDDLE,,,False,,,False,both
Locke|16.15,P472,Locke,16.15,16.14,,post,2,MASTER+,MIDDLE,9,established_5plus,True,2,limited_1_4,True,both
Locke|16.15,P472,Locke,16.15,16.14,,pre,4,MASTER+,MIDDLE,8,established_5plus,True,5,established_5plus,True,both
Maokai|16.15,P101,Maokai,16.15,16.14,,post,6,PLATINUM,TOP,6,established_5plus,True,6,established_5plus,True,both
Maokai|16.15,P101,Maokai,16.15,16.14,,pre,6,PLATINUM,TOP,0,observed_new,True,0,observed_new,True,both
Maokai|16.15,P129,Maokai,16.15,16.14,,pre,1,PLATINUM,UTILITY,24,established_5plus,True,12,established_5plus,True,pre_only
Maokai|16.15,P192,Maokai,16.15,16.14,,pre,1,PLATINUM,TOP,1,limited_1_4,True,1,limited_1_4,True,pre_only
Maokai|16.15,P258,Maokai,16.15,16.14,,post,3,EMERALD,TOP,0,observed_new,True,0,observed_new,True,post_only
Maokai|16.15,P286,Maokai,16.15,16.14,,post,1,EMERALD,TOP,0,observed_new,True,0,observed_new,True,post_only
Maokai|16.15,P296,Maokai,16.15,16.14,,pre,3,EMERALD,UTILITY,9,established_5plus,True,5,established_5plus,True,pre_only
Maokai|16.15,P415,Maokai,16.15,16.14,,post,1,MASTER+,JUNGLE,0,observed_new,True,0,observed_new,True,post_only
Maokai|16.15,P447,Maokai,16.15,16.14,,post,1,MASTER+,UTILITY,0,observed_new,True,0,observed_new,True,post_only
Maokai|16.15,P461,Maokai,16.15,16.14,,post,2,MASTER+,BOTTOM,,,False,0,observed_new,True,post_only
Maokai|16.15,P493,Maokai,16.15,16.14,,post,1,MASTER+,JUNGLE,0,observed_new,True,0,observed_new,True,post_only
Maokai|16.15,P499,Maokai,16.15,16.14,,post,1,MASTER+,TOP,0,observed_new,True,0,observed_new,True,post_only
Mordekaiser|16.15,P024,Mordekaiser,16.15,16.14,,post,1,GOLD,UTILITY,,,False,2,limited_1_4,True,both
Mordekaiser|16.15,P024,Mordekaiser,16.15,16.14,,pre,2,GOLD,UTILITY,,,False,,,False,both
Mordekaiser|16.15,P028,Mordekaiser,16.15,16.14,,post,1,GOLD,MIDDLE,0,observed_new,True,0,observed_new,True,post_only
Mordekaiser|16.15,P051,Mordekaiser,16.15,16.14,,post,2,GOLD,UTILITY,0,observed_new,True,0,observed_new,True,post_only
Mordekaiser|16.15,P070,Mordekaiser,16.15,16.14,,pre,1,GOLD,TOP,4,limited_1_4,True,1,limited_1_4,True,pre_only
Mordekaiser|16.15,P079,Mordekaiser,16.15,16.14,,pre,1,GOLD,TOP,8,established_5plus,True,1,limited_1_4,True,pre_only
Mordekaiser|16.15,P115,Mordekaiser,16.15,16.14,,post,4,PLATINUM,BOTTOM,1,limited_1_4,True,0,observed_new,True,post_only
Mordekaiser|16.15,P135,Mordekaiser,16.15,16.14,,pre,2,PLATINUM,MIDDLE,,,False,,,False,pre_only
Mordekaiser|16.15,P148,Mordekaiser,16.15,16.14,,pre,1,PLATINUM,UTILITY,0,observed_new,True,0,observed_new,True,pre_only
Mordekaiser|16.15,P149,Mordekaiser,16.15,16.14,,post,2,PLATINUM,TOP,20,established_5plus,True,12,established_5plus,True,both
Mordekaiser|16.15,P149,Mordekaiser,16.15,16.14,,pre,10,PLATINUM,TOP,14,established_5plus,True,6,established_5plus,True,both
Mordekaiser|16.15,P168,Mordekaiser,16.15,16.14,,pre,9,PLATINUM,BOTTOM,1,limited_1_4,True,1,limited_1_4,True,pre_only
Mordekaiser|16.15,P186,Mordekaiser,16.15,16.14,,pre,5,PLATINUM,JUNGLE,0,observed_new,True,0,observed_new,True,pre_only
Mordekaiser|16.15,P187,Mordekaiser,16.15,16.14,,pre,3,PLATINUM,UTILITY,,,False,,,False,pre_only
Mordekaiser|16.15,P199,Mordekaiser,16.15,16.14,,pre,2,PLATINUM,TOP,11,established_5plus,True,8,established_5plus,True,pre_only
Mordekaiser|16.15,P204,Mordekaiser,16.15,16.14,,pre,1,EMERALD,MIDDLE,0,observed_new,True,0,observed_new,True,pre_only
Mordekaiser|16.15,P208,Mordekaiser,16.15,16.14,,post,1,EMERALD,JUNGLE,0,observed_new,True,0,observed_new,True,post_only
Mordekaiser|16.15,P217,Mordekaiser,16.15,16.14,,post,1,EMERALD,TOP,0,observed_new,True,0,observed_new,True,post_only
Mordekaiser|16.15,P258,Mordekaiser,16.15,16.14,,post,2,EMERALD,TOP,6,established_5plus,True,2,limited_1_4,True,both
Mordekaiser|16.15,P258,Mordekaiser,16.15,16.14,,pre,6,EMERALD,TOP,2,limited_1_4,True,2,limited_1_4,True,both
Mordekaiser|16.15,P271,Mordekaiser,16.15,16.14,,post,1,EMERALD,BOTTOM,3,limited_1_4,True,3,limited_1_4,True,both
Mordekaiser|16.15,P271,Mordekaiser,16.15,16.14,,pre,3,EMERALD,BOTTOM,2,limited_1_4,True,0,observed_new,True,both
Mordekaiser|16.15,P289,Mordekaiser,16.15,16.14,,pre,3,EMERALD,TOP,4,limited_1_4,True,3,limited_1_4,True,pre_only
Mordekaiser|16.15,P291,Mordekaiser,16.15,16.14,,pre,5,EMERALD,TOP,17,established_5plus,True,8,established_5plus,True,pre_only
Mordekaiser|16.15,P314,Mordekaiser,16.15,16.14,,post,1,DIAMOND,BOTTOM,0,observed_new,True,0,observed_new,True,post_only
Mordekaiser|16.15,P325,Mordekaiser,16.15,16.14,,post,6,DIAMOND,TOP,1,limited_1_4,True,0,observed_new,True,both
Mordekaiser|16.15,P325,Mordekaiser,16.15,16.14,,pre,1,DIAMOND,TOP,2,limited_1_4,True,0,observed_new,True,both
Mordekaiser|16.15,P349,Mordekaiser,16.15,16.14,,pre,1,DIAMOND,TOP,,,False,,,False,pre_only
Mordekaiser|16.15,P350,Mordekaiser,16.15,16.14,,post,1,DIAMOND,TOP,0,observed_new,True,0,observed_new,True,post_only
Mordekaiser|16.15,P367,Mordekaiser,16.15,16.14,,pre,2,DIAMOND,MIDDLE,0,observed_new,True,0,observed_new,True,pre_only
Mordekaiser|16.15,P390,Mordekaiser,16.15,16.14,,post,1,DIAMOND,TOP,0,observed_new,True,0,observed_new,True,post_only
Mordekaiser|16.15,P415,Mordekaiser,16.15,16.14,,pre,1,MASTER+,JUNGLE,0,observed_new,True,0,observed_new,True,pre_only
Mordekaiser|16.15,P422,Mordekaiser,16.15,16.14,,pre,3,MASTER+,MIDDLE,0,observed_new,True,0,observed_new,True,pre_only
Mordekaiser|16.15,P426,Mordekaiser,16.15,16.14,,post,1,MASTER+,MIDDLE,0,observed_new,True,0,observed_new,True,post_only
Mordekaiser|16.15,P436,Mordekaiser,16.15,16.14,,pre,1,MASTER+,BOTTOM,,,False,0,observed_new,True,pre_only
Mordekaiser|16.15,P453,Mordekaiser,16.15,16.14,,post,1,MASTER+,TOP,5,established_5plus,True,3,limited_1_4,True,both
Mordekaiser|16.15,P453,Mordekaiser,16.15,16.14,,pre,2,MASTER+,TOP,3,limited_1_4,True,1,limited_1_4,True,both
Mordekaiser|16.15,P468,Mordekaiser,16.15,16.14,,pre,1,MASTER+,TOP,0,observed_new,True,0,observed_new,True,pre_only
Mordekaiser|16.15,P470,Mordekaiser,16.15,16.14,,pre,1,MASTER+,TOP,0,observed_new,True,0,observed_new,True,pre_only
Mordekaiser|16.15,P471,Mordekaiser,16.15,16.14,,pre,1,MASTER+,TOP,,,False,,,False,pre_only
Mordekaiser|16.15,P472,Mordekaiser,16.15,16.14,,post,2,MASTER+,MIDDLE,1,limited_1_4,True,1,limited_1_4,True,both
Mordekaiser|16.15,P472,Mordekaiser,16.15,16.14,,pre,1,MASTER+,MIDDLE,0,observed_new,True,0,observed_new,True,both
Mordekaiser|16.15,P485,Mordekaiser,16.15,16.14,,pre,2,MASTER+,BOTTOM,0,observed_new,True,0,observed_new,True,pre_only
Mordekaiser|16.15,P492,Mordekaiser,16.15,16.14,,post,1,MASTER+,BOTTOM,0,observed_new,True,0,observed_new,True,post_only
Mordekaiser|16.15,P498,Mordekaiser,16.15,16.14,,pre,2,MASTER+,TOP,1,limited_1_4,True,0,observed_new,True,pre_only
Mordekaiser|16.15,P500,Mordekaiser,16.15,16.14,,post,1,MASTER+,TOP,0,observed_new,True,0,observed_new,True,both
Mordekaiser|16.15,P500,Mordekaiser,16.15,16.14,,pre,7,MASTER+,TOP,0,observed_new,True,0,observed_new,True,both
Naafiri|16.15,P016,Naafiri,16.15,16.14,,post,10,GOLD,JUNGLE,1,limited_1_4,True,1,limited_1_4,True,both
Naafiri|16.15,P016,Naafiri,16.15,16.14,,pre,1,GOLD,JUNGLE,0,observed_new,True,0,observed_new,True,both
Naafiri|16.15,P140,Naafiri,16.15,16.14,,post,3,PLATINUM,BOTTOM,0,observed_new,True,0,observed_new,True,post_only
Naafiri|16.15,P168,Naafiri,16.15,16.14,,pre,1,PLATINUM,BOTTOM,0,observed_new,True,0,observed_new,True,pre_only
Naafiri|16.15,P186,Naafiri,16.15,16.14,,post,4,PLATINUM,JUNGLE,7,established_5plus,True,2,limited_1_4,True,both
Naafiri|16.15,P186,Naafiri,16.15,16.14,,pre,3,PLATINUM,JUNGLE,11,established_5plus,True,4,limited_1_4,True,both
Naafiri|16.15,P189,Naafiri,16.15,16.14,,post,1,PLATINUM,TOP,0,observed_new,True,0,observed_new,True,post_only
Naafiri|16.15,P238,Naafiri,16.15,16.14,,pre,3,EMERALD,JUNGLE,6,established_5plus,True,2,limited_1_4,True,pre_only
Naafiri|16.15,P262,Naafiri,16.15,16.14,,pre,1,EMERALD,MIDDLE,0,observed_new,True,0,observed_new,True,pre_only
Naafiri|16.15,P290,Naafiri,16.15,16.14,,pre,1,EMERALD,UTILITY,1,limited_1_4,True,0,observed_new,True,pre_only
Naafiri|16.15,P293,Naafiri,16.15,16.14,,pre,1,EMERALD,JUNGLE,1,limited_1_4,True,1,limited_1_4,True,pre_only
Naafiri|16.15,P350,Naafiri,16.15,16.14,,post,2,DIAMOND,TOP,0,observed_new,True,0,observed_new,True,post_only
Naafiri|16.15,P362,Naafiri,16.15,16.14,,pre,1,DIAMOND,MIDDLE,0,observed_new,True,0,observed_new,True,pre_only
Naafiri|16.15,P396,Naafiri,16.15,16.14,,post,2,DIAMOND,JUNGLE,,,False,0,observed_new,True,post_only
Naafiri|16.15,P436,Naafiri,16.15,16.14,,post,1,MASTER+,BOTTOM,0,observed_new,True,0,observed_new,True,post_only
Naafiri|16.15,P455,Naafiri,16.15,16.14,,pre,1,MASTER+,MIDDLE,1,limited_1_4,True,0,observed_new,True,pre_only
Naafiri|16.15,P470,Naafiri,16.15,16.14,,pre,1,MASTER+,TOP,0,observed_new,True,0,observed_new,True,pre_only
Naafiri|16.15,P472,Naafiri,16.15,16.14,,post,9,MASTER+,MIDDLE,9,established_5plus,True,2,limited_1_4,True,both
Naafiri|16.15,P472,Naafiri,16.15,16.14,,pre,8,MASTER+,MIDDLE,12,established_5plus,True,3,limited_1_4,True,both
Riven|16.15,P020,Riven,16.15,16.14,,pre,1,GOLD,MIDDLE,0,observed_new,True,0,observed_new,True,pre_only
Riven|16.15,P139,Riven,16.15,16.14,,post,1,PLATINUM,JUNGLE,,,False,,,False,post_only
Riven|16.15,P173,Riven,16.15,16.14,,pre,2,PLATINUM,TOP,96,established_5plus,True,48,established_5plus,True,pre_only
Riven|16.15,P189,Riven,16.15,16.14,,post,1,PLATINUM,TOP,0,observed_new,True,0,observed_new,True,post_only
Riven|16.15,P205,Riven,16.15,16.14,,pre,2,EMERALD,JUNGLE,2,limited_1_4,True,2,limited_1_4,True,pre_only
Riven|16.15,P209,Riven,16.15,16.14,,pre,1,EMERALD,MIDDLE,25,established_5plus,True,13,established_5plus,True,pre_only
Riven|16.15,P238,Riven,16.15,16.14,,pre,1,EMERALD,JUNGLE,0,observed_new,True,0,observed_new,True,pre_only
Riven|16.15,P312,Riven,16.15,16.14,,pre,1,DIAMOND,TOP,0,observed_new,True,0,observed_new,True,pre_only
Riven|16.15,P382,Riven,16.15,16.14,,post,1,DIAMOND,TOP,0,observed_new,True,0,observed_new,True,post_only
Riven|16.15,P415,Riven,16.15,16.14,,post,2,MASTER+,JUNGLE,8,established_5plus,True,7,established_5plus,True,both
Riven|16.15,P415,Riven,16.15,16.14,,pre,7,MASTER+,JUNGLE,1,limited_1_4,True,1,limited_1_4,True,both
Riven|16.15,P422,Riven,16.15,16.14,,post,28,MASTER+,MIDDLE,91,established_5plus,True,44,established_5plus,True,both
Riven|16.15,P422,Riven,16.15,16.14,,pre,27,MASTER+,MIDDLE,95,established_5plus,True,46,established_5plus,True,both
Riven|16.15,P474,Riven,16.15,16.14,,post,2,MASTER+,MIDDLE,,,False,0,observed_new,True,post_only
Riven|16.15,P492,Riven,16.15,16.14,,post,14,MASTER+,BOTTOM,27,established_5plus,True,18,established_5plus,True,both
Riven|16.15,P492,Riven,16.15,16.14,,pre,16,MASTER+,BOTTOM,12,established_5plus,True,10,established_5plus,True,both
Sylas|16.15,P016,Sylas,16.15,16.14,,post,1,GOLD,JUNGLE,0,observed_new,True,0,observed_new,True,post_only
Sylas|16.15,P032,Sylas,16.15,16.14,,post,1,GOLD,MIDDLE,,,False,3,limited_1_4,True,post_only
Sylas|16.15,P051,Sylas,16.15,16.14,,post,7,GOLD,UTILITY,3,limited_1_4,True,0,observed_new,True,both
Sylas|16.15,P051,Sylas,16.15,16.14,,pre,4,GOLD,UTILITY,13,established_5plus,True,10,established_5plus,True,both
Sylas|16.15,P052,Sylas,16.15,16.14,,pre,1,GOLD,MIDDLE,1,limited_1_4,True,0,observed_new,True,pre_only
Sylas|16.15,P055,Sylas,16.15,16.14,,pre,1,GOLD,TOP,,,False,6,established_5plus,True,pre_only
Sylas|16.15,P075,Sylas,16.15,16.14,,post,7,GOLD,MIDDLE,,,False,7,established_5plus,True,both
Sylas|16.15,P075,Sylas,16.15,16.14,,pre,5,GOLD,MIDDLE,,,False,5,established_5plus,True,both
Sylas|16.15,P153,Sylas,16.15,16.14,,pre,1,PLATINUM,UTILITY,0,observed_new,True,0,observed_new,True,pre_only
Sylas|16.15,P160,Sylas,16.15,16.14,,pre,1,PLATINUM,UTILITY,2,limited_1_4,True,1,limited_1_4,True,pre_only
Sylas|16.15,P176,Sylas,16.15,16.14,,post,1,PLATINUM,BOTTOM,0,observed_new,True,0,observed_new,True,post_only
Sylas|16.15,P186,Sylas,16.15,16.14,,post,2,PLATINUM,JUNGLE,2,limited_1_4,True,1,limited_1_4,True,both
Sylas|16.15,P186,Sylas,16.15,16.14,,pre,1,PLATINUM,JUNGLE,1,limited_1_4,True,1,limited_1_4,True,both
Sylas|16.15,P189,Sylas,16.15,16.14,,post,3,PLATINUM,TOP,1,limited_1_4,True,1,limited_1_4,True,post_only
Sylas|16.15,P204,Sylas,16.15,16.14,,pre,3,EMERALD,MIDDLE,3,limited_1_4,True,3,limited_1_4,True,pre_only
Sylas|16.15,P227,Sylas,16.15,16.14,,pre,1,EMERALD,TOP,5,established_5plus,True,4,limited_1_4,True,pre_only
Sylas|16.15,P231,Sylas,16.15,16.14,,post,1,EMERALD,MIDDLE,5,established_5plus,True,3,limited_1_4,True,post_only
Sylas|16.15,P238,Sylas,16.15,16.14,,pre,2,EMERALD,JUNGLE,0,observed_new,True,0,observed_new,True,pre_only
Sylas|16.15,P247,Sylas,16.15,16.14,,pre,1,EMERALD,MIDDLE,0,observed_new,True,0,observed_new,True,pre_only
Sylas|16.15,P257,Sylas,16.15,16.14,,post,1,EMERALD,MIDDLE,3,limited_1_4,True,3,limited_1_4,True,both
Sylas|16.15,P257,Sylas,16.15,16.14,,pre,2,EMERALD,MIDDLE,1,limited_1_4,True,1,limited_1_4,True,both
Sylas|16.15,P262,Sylas,16.15,16.14,,post,1,EMERALD,MIDDLE,2,limited_1_4,True,1,limited_1_4,True,both
Sylas|16.15,P262,Sylas,16.15,16.14,,pre,2,EMERALD,MIDDLE,1,limited_1_4,True,0,observed_new,True,both
Sylas|16.15,P266,Sylas,16.15,16.14,,post,2,EMERALD,MIDDLE,1,limited_1_4,True,1,limited_1_4,True,post_only
Sylas|16.15,P267,Sylas,16.15,16.14,,post,1,EMERALD,JUNGLE,2,limited_1_4,True,0,observed_new,True,post_only
Sylas|16.15,P289,Sylas,16.15,16.14,,pre,1,EMERALD,TOP,4,limited_1_4,True,3,limited_1_4,True,pre_only
Sylas|16.15,P295,Sylas,16.15,16.14,,pre,1,EMERALD,UTILITY,1,limited_1_4,True,0,observed_new,True,pre_only
Sylas|16.15,P306,Sylas,16.15,16.14,,pre,1,DIAMOND,MIDDLE,5,established_5plus,True,5,established_5plus,True,pre_only
Sylas|16.15,P314,Sylas,16.15,16.14,,post,1,DIAMOND,BOTTOM,0,observed_new,True,0,observed_new,True,post_only
Sylas|16.15,P329,Sylas,16.15,16.14,,post,1,DIAMOND,JUNGLE,7,established_5plus,True,4,limited_1_4,True,post_only
Sylas|16.15,P343,Sylas,16.15,16.14,,post,1,DIAMOND,BOTTOM,,,False,,,False,post_only
Sylas|16.15,P346,Sylas,16.15,16.14,,post,1,DIAMOND,MIDDLE,1,limited_1_4,True,1,limited_1_4,True,both
Sylas|16.15,P346,Sylas,16.15,16.14,,pre,1,DIAMOND,MIDDLE,0,observed_new,True,0,observed_new,True,both
Sylas|16.15,P350,Sylas,16.15,16.14,,post,1,DIAMOND,TOP,2,limited_1_4,True,2,limited_1_4,True,both
Sylas|16.15,P350,Sylas,16.15,16.14,,pre,2,DIAMOND,TOP,0,observed_new,True,0,observed_new,True,both
Sylas|16.15,P354,Sylas,16.15,16.14,,pre,1,DIAMOND,MIDDLE,6,established_5plus,True,3,limited_1_4,True,pre_only
Sylas|16.15,P356,Sylas,16.15,16.14,,pre,1,DIAMOND,MIDDLE,1,limited_1_4,True,1,limited_1_4,True,pre_only
Sylas|16.15,P358,Sylas,16.15,16.14,,pre,1,DIAMOND,JUNGLE,,,False,2,limited_1_4,True,pre_only
Sylas|16.15,P361,Sylas,16.15,16.14,,post,7,DIAMOND,MIDDLE,13,established_5plus,True,2,limited_1_4,True,both
Sylas|16.15,P361,Sylas,16.15,16.14,,pre,2,DIAMOND,MIDDLE,19,established_5plus,True,8,established_5plus,True,both
Sylas|16.15,P389,Sylas,16.15,16.14,,post,1,DIAMOND,TOP,0,observed_new,True,0,observed_new,True,post_only
Sylas|16.15,P390,Sylas,16.15,16.14,,pre,3,DIAMOND,TOP,8,established_5plus,True,3,limited_1_4,True,pre_only
Sylas|16.15,P397,Sylas,16.15,16.14,,post,1,DIAMOND,JUNGLE,2,limited_1_4,True,0,observed_new,True,post_only
Sylas|16.15,P403,Sylas,16.15,16.14,,post,2,MASTER+,JUNGLE,4,limited_1_4,True,2,limited_1_4,True,both
Sylas|16.15,P403,Sylas,16.15,16.14,,pre,2,MASTER+,JUNGLE,7,established_5plus,True,2,limited_1_4,True,both
Sylas|16.15,P407,Sylas,16.15,16.14,,pre,3,MASTER+,BOTTOM,0,observed_new,True,0,observed_new,True,pre_only
Sylas|16.15,P409,Sylas,16.15,16.14,,pre,1,MASTER+,BOTTOM,0,observed_new,True,0,observed_new,True,pre_only
Sylas|16.15,P415,Sylas,16.15,16.14,,post,2,MASTER+,JUNGLE,8,established_5plus,True,1,limited_1_4,True,both
Sylas|16.15,P415,Sylas,16.15,16.14,,pre,5,MASTER+,JUNGLE,14,established_5plus,True,4,limited_1_4,True,both
Sylas|16.15,P421,Sylas,16.15,16.14,,post,2,MASTER+,MIDDLE,6,established_5plus,True,5,established_5plus,True,both
Sylas|16.15,P421,Sylas,16.15,16.14,,pre,5,MASTER+,MIDDLE,3,limited_1_4,True,1,limited_1_4,True,both
Sylas|16.15,P423,Sylas,16.15,16.14,,pre,1,MASTER+,UTILITY,3,limited_1_4,True,2,limited_1_4,True,pre_only
Sylas|16.15,P424,Sylas,16.15,16.14,,post,2,MASTER+,JUNGLE,9,established_5plus,True,5,established_5plus,True,post_only
Sylas|16.15,P426,Sylas,16.15,16.14,,post,8,MASTER+,MIDDLE,31,established_5plus,True,16,established_5plus,True,both
Sylas|16.15,P426,Sylas,16.15,16.14,,pre,12,MASTER+,MIDDLE,30,established_5plus,True,16,established_5plus,True,both
Sylas|16.15,P436,Sylas,16.15,16.14,,post,2,MASTER+,BOTTOM,1,limited_1_4,True,0,observed_new,True,post_only
Sylas|16.15,P439,Sylas,16.15,16.14,,pre,1,MASTER+,MIDDLE,3,limited_1_4,True,0,observed_new,True,pre_only
Sylas|16.15,P449,Sylas,16.15,16.14,,post,2,MASTER+,JUNGLE,0,observed_new,True,0,observed_new,True,post_only
Sylas|16.15,P455,Sylas,16.15,16.14,,pre,1,MASTER+,MIDDLE,8,established_5plus,True,7,established_5plus,True,pre_only
Sylas|16.15,P461,Sylas,16.15,16.14,,pre,1,MASTER+,BOTTOM,,,False,,,False,pre_only
Sylas|16.15,P464,Sylas,16.15,16.14,,post,1,MASTER+,JUNGLE,4,limited_1_4,True,2,limited_1_4,True,post_only
Sylas|16.15,P470,Sylas,16.15,16.14,,post,4,MASTER+,TOP,1,limited_1_4,True,1,limited_1_4,True,both
Sylas|16.15,P470,Sylas,16.15,16.14,,pre,1,MASTER+,TOP,0,observed_new,True,0,observed_new,True,both
Sylas|16.15,P474,Sylas,16.15,16.14,,post,2,MASTER+,MIDDLE,,,False,0,observed_new,True,post_only
Sylas|16.15,P481,Sylas,16.15,16.14,,pre,1,MASTER+,JUNGLE,12,established_5plus,True,4,limited_1_4,True,pre_only
Sylas|16.15,P486,Sylas,16.15,16.14,,post,1,MASTER+,JUNGLE,6,established_5plus,True,3,limited_1_4,True,both
Sylas|16.15,P486,Sylas,16.15,16.14,,pre,2,MASTER+,JUNGLE,5,established_5plus,True,3,limited_1_4,True,both
Sylas|16.15,P492,Sylas,16.15,16.14,,post,1,MASTER+,BOTTOM,4,limited_1_4,True,2,limited_1_4,True,both
Sylas|16.15,P492,Sylas,16.15,16.14,,pre,4,MASTER+,BOTTOM,1,limited_1_4,True,0,observed_new,True,both
Volibear|16.15,P014,Volibear,16.15,16.14,,pre,3,GOLD,JUNGLE,13,established_5plus,True,4,limited_1_4,True,pre_only
Volibear|16.15,P138,Volibear,16.15,16.14,,post,1,PLATINUM,MIDDLE,3,limited_1_4,True,1,limited_1_4,True,both
Volibear|16.15,P138,Volibear,16.15,16.14,,pre,3,PLATINUM,MIDDLE,1,limited_1_4,True,0,observed_new,True,both
Volibear|16.15,P145,Volibear,16.15,16.14,,post,1,PLATINUM,TOP,3,limited_1_4,True,2,limited_1_4,True,post_only
Volibear|16.15,P148,Volibear,16.15,16.14,,pre,1,PLATINUM,UTILITY,1,limited_1_4,True,1,limited_1_4,True,pre_only
Volibear|16.15,P186,Volibear,16.15,16.14,,pre,2,PLATINUM,JUNGLE,0,observed_new,True,0,observed_new,True,pre_only
Volibear|16.15,P208,Volibear,16.15,16.14,,post,1,EMERALD,JUNGLE,22,established_5plus,True,15,established_5plus,True,post_only
Volibear|16.15,P390,Volibear,16.15,16.14,,post,2,DIAMOND,TOP,1,limited_1_4,True,1,limited_1_4,True,post_only
Volibear|16.15,P454,Volibear,16.15,16.14,,post,10,MASTER+,JUNGLE,6,established_5plus,True,4,limited_1_4,True,both
Volibear|16.15,P454,Volibear,16.15,16.14,,pre,5,MASTER+,JUNGLE,2,limited_1_4,True,1,limited_1_4,True,both
Volibear|16.15,P465,Volibear,16.15,16.14,,post,1,MASTER+,MIDDLE,,,False,8,established_5plus,True,both
Volibear|16.15,P465,Volibear,16.15,16.14,,pre,3,MASTER+,MIDDLE,,,False,6,established_5plus,True,both
Volibear|16.15,P469,Volibear,16.15,16.14,,post,2,MASTER+,TOP,0,observed_new,True,0,observed_new,True,post_only
Volibear|16.15,P470,Volibear,16.15,16.14,,post,7,MASTER+,TOP,2,limited_1_4,True,2,limited_1_4,True,both
Volibear|16.15,P470,Volibear,16.15,16.14,,pre,2,MASTER+,TOP,0,observed_new,True,0,observed_new,True,both
Volibear|16.15,P497,Volibear,16.15,16.14,,post,2,MASTER+,TOP,8,established_5plus,True,6,established_5plus,True,both
Volibear|16.15,P497,Volibear,16.15,16.14,,pre,6,MASTER+,TOP,8,established_5plus,True,2,limited_1_4,True,both
Volibear|16.15,P498,Volibear,16.15,16.14,,pre,3,MASTER+,TOP,6,established_5plus,True,2,limited_1_4,True,pre_only
Volibear|16.15,P500,Volibear,16.15,16.14,,post,1,MASTER+,TOP,0,observed_new,True,0,observed_new,True,post_only
Zac|16.15,P142,Zac,16.15,16.14,,post,3,PLATINUM,UTILITY,,,False,,,False,post_only
Zac|16.15,P179,Zac,16.15,16.14,,post,30,PLATINUM,JUNGLE,93,established_5plus,True,44,established_5plus,True,both
Zac|16.15,P179,Zac,16.15,16.14,,pre,34,PLATINUM,JUNGLE,95,established_5plus,True,49,established_5plus,True,both
Zac|16.15,P290,Zac,16.15,16.14,,pre,1,EMERALD,UTILITY,0,observed_new,True,0,observed_new,True,pre_only
Zac|16.15,P293,Zac,16.15,16.14,,pre,1,EMERALD,JUNGLE,0,observed_new,True,0,observed_new,True,pre_only
Zac|16.15,P341,Zac,16.15,16.14,,post,3,DIAMOND,BOTTOM,0,observed_new,True,0,observed_new,True,post_only
Zac|16.15,P411,Zac,16.15,16.14,,post,1,MASTER+,UTILITY,13,established_5plus,True,7,established_5plus,True,both
Zac|16.15,P411,Zac,16.15,16.14,,pre,3,MASTER+,UTILITY,11,established_5plus,True,5,established_5plus,True,both
Zac|16.15,P443,Zac,16.15,16.14,,post,4,MASTER+,JUNGLE,5,established_5plus,True,2,limited_1_4,True,both
Zac|16.15,P443,Zac,16.15,16.14,,pre,5,MASTER+,JUNGLE,10,established_5plus,True,3,limited_1_4,True,both
Zac|16.15,P483,Zac,16.15,16.14,,post,58,MASTER+,JUNGLE,98,established_5plus,True,50,established_5plus,True,both
Zac|16.15,P483,Zac,16.15,16.14,,pre,35,MASTER+,JUNGLE,98,established_5plus,True,49,established_5plus,True,both
Zac|16.15,P491,Zac,16.15,16.14,,post,1,MASTER+,BOTTOM,5,established_5plus,True,5,established_5plus,True,both
Zac|16.15,P491,Zac,16.15,16.14,,pre,4,MASTER+,BOTTOM,2,limited_1_4,True,1,limited_1_4,True,both
Azir|16.16,P124,Azir,16.16,16.15,,post,3,PLATINUM,MIDDLE,,,False,0,observed_new,True,post_only
Azir|16.16,P219,Azir,16.16,16.15,,pre,3,EMERALD,MIDDLE,25,established_5plus,True,4,limited_1_4,True,pre_only
Azir|16.16,P223,Azir,16.16,16.15,,post,22,EMERALD,MIDDLE,83,established_5plus,True,44,established_5plus,True,both
Azir|16.16,P223,Azir,16.16,16.15,,pre,92,EMERALD,MIDDLE,85,established_5plus,True,42,established_5plus,True,both
Azir|16.16,P266,Azir,16.16,16.15,,pre,1,EMERALD,MIDDLE,1,limited_1_4,True,0,observed_new,True,pre_only
Azir|16.16,P316,Azir,16.16,16.15,,post,1,DIAMOND,TOP,2,limited_1_4,True,0,observed_new,True,post_only
Azir|16.16,P420,Azir,16.16,16.15,,post,1,MASTER+,BOTTOM,0,observed_new,True,0,observed_new,True,post_only
Azir|16.16,P421,Azir,16.16,16.15,,post,22,MASTER+,MIDDLE,19,established_5plus,True,12,established_5plus,True,both
Azir|16.16,P421,Azir,16.16,16.15,,pre,13,MASTER+,MIDDLE,20,established_5plus,True,7,established_5plus,True,both
Azir|16.16,P438,Azir,16.16,16.15,,post,3,MASTER+,MIDDLE,0,observed_new,True,0,observed_new,True,post_only
Azir|16.16,P452,Azir,16.16,16.15,,post,10,MASTER+,MIDDLE,29,established_5plus,True,14,established_5plus,True,both
Azir|16.16,P452,Azir,16.16,16.15,,pre,1,MASTER+,MIDDLE,28,established_5plus,True,16,established_5plus,True,both
Azir|16.16,P474,Azir,16.16,16.15,,post,3,MASTER+,MIDDLE,0,observed_new,True,0,observed_new,True,post_only
Azir|16.16,P489,Azir,16.16,16.15,,post,3,MASTER+,BOTTOM,0,observed_new,True,0,observed_new,True,post_only
Azir|16.16,P492,Azir,16.16,16.15,,pre,1,MASTER+,BOTTOM,0,observed_new,True,0,observed_new,True,pre_only
Camille|16.16,P024,Camille,16.16,16.15,,pre,1,GOLD,UTILITY,,,False,0,observed_new,True,pre_only
Camille|16.16,P119,Camille,16.16,16.15,,pre,2,PLATINUM,UTILITY,,,False,,,False,pre_only
Camille|16.16,P125,Camille,16.16,16.15,,post,1,PLATINUM,TOP,19,established_5plus,True,11,established_5plus,True,post_only
Camille|16.16,P153,Camille,16.16,16.15,,pre,13,PLATINUM,UTILITY,28,established_5plus,True,28,established_5plus,True,pre_only
Camille|16.16,P160,Camille,16.16,16.15,,post,1,PLATINUM,UTILITY,0,observed_new,True,0,observed_new,True,post_only
Camille|16.16,P205,Camille,16.16,16.15,,pre,1,EMERALD,JUNGLE,0,observed_new,True,0,observed_new,True,pre_only
Camille|16.16,P217,Camille,16.16,16.15,,pre,9,EMERALD,TOP,84,established_5plus,True,41,established_5plus,True,pre_only
Camille|16.16,P238,Camille,16.16,16.15,,post,3,EMERALD,JUNGLE,0,observed_new,True,0,observed_new,True,post_only
Camille|16.16,P252,Camille,16.16,16.15,,post,8,EMERALD,BOTTOM,9,established_5plus,True,7,established_5plus,True,both
Camille|16.16,P252,Camille,16.16,16.15,,pre,4,EMERALD,BOTTOM,7,established_5plus,True,5,established_5plus,True,both
Camille|16.16,P309,Camille,16.16,16.15,,post,1,DIAMOND,TOP,9,established_5plus,True,4,limited_1_4,True,post_only
Camille|16.16,P319,Camille,16.16,16.15,,post,1,DIAMOND,MIDDLE,0,observed_new,True,0,observed_new,True,post_only
Camille|16.16,P324,Camille,16.16,16.15,,post,2,DIAMOND,MIDDLE,16,established_5plus,True,13,established_5plus,True,both
Camille|16.16,P324,Camille,16.16,16.15,,pre,3,DIAMOND,MIDDLE,15,established_5plus,True,13,established_5plus,True,both
Camille|16.16,P327,Camille,16.16,16.15,,post,5,DIAMOND,UTILITY,3,limited_1_4,True,2,limited_1_4,True,both
Camille|16.16,P327,Camille,16.16,16.15,,pre,2,DIAMOND,UTILITY,1,limited_1_4,True,0,observed_new,True,both
Camille|16.16,P359,Camille,16.16,16.15,,pre,2,DIAMOND,UTILITY,0,observed_new,True,0,observed_new,True,pre_only
Camille|16.16,P361,Camille,16.16,16.15,,pre,1,DIAMOND,MIDDLE,19,established_5plus,True,17,established_5plus,True,pre_only
Camille|16.16,P392,Camille,16.16,16.15,,pre,1,DIAMOND,UTILITY,2,limited_1_4,True,1,limited_1_4,True,pre_only
Camille|16.16,P393,Camille,16.16,16.15,,post,1,DIAMOND,TOP,4,limited_1_4,True,4,limited_1_4,True,post_only
Camille|16.16,P402,Camille,16.16,16.15,,post,1,MASTER+,UTILITY,7,established_5plus,True,2,limited_1_4,True,both
Camille|16.16,P402,Camille,16.16,16.15,,pre,7,MASTER+,UTILITY,0,observed_new,True,0,observed_new,True,both
Camille|16.16,P407,Camille,16.16,16.15,,pre,1,MASTER+,BOTTOM,2,limited_1_4,True,0,observed_new,True,pre_only
Camille|16.16,P412,Camille,16.16,16.15,,post,1,MASTER+,TOP,1,limited_1_4,True,0,observed_new,True,post_only
Camille|16.16,P420,Camille,16.16,16.15,,post,2,MASTER+,BOTTOM,2,limited_1_4,True,1,limited_1_4,True,both
Camille|16.16,P420,Camille,16.16,16.15,,pre,2,MASTER+,BOTTOM,2,limited_1_4,True,0,observed_new,True,both
Camille|16.16,P439,Camille,16.16,16.15,,pre,1,MASTER+,MIDDLE,0,observed_new,True,0,observed_new,True,pre_only
Camille|16.16,P440,Camille,16.16,16.15,,post,1,MASTER+,UTILITY,2,limited_1_4,True,1,limited_1_4,True,post_only
Camille|16.16,P470,Camille,16.16,16.15,,post,4,MASTER+,TOP,1,limited_1_4,True,1,limited_1_4,True,both
Camille|16.16,P470,Camille,16.16,16.15,,pre,1,MASTER+,TOP,0,observed_new,True,0,observed_new,True,both
Gwen|16.16,P125,Gwen,16.16,16.15,,post,1,PLATINUM,TOP,1,limited_1_4,True,1,limited_1_4,True,post_only
Gwen|16.16,P186,Gwen,16.16,16.15,,post,5,PLATINUM,JUNGLE,6,established_5plus,True,5,established_5plus,True,both
Gwen|16.16,P186,Gwen,16.16,16.15,,pre,6,PLATINUM,JUNGLE,2,limited_1_4,True,0,observed_new,True,both
Gwen|16.16,P200,Gwen,16.16,16.15,,post,3,PLATINUM,TOP,,,False,,,False,post_only
Gwen|16.16,P230,Gwen,16.16,16.15,,pre,1,EMERALD,JUNGLE,2,limited_1_4,True,2,limited_1_4,True,pre_only
Gwen|16.16,P252,Gwen,16.16,16.15,,post,3,EMERALD,BOTTOM,17,established_5plus,True,0,observed_new,True,post_only
Gwen|16.16,P307,Gwen,16.16,16.15,,post,1,DIAMOND,BOTTOM,0,observed_new,True,0,observed_new,True,post_only
Gwen|16.16,P319,Gwen,16.16,16.15,,post,4,DIAMOND,MIDDLE,0,observed_new,True,0,observed_new,True,post_only
Gwen|16.16,P412,Gwen,16.16,16.15,,post,3,MASTER+,TOP,4,limited_1_4,True,1,limited_1_4,True,post_only
Gwen|16.16,P429,Gwen,16.16,16.15,,post,1,MASTER+,BOTTOM,0,observed_new,True,0,observed_new,True,post_only
Gwen|16.16,P470,Gwen,16.16,16.15,,post,3,MASTER+,TOP,0,observed_new,True,0,observed_new,True,post_only
Kennen|16.16,P205,Kennen,16.16,16.15,,post,1,EMERALD,JUNGLE,0,observed_new,True,0,observed_new,True,post_only
Kennen|16.16,P305,Kennen,16.16,16.15,,pre,1,DIAMOND,BOTTOM,0,observed_new,True,0,observed_new,True,pre_only
Kennen|16.16,P310,Kennen,16.16,16.15,,post,1,DIAMOND,TOP,,,False,22,established_5plus,True,post_only
Kennen|16.16,P438,Kennen,16.16,16.15,,pre,1,MASTER+,MIDDLE,0,observed_new,True,0,observed_new,True,pre_only
Kennen|16.16,P471,Kennen,16.16,16.15,,post,3,MASTER+,TOP,,,False,0,observed_new,True,post_only
Kennen|16.16,P475,Kennen,16.16,16.15,,post,1,MASTER+,TOP,0,observed_new,True,0,observed_new,True,post_only
Kennen|16.16,P491,Kennen,16.16,16.15,,post,2,MASTER+,BOTTOM,0,observed_new,True,0,observed_new,True,post_only
Nasus|16.16,P024,Nasus,16.16,16.15,,post,1,GOLD,UTILITY,2,limited_1_4,True,0,observed_new,True,both
Nasus|16.16,P024,Nasus,16.16,16.15,,pre,1,GOLD,UTILITY,,,False,,,False,both
Nasus|16.16,P051,Nasus,16.16,16.15,,post,1,GOLD,UTILITY,0,observed_new,True,0,observed_new,True,post_only
Nasus|16.16,P052,Nasus,16.16,16.15,,pre,1,GOLD,MIDDLE,0,observed_new,True,0,observed_new,True,pre_only
Nasus|16.16,P053,Nasus,16.16,16.15,,pre,1,GOLD,TOP,0,observed_new,True,0,observed_new,True,pre_only
Nasus|16.16,P054,Nasus,16.16,16.15,,pre,1,GOLD,TOP,3,limited_1_4,True,2,limited_1_4,True,pre_only
Nasus|16.16,P074,Nasus,16.16,16.15,,post,1,GOLD,TOP,,,False,0,observed_new,True,post_only
Nasus|16.16,P135,Nasus,16.16,16.15,,post,1,PLATINUM,MIDDLE,,,False,0,observed_new,True,post_only
Nasus|16.16,P136,Nasus,16.16,16.15,,pre,6,PLATINUM,MIDDLE,0,observed_new,True,0,observed_new,True,pre_only
Nasus|16.16,P153,Nasus,16.16,16.15,,post,1,PLATINUM,UTILITY,0,observed_new,True,0,observed_new,True,post_only
Nasus|16.16,P160,Nasus,16.16,16.15,,post,3,PLATINUM,UTILITY,2,limited_1_4,True,0,observed_new,True,post_only
Nasus|16.16,P189,Nasus,16.16,16.15,,post,1,PLATINUM,TOP,0,observed_new,True,0,observed_new,True,post_only
Nasus|16.16,P193,Nasus,16.16,16.15,,post,1,PLATINUM,JUNGLE,0,observed_new,True,0,observed_new,True,post_only
Nasus|16.16,P199,Nasus,16.16,16.15,,post,1,PLATINUM,TOP,0,observed_new,True,0,observed_new,True,post_only
Nasus|16.16,P200,Nasus,16.16,16.15,,post,2,PLATINUM,TOP,,,False,,,False,post_only
Nasus|16.16,P205,Nasus,16.16,16.15,,post,3,EMERALD,JUNGLE,2,limited_1_4,True,2,limited_1_4,True,both
Nasus|16.16,P205,Nasus,16.16,16.15,,pre,2,EMERALD,JUNGLE,0,observed_new,True,0,observed_new,True,both
Nasus|16.16,P227,Nasus,16.16,16.15,,post,3,EMERALD,TOP,2,limited_1_4,True,2,limited_1_4,True,post_only
Nasus|16.16,P230,Nasus,16.16,16.15,,post,1,EMERALD,JUNGLE,0,observed_new,True,0,observed_new,True,post_only
Nasus|16.16,P258,Nasus,16.16,16.15,,post,2,EMERALD,TOP,3,limited_1_4,True,1,limited_1_4,True,both
Nasus|16.16,P258,Nasus,16.16,16.15,,pre,2,EMERALD,TOP,1,limited_1_4,True,1,limited_1_4,True,both
Nasus|16.16,P262,Nasus,16.16,16.15,,pre,1,EMERALD,MIDDLE,0,observed_new,True,0,observed_new,True,pre_only
Nasus|16.16,P265,Nasus,16.16,16.15,,post,3,EMERALD,MIDDLE,1,limited_1_4,True,0,observed_new,True,post_only
Nasus|16.16,P271,Nasus,16.16,16.15,,pre,1,EMERALD,BOTTOM,0,observed_new,True,0,observed_new,True,pre_only
Nasus|16.16,P303,Nasus,16.16,16.15,,post,4,DIAMOND,UTILITY,0,observed_new,True,0,observed_new,True,post_only
Nasus|16.16,P319,Nasus,16.16,16.15,,post,1,DIAMOND,MIDDLE,2,limited_1_4,True,0,observed_new,True,post_only
Nasus|16.16,P356,Nasus,16.16,16.15,,pre,6,DIAMOND,MIDDLE,0,observed_new,True,0,observed_new,True,pre_only
Nasus|16.16,P362,Nasus,16.16,16.15,,post,2,DIAMOND,MIDDLE,26,established_5plus,True,4,limited_1_4,True,both
Nasus|16.16,P362,Nasus,16.16,16.15,,pre,3,DIAMOND,MIDDLE,31,established_5plus,True,9,established_5plus,True,both
Nasus|16.16,P366,Nasus,16.16,16.15,,post,2,DIAMOND,MIDDLE,0,observed_new,True,0,observed_new,True,post_only
Nasus|16.16,P397,Nasus,16.16,16.15,,post,2,DIAMOND,JUNGLE,0,observed_new,True,0,observed_new,True,post_only
Nasus|16.16,P405,Nasus,16.16,16.15,,post,4,MASTER+,UTILITY,11,established_5plus,True,6,established_5plus,True,both
Nasus|16.16,P405,Nasus,16.16,16.15,,pre,5,MASTER+,UTILITY,13,established_5plus,True,5,established_5plus,True,both
Nasus|16.16,P409,Nasus,16.16,16.15,,post,3,MASTER+,BOTTOM,0,observed_new,True,0,observed_new,True,post_only
Nasus|16.16,P412,Nasus,16.16,16.15,,post,4,MASTER+,TOP,0,observed_new,True,0,observed_new,True,post_only
Nasus|16.16,P415,Nasus,16.16,16.15,,post,1,MASTER+,JUNGLE,5,established_5plus,True,1,limited_1_4,True,both
Nasus|16.16,P415,Nasus,16.16,16.15,,pre,1,MASTER+,JUNGLE,6,established_5plus,True,4,limited_1_4,True,both
Nasus|16.16,P416,Nasus,16.16,16.15,,post,2,MASTER+,MIDDLE,1,limited_1_4,True,1,limited_1_4,True,both
Nasus|16.16,P416,Nasus,16.16,16.15,,pre,1,MASTER+,MIDDLE,0,observed_new,True,0,observed_new,True,both
Nasus|16.16,P417,Nasus,16.16,16.15,,post,1,MASTER+,JUNGLE,,,False,0,observed_new,True,post_only
Nasus|16.16,P420,Nasus,16.16,16.15,,post,7,MASTER+,BOTTOM,0,observed_new,True,0,observed_new,True,post_only
Nasus|16.16,P434,Nasus,16.16,16.15,,post,1,MASTER+,UTILITY,0,observed_new,True,0,observed_new,True,post_only
Nasus|16.16,P435,Nasus,16.16,16.15,,pre,1,MASTER+,UTILITY,2,limited_1_4,True,2,limited_1_4,True,pre_only
Nasus|16.16,P453,Nasus,16.16,16.15,,post,1,MASTER+,TOP,0,observed_new,True,0,observed_new,True,post_only
Nasus|16.16,P455,Nasus,16.16,16.15,,post,1,MASTER+,MIDDLE,0,observed_new,True,0,observed_new,True,post_only
Nasus|16.16,P467,Nasus,16.16,16.15,,pre,1,MASTER+,BOTTOM,0,observed_new,True,0,observed_new,True,pre_only
Nasus|16.16,P468,Nasus,16.16,16.15,,post,8,MASTER+,TOP,1,limited_1_4,True,0,observed_new,True,both
Nasus|16.16,P468,Nasus,16.16,16.15,,pre,1,MASTER+,TOP,1,limited_1_4,True,0,observed_new,True,both
Nasus|16.16,P470,Nasus,16.16,16.15,,post,1,MASTER+,TOP,1,limited_1_4,True,0,observed_new,True,both
Nasus|16.16,P470,Nasus,16.16,16.15,,pre,1,MASTER+,TOP,0,observed_new,True,0,observed_new,True,both
Nasus|16.16,P471,Nasus,16.16,16.15,,post,1,MASTER+,TOP,,,False,0,observed_new,True,post_only
Nasus|16.16,P474,Nasus,16.16,16.15,,post,3,MASTER+,MIDDLE,0,observed_new,True,0,observed_new,True,post_only
Nasus|16.16,P478,Nasus,16.16,16.15,,post,9,MASTER+,TOP,1,limited_1_4,True,0,observed_new,True,both
Nasus|16.16,P478,Nasus,16.16,16.15,,pre,1,MASTER+,TOP,1,limited_1_4,True,1,limited_1_4,True,both
Nasus|16.16,P485,Nasus,16.16,16.15,,post,3,MASTER+,BOTTOM,0,observed_new,True,0,observed_new,True,post_only
Nasus|16.16,P498,Nasus,16.16,16.15,,post,4,MASTER+,TOP,0,observed_new,True,0,observed_new,True,post_only
Nasus|16.16,P500,Nasus,16.16,16.15,,post,3,MASTER+,TOP,3,limited_1_4,True,1,limited_1_4,True,both
Nasus|16.16,P500,Nasus,16.16,16.15,,pre,4,MASTER+,TOP,2,limited_1_4,True,0,observed_new,True,both
Poppy|16.16,P024,Poppy,16.16,16.15,,post,1,GOLD,UTILITY,0,observed_new,True,0,observed_new,True,post_only
Poppy|16.16,P158,Poppy,16.16,16.15,,post,2,PLATINUM,JUNGLE,0,observed_new,True,0,observed_new,True,post_only
Poppy|16.16,P160,Poppy,16.16,16.15,,post,3,PLATINUM,UTILITY,3,limited_1_4,True,3,limited_1_4,True,both
Poppy|16.16,P160,Poppy,16.16,16.15,,pre,1,PLATINUM,UTILITY,2,limited_1_4,True,2,limited_1_4,True,both
Poppy|16.16,P186,Poppy,16.16,16.15,,post,1,PLATINUM,JUNGLE,1,limited_1_4,True,0,observed_new,True,both
Poppy|16.16,P186,Poppy,16.16,16.15,,pre,1,PLATINUM,JUNGLE,1,limited_1_4,True,1,limited_1_4,True,both
Poppy|16.16,P258,Poppy,16.16,16.15,,post,1,EMERALD,TOP,0,observed_new,True,0,observed_new,True,post_only
Poppy|16.16,P301,Poppy,16.16,16.15,,post,1,DIAMOND,JUNGLE,0,observed_new,True,0,observed_new,True,post_only
Poppy|16.16,P324,Poppy,16.16,16.15,,pre,1,DIAMOND,MIDDLE,0,observed_new,True,0,observed_new,True,pre_only
Poppy|16.16,P327,Poppy,16.16,16.15,,post,2,DIAMOND,UTILITY,0,observed_new,True,0,observed_new,True,post_only
Poppy|16.16,P368,Poppy,16.16,16.15,,pre,1,DIAMOND,MIDDLE,0,observed_new,True,0,observed_new,True,pre_only
Poppy|16.16,P392,Poppy,16.16,16.15,,pre,1,DIAMOND,UTILITY,2,limited_1_4,True,1,limited_1_4,True,pre_only
Poppy|16.16,P401,Poppy,16.16,16.15,,post,13,MASTER+,UTILITY,2,limited_1_4,True,2,limited_1_4,True,post_only
Poppy|16.16,P402,Poppy,16.16,16.15,,post,1,MASTER+,UTILITY,0,observed_new,True,0,observed_new,True,both
Poppy|16.16,P402,Poppy,16.16,16.15,,pre,1,MASTER+,UTILITY,1,limited_1_4,True,0,observed_new,True,both
Poppy|16.16,P406,Poppy,16.16,16.15,,post,1,MASTER+,JUNGLE,5,established_5plus,True,1,limited_1_4,True,post_only
Poppy|16.16,P413,Poppy,16.16,16.15,,post,8,MASTER+,MIDDLE,1,limited_1_4,True,0,observed_new,True,post_only
Poppy|16.16,P419,Poppy,16.16,16.15,,pre,1,MASTER+,BOTTOM,0,observed_new,True,0,observed_new,True,pre_only
Poppy|16.16,P440,Poppy,16.16,16.15,,pre,1,MASTER+,UTILITY,1,limited_1_4,True,1,limited_1_4,True,pre_only
Poppy|16.16,P447,Poppy,16.16,16.15,,post,9,MASTER+,UTILITY,3,limited_1_4,True,1,limited_1_4,True,both
Poppy|16.16,P447,Poppy,16.16,16.15,,pre,3,MASTER+,UTILITY,0,observed_new,True,0,observed_new,True,both
Poppy|16.16,P448,Poppy,16.16,16.15,,post,3,MASTER+,UTILITY,35,established_5plus,True,11,established_5plus,True,both
Poppy|16.16,P448,Poppy,16.16,16.15,,pre,7,MASTER+,UTILITY,36,established_5plus,True,21,established_5plus,True,both
Poppy|16.16,P468,Poppy,16.16,16.15,,post,1,MASTER+,TOP,0,observed_new,True,0,observed_new,True,post_only
Poppy|16.16,P496,Poppy,16.16,16.15,,post,1,MASTER+,TOP,0,observed_new,True,0,observed_new,True,post_only
Graves|16.17,P016,Graves,16.17,16.16,,pre,1,GOLD,JUNGLE,2,limited_1_4,True,2,limited_1_4,True,pre_only
Graves|16.17,P024,Graves,16.17,16.16,,pre,1,GOLD,UTILITY,0,observed_new,True,0,observed_new,True,pre_only
Graves|16.17,P056,Graves,16.17,16.16,,post,1,GOLD,JUNGLE,5,established_5plus,True,5,established_5plus,True,both
Graves|16.17,P056,Graves,16.17,16.16,,pre,5,GOLD,JUNGLE,0,observed_new,True,0,observed_new,True,both
Graves|16.17,P093,Graves,16.17,16.16,,post,1,GOLD,JUNGLE,8,established_5plus,True,5,established_5plus,True,both
Graves|16.17,P093,Graves,16.17,16.16,,pre,2,GOLD,JUNGLE,7,established_5plus,True,6,established_5plus,True,both
Graves|16.17,P095,Graves,16.17,16.16,,pre,2,GOLD,JUNGLE,,,False,,,False,pre_only
Graves|16.17,P126,Graves,16.17,16.16,,post,2,PLATINUM,JUNGLE,,,False,1,limited_1_4,True,both
Graves|16.17,P126,Graves,16.17,16.16,,pre,1,PLATINUM,JUNGLE,,,False,,,False,both
Graves|16.17,P132,Graves,16.17,16.16,,post,1,PLATINUM,MIDDLE,2,limited_1_4,True,2,limited_1_4,True,both
Graves|16.17,P132,Graves,16.17,16.16,,pre,2,PLATINUM,MIDDLE,0,observed_new,True,0,observed_new,True,both
Graves|16.17,P135,Graves,16.17,16.16,,pre,1,PLATINUM,MIDDLE,,,False,0,observed_new,True,pre_only
Graves|16.17,P193,Graves,16.17,16.16,,post,8,PLATINUM,JUNGLE,0,observed_new,True,0,observed_new,True,post_only
Graves|16.17,P205,Graves,16.17,16.16,,post,2,EMERALD,JUNGLE,5,established_5plus,True,3,limited_1_4,True,both
Graves|16.17,P205,Graves,16.17,16.16,,pre,5,EMERALD,JUNGLE,3,limited_1_4,True,0,observed_new,True,both
Graves|16.17,P254,Graves,16.17,16.16,,post,5,EMERALD,JUNGLE,2,limited_1_4,True,0,observed_new,True,both
Graves|16.17,P254,Graves,16.17,16.16,,pre,2,EMERALD,JUNGLE,0,observed_new,True,0,observed_new,True,both
Graves|16.17,P288,Graves,16.17,16.16,,post,5,EMERALD,JUNGLE,,,False,2,limited_1_4,True,post_only
Graves|16.17,P298,Graves,16.17,16.16,,post,1,EMERALD,JUNGLE,,,False,,,False,post_only
Graves|16.17,P301,Graves,16.17,16.16,,post,1,DIAMOND,JUNGLE,1,limited_1_4,True,1,limited_1_4,True,both
Graves|16.17,P301,Graves,16.17,16.16,,pre,1,DIAMOND,JUNGLE,0,observed_new,True,0,observed_new,True,both
Graves|16.17,P314,Graves,16.17,16.16,,pre,1,DIAMOND,BOTTOM,1,limited_1_4,True,0,observed_new,True,pre_only
Graves|16.17,P346,Graves,16.17,16.16,,pre,1,DIAMOND,MIDDLE,1,limited_1_4,True,0,observed_new,True,pre_only
Graves|16.17,P358,Graves,16.17,16.16,,post,1,DIAMOND,JUNGLE,,,False,3,limited_1_4,True,both
Graves|16.17,P358,Graves,16.17,16.16,,pre,1,DIAMOND,JUNGLE,,,False,6,established_5plus,True,both
Graves|16.17,P359,Graves,16.17,16.16,,pre,1,DIAMOND,UTILITY,0,observed_new,True,0,observed_new,True,pre_only
Graves|16.17,P373,Graves,16.17,16.16,,post,1,DIAMOND,TOP,4,limited_1_4,True,2,limited_1_4,True,both
Graves|16.17,P373,Graves,16.17,16.16,,pre,1,DIAMOND,TOP,3,limited_1_4,True,2,limited_1_4,True,both
Graves|16.17,P382,Graves,16.17,16.16,,post,1,DIAMOND,TOP,0,observed_new,True,0,observed_new,True,post_only
Graves|16.17,P385,Graves,16.17,16.16,,post,1,DIAMOND,BOTTOM,0,observed_new,True,0,observed_new,True,post_only
Graves|16.17,P400,Graves,16.17,16.16,,pre,1,DIAMOND,JUNGLE,1,limited_1_4,True,0,observed_new,True,pre_only
Graves|16.17,P414,Graves,16.17,16.16,,post,2,MASTER+,UTILITY,5,established_5plus,True,4,limited_1_4,True,both
Graves|16.17,P414,Graves,16.17,16.16,,pre,4,MASTER+,UTILITY,2,limited_1_4,True,0,observed_new,True,both
Graves|16.17,P415,Graves,16.17,16.16,,post,22,MASTER+,JUNGLE,10,established_5plus,True,8,established_5plus,True,both
Graves|16.17,P415,Graves,16.17,16.16,,pre,9,MASTER+,JUNGLE,9,established_5plus,True,1,limited_1_4,True,both
Graves|16.17,P421,Graves,16.17,16.16,,post,2,MASTER+,MIDDLE,0,observed_new,True,0,observed_new,True,post_only
Graves|16.17,P425,Graves,16.17,16.16,,post,11,MASTER+,JUNGLE,0,observed_new,True,0,observed_new,True,post_only
Graves|16.17,P429,Graves,16.17,16.16,,pre,1,MASTER+,BOTTOM,0,observed_new,True,0,observed_new,True,pre_only
Graves|16.17,P454,Graves,16.17,16.16,,post,2,MASTER+,JUNGLE,4,limited_1_4,True,0,observed_new,True,post_only
Graves|16.17,P457,Graves,16.17,16.16,,pre,2,MASTER+,BOTTOM,0,observed_new,True,0,observed_new,True,pre_only
Graves|16.17,P474,Graves,16.17,16.16,,pre,1,MASTER+,MIDDLE,0,observed_new,True,0,observed_new,True,pre_only
Graves|16.17,P482,Graves,16.17,16.16,,post,36,MASTER+,JUNGLE,,,False,,,False,both
Graves|16.17,P482,Graves,16.17,16.16,,pre,5,MASTER+,JUNGLE,,,False,,,False,both
Graves|16.17,P487,Graves,16.17,16.16,,pre,14,MASTER+,JUNGLE,,,False,,,False,pre_only
Irelia|16.17,P093,Irelia,16.17,16.16,,pre,2,GOLD,JUNGLE,0,observed_new,True,0,observed_new,True,pre_only
Irelia|16.17,P124,Irelia,16.17,16.16,,pre,2,PLATINUM,MIDDLE,,,False,0,observed_new,True,pre_only
Irelia|16.17,P150,Irelia,16.17,16.16,,post,1,PLATINUM,BOTTOM,0,observed_new,True,0,observed_new,True,post_only
Irelia|16.17,P157,Irelia,16.17,16.16,,post,3,PLATINUM,TOP,0,observed_new,True,0,observed_new,True,post_only
Irelia|16.17,P176,Irelia,16.17,16.16,,post,2,PLATINUM,BOTTOM,0,observed_new,True,0,observed_new,True,post_only
Irelia|16.17,P184,Irelia,16.17,16.16,,pre,2,PLATINUM,TOP,0,observed_new,True,0,observed_new,True,pre_only
Irelia|16.17,P189,Irelia,16.17,16.16,,post,1,PLATINUM,TOP,0,observed_new,True,0,observed_new,True,post_only
Irelia|16.17,P205,Irelia,16.17,16.16,,post,3,EMERALD,JUNGLE,0,observed_new,True,0,observed_new,True,post_only
Irelia|16.17,P252,Irelia,16.17,16.16,,post,6,EMERALD,BOTTOM,7,established_5plus,True,3,limited_1_4,True,both
Irelia|16.17,P252,Irelia,16.17,16.16,,pre,8,EMERALD,BOTTOM,12,established_5plus,True,9,established_5plus,True,both
Irelia|16.17,P274,Irelia,16.17,16.16,,post,1,EMERALD,MIDDLE,2,limited_1_4,True,2,limited_1_4,True,both
Irelia|16.17,P274,Irelia,16.17,16.16,,pre,2,EMERALD,MIDDLE,0,observed_new,True,0,observed_new,True,both
Irelia|16.17,P305,Irelia,16.17,16.16,,pre,1,DIAMOND,BOTTOM,0,observed_new,True,0,observed_new,True,pre_only
Irelia|16.17,P322,Irelia,16.17,16.16,,pre,1,DIAMOND,TOP,9,established_5plus,True,7,established_5plus,True,pre_only
Irelia|16.17,P382,Irelia,16.17,16.16,,post,1,DIAMOND,TOP,0,observed_new,True,0,observed_new,True,post_only
Irelia|16.17,P385,Irelia,16.17,16.16,,post,1,DIAMOND,BOTTOM,0,observed_new,True,0,observed_new,True,post_only
Irelia|16.17,P409,Irelia,16.17,16.16,,post,48,MASTER+,BOTTOM,81,established_5plus,True,44,established_5plus,True,both
Irelia|16.17,P409,Irelia,16.17,16.16,,pre,79,MASTER+,BOTTOM,72,established_5plus,True,37,established_5plus,True,both
Irelia|16.17,P429,Irelia,16.17,16.16,,post,1,MASTER+,BOTTOM,0,observed_new,True,0,observed_new,True,post_only
Irelia|16.17,P474,Irelia,16.17,16.16,,post,5,MASTER+,MIDDLE,0,observed_new,True,0,observed_new,True,both
Irelia|16.17,P474,Irelia,16.17,16.16,,pre,1,MASTER+,MIDDLE,0,observed_new,True,0,observed_new,True,both
Irelia|16.17,P475,Irelia,16.17,16.16,,post,7,MASTER+,TOP,7,established_5plus,True,5,established_5plus,True,both
Irelia|16.17,P475,Irelia,16.17,16.16,,pre,7,MASTER+,TOP,1,limited_1_4,True,0,observed_new,True,both
Irelia|16.17,P482,Irelia,16.17,16.16,,post,1,MASTER+,JUNGLE,,,False,,,False,post_only
Nasus|16.17,P020,Nasus,16.17,16.16,,post,3,GOLD,MIDDLE,0,observed_new,True,0,observed_new,True,post_only
Nasus|16.17,P024,Nasus,16.17,16.16,,pre,1,GOLD,UTILITY,2,limited_1_4,True,0,observed_new,True,pre_only
Nasus|16.17,P051,Nasus,16.17,16.16,,pre,1,GOLD,UTILITY,0,observed_new,True,0,observed_new,True,pre_only
Nasus|16.17,P058,Nasus,16.17,16.16,,post,3,GOLD,JUNGLE,7,established_5plus,True,0,observed_new,True,post_only
Nasus|16.17,P074,Nasus,16.17,16.16,,pre,1,GOLD,TOP,,,False,0,observed_new,True,pre_only
Nasus|16.17,P135,Nasus,16.17,16.16,,pre,1,PLATINUM,MIDDLE,,,False,0,observed_new,True,pre_only
Nasus|16.17,P153,Nasus,16.17,16.16,,post,3,PLATINUM,UTILITY,1,limited_1_4,True,1,limited_1_4,True,both
Nasus|16.17,P153,Nasus,16.17,16.16,,pre,1,PLATINUM,UTILITY,0,observed_new,True,0,observed_new,True,both
Nasus|16.17,P157,Nasus,16.17,16.16,,post,1,PLATINUM,TOP,2,limited_1_4,True,0,observed_new,True,post_only
Nasus|16.17,P160,Nasus,16.17,16.16,,pre,3,PLATINUM,UTILITY,2,limited_1_4,True,0,observed_new,True,pre_only
Nasus|16.17,P187,Nasus,16.17,16.16,,post,1,PLATINUM,UTILITY,1,limited_1_4,True,0,observed_new,True,post_only
Nasus|16.17,P189,Nasus,16.17,16.16,,post,1,PLATINUM,TOP,1,limited_1_4,True,1,limited_1_4,True,both
Nasus|16.17,P189,Nasus,16.17,16.16,,pre,1,PLATINUM,TOP,0,observed_new,True,0,observed_new,True,both
Nasus|16.17,P193,Nasus,16.17,16.16,,post,3,PLATINUM,JUNGLE,1,limited_1_4,True,1,limited_1_4,True,both
Nasus|16.17,P193,Nasus,16.17,16.16,,pre,1,PLATINUM,JUNGLE,0,observed_new,True,0,observed_new,True,both
Nasus|16.17,P199,Nasus,16.17,16.16,,pre,1,PLATINUM,TOP,0,observed_new,True,0,observed_new,True,pre_only
Nasus|16.17,P200,Nasus,16.17,16.16,,pre,2,PLATINUM,TOP,,,False,,,False,pre_only
Nasus|16.17,P205,Nasus,16.17,16.16,,post,2,EMERALD,JUNGLE,5,established_5plus,True,1,limited_1_4,True,both
Nasus|16.17,P205,Nasus,16.17,16.16,,pre,3,EMERALD,JUNGLE,2,limited_1_4,True,2,limited_1_4,True,both
Nasus|16.17,P227,Nasus,16.17,16.16,,pre,3,EMERALD,TOP,2,limited_1_4,True,2,limited_1_4,True,pre_only
Nasus|16.17,P230,Nasus,16.17,16.16,,pre,1,EMERALD,JUNGLE,0,observed_new,True,0,observed_new,True,pre_only
Nasus|16.17,P250,Nasus,16.17,16.16,,post,1,EMERALD,TOP,0,observed_new,True,0,observed_new,True,post_only
Nasus|16.17,P251,Nasus,16.17,16.16,,post,2,EMERALD,TOP,0,observed_new,True,0,observed_new,True,post_only
Nasus|16.17,P258,Nasus,16.17,16.16,,post,12,EMERALD,TOP,4,limited_1_4,True,2,limited_1_4,True,both
Nasus|16.17,P258,Nasus,16.17,16.16,,pre,2,EMERALD,TOP,3,limited_1_4,True,1,limited_1_4,True,both
Nasus|16.17,P265,Nasus,16.17,16.16,,pre,3,EMERALD,MIDDLE,1,limited_1_4,True,0,observed_new,True,pre_only
Nasus|16.17,P271,Nasus,16.17,16.16,,post,4,EMERALD,BOTTOM,0,observed_new,True,0,observed_new,True,post_only
Nasus|16.17,P298,Nasus,16.17,16.16,,post,1,EMERALD,JUNGLE,,,False,,,False,post_only
Nasus|16.17,P303,Nasus,16.17,16.16,,pre,4,DIAMOND,UTILITY,0,observed_new,True,0,observed_new,True,pre_only
Nasus|16.17,P319,Nasus,16.17,16.16,,post,2,DIAMOND,MIDDLE,1,limited_1_4,True,0,observed_new,True,both
Nasus|16.17,P319,Nasus,16.17,16.16,,pre,1,DIAMOND,MIDDLE,2,limited_1_4,True,0,observed_new,True,both
Nasus|16.17,P328,Nasus,16.17,16.16,,post,1,DIAMOND,JUNGLE,0,observed_new,True,0,observed_new,True,post_only
Nasus|16.17,P362,Nasus,16.17,16.16,,post,5,DIAMOND,MIDDLE,20,established_5plus,True,5,established_5plus,True,both
Nasus|16.17,P362,Nasus,16.17,16.16,,pre,2,DIAMOND,MIDDLE,26,established_5plus,True,4,limited_1_4,True,both
Nasus|16.17,P366,Nasus,16.17,16.16,,pre,2,DIAMOND,MIDDLE,0,observed_new,True,0,observed_new,True,pre_only
Nasus|16.17,P382,Nasus,16.17,16.16,,post,2,DIAMOND,TOP,0,observed_new,True,0,observed_new,True,post_only
Nasus|16.17,P395,Nasus,16.17,16.16,,post,1,DIAMOND,BOTTOM,,,False,,,False,post_only
Nasus|16.17,P397,Nasus,16.17,16.16,,pre,2,DIAMOND,JUNGLE,0,observed_new,True,0,observed_new,True,pre_only
Nasus|16.17,P403,Nasus,16.17,16.16,,post,3,MASTER+,JUNGLE,0,observed_new,True,0,observed_new,True,post_only
Nasus|16.17,P405,Nasus,16.17,16.16,,pre,4,MASTER+,UTILITY,11,established_5plus,True,6,established_5plus,True,pre_only
Nasus|16.17,P409,Nasus,16.17,16.16,,pre,3,MASTER+,BOTTOM,0,observed_new,True,0,observed_new,True,pre_only
Nasus|16.17,P412,Nasus,16.17,16.16,,post,2,MASTER+,TOP,4,limited_1_4,True,4,limited_1_4,True,both
Nasus|16.17,P412,Nasus,16.17,16.16,,pre,4,MASTER+,TOP,0,observed_new,True,0,observed_new,True,both
Nasus|16.17,P415,Nasus,16.17,16.16,,pre,1,MASTER+,JUNGLE,5,established_5plus,True,1,limited_1_4,True,pre_only
Nasus|16.17,P416,Nasus,16.17,16.16,,pre,2,MASTER+,MIDDLE,1,limited_1_4,True,1,limited_1_4,True,pre_only
Nasus|16.17,P417,Nasus,16.17,16.16,,pre,1,MASTER+,JUNGLE,,,False,0,observed_new,True,pre_only
Nasus|16.17,P420,Nasus,16.17,16.16,,pre,7,MASTER+,BOTTOM,0,observed_new,True,0,observed_new,True,pre_only
Nasus|16.17,P430,Nasus,16.17,16.16,,post,3,MASTER+,MIDDLE,5,established_5plus,True,1,limited_1_4,True,post_only
Nasus|16.17,P434,Nasus,16.17,16.16,,pre,1,MASTER+,UTILITY,0,observed_new,True,0,observed_new,True,pre_only
Nasus|16.17,P453,Nasus,16.17,16.16,,post,1,MASTER+,TOP,1,limited_1_4,True,1,limited_1_4,True,both
Nasus|16.17,P453,Nasus,16.17,16.16,,pre,1,MASTER+,TOP,0,observed_new,True,0,observed_new,True,both
Nasus|16.17,P455,Nasus,16.17,16.16,,post,1,MASTER+,MIDDLE,1,limited_1_4,True,1,limited_1_4,True,both
Nasus|16.17,P455,Nasus,16.17,16.16,,pre,1,MASTER+,MIDDLE,0,observed_new,True,0,observed_new,True,both
Nasus|16.17,P460,Nasus,16.17,16.16,,post,2,MASTER+,MIDDLE,0,observed_new,True,0,observed_new,True,post_only
Nasus|16.17,P468,Nasus,16.17,16.16,,pre,8,MASTER+,TOP,1,limited_1_4,True,0,observed_new,True,pre_only
Nasus|16.17,P470,Nasus,16.17,16.16,,pre,1,MASTER+,TOP,1,limited_1_4,True,0,observed_new,True,pre_only
Nasus|16.17,P471,Nasus,16.17,16.16,,post,1,MASTER+,TOP,1,limited_1_4,True,0,observed_new,True,both
Nasus|16.17,P471,Nasus,16.17,16.16,,pre,1,MASTER+,TOP,,,False,0,observed_new,True,both
Nasus|16.17,P472,Nasus,16.17,16.16,,post,1,MASTER+,MIDDLE,0,observed_new,True,0,observed_new,True,post_only
Nasus|16.17,P474,Nasus,16.17,16.16,,post,1,MASTER+,MIDDLE,0,observed_new,True,0,observed_new,True,both
Nasus|16.17,P474,Nasus,16.17,16.16,,pre,3,MASTER+,MIDDLE,0,observed_new,True,0,observed_new,True,both
Nasus|16.17,P478,Nasus,16.17,16.16,,post,6,MASTER+,TOP,9,established_5plus,True,9,established_5plus,True,both
Nasus|16.17,P478,Nasus,16.17,16.16,,pre,9,MASTER+,TOP,1,limited_1_4,True,0,observed_new,True,both
Nasus|16.17,P485,Nasus,16.17,16.16,,pre,3,MASTER+,BOTTOM,0,observed_new,True,0,observed_new,True,pre_only
Nasus|16.17,P495,Nasus,16.17,16.16,,post,1,MASTER+,JUNGLE,0,observed_new,True,0,observed_new,True,post_only
Nasus|16.17,P498,Nasus,16.17,16.16,,post,1,MASTER+,TOP,4,limited_1_4,True,4,limited_1_4,True,both
Nasus|16.17,P498,Nasus,16.17,16.16,,pre,4,MASTER+,TOP,0,observed_new,True,0,observed_new,True,both
Nasus|16.17,P500,Nasus,16.17,16.16,,post,1,MASTER+,TOP,2,limited_1_4,True,0,observed_new,True,both
Nasus|16.17,P500,Nasus,16.17,16.16,,pre,3,MASTER+,TOP,3,limited_1_4,True,1,limited_1_4,True,both
Nocturne|16.17,P006,Nocturne,16.17,16.16,,pre,1,GOLD,UTILITY,16,established_5plus,True,12,established_5plus,True,pre_only
Nocturne|16.17,P024,Nocturne,16.17,16.16,,pre,1,GOLD,UTILITY,0,observed_new,True,0,observed_new,True,pre_only
Nocturne|16.17,P056,Nocturne,16.17,16.16,,pre,1,GOLD,JUNGLE,0,observed_new,True,0,observed_new,True,pre_only
Nocturne|16.17,P113,Nocturne,16.17,16.16,,post,2,PLATINUM,JUNGLE,,,False,,,False,post_only
Nocturne|16.17,P186,Nocturne,16.17,16.16,,post,6,PLATINUM,JUNGLE,5,established_5plus,True,3,limited_1_4,True,both
Nocturne|16.17,P186,Nocturne,16.17,16.16,,pre,3,PLATINUM,JUNGLE,5,established_5plus,True,2,limited_1_4,True,both
Nocturne|16.17,P193,Nocturne,16.17,16.16,,post,1,PLATINUM,JUNGLE,0,observed_new,True,0,observed_new,True,post_only
Nocturne|16.17,P196,Nocturne,16.17,16.16,,pre,1,PLATINUM,JUNGLE,,,False,,,False,pre_only
Nocturne|16.17,P205,Nocturne,16.17,16.16,,post,1,EMERALD,JUNGLE,0,observed_new,True,0,observed_new,True,both
Nocturne|16.17,P205,Nocturne,16.17,16.16,,pre,1,EMERALD,JUNGLE,0,observed_new,True,0,observed_new,True,both
Nocturne|16.17,P236,Nocturne,16.17,16.16,,post,1,EMERALD,UTILITY,5,established_5plus,True,2,limited_1_4,True,post_only
Nocturne|16.17,P238,Nocturne,16.17,16.16,,pre,1,EMERALD,JUNGLE,3,limited_1_4,True,3,limited_1_4,True,pre_only
Nocturne|16.17,P254,Nocturne,16.17,16.16,,post,1,EMERALD,JUNGLE,11,established_5plus,True,0,observed_new,True,both
Nocturne|16.17,P254,Nocturne,16.17,16.16,,pre,10,EMERALD,JUNGLE,2,limited_1_4,True,1,limited_1_4,True,both
Nocturne|16.17,P274,Nocturne,16.17,16.16,,pre,1,EMERALD,MIDDLE,3,limited_1_4,True,0,observed_new,True,pre_only
Nocturne|16.17,P342,Nocturne,16.17,16.16,,pre,2,DIAMOND,JUNGLE,1,limited_1_4,True,1,limited_1_4,True,pre_only
Nocturne|16.17,P358,Nocturne,16.17,16.16,,post,1,DIAMOND,JUNGLE,1,limited_1_4,True,1,limited_1_4,True,post_only
Nocturne|16.17,P373,Nocturne,16.17,16.16,,post,2,DIAMOND,TOP,5,established_5plus,True,0,observed_new,True,post_only
Nocturne|16.17,P387,Nocturne,16.17,16.16,,post,42,DIAMOND,JUNGLE,44,established_5plus,True,24,established_5plus,True,both
Nocturne|16.17,P387,Nocturne,16.17,16.16,,pre,47,DIAMOND,JUNGLE,35,established_5plus,True,18,established_5plus,True,both
Nocturne|16.17,P399,Nocturne,16.17,16.16,,pre,1,DIAMOND,JUNGLE,,,False,0,observed_new,True,pre_only
Nocturne|16.17,P403,Nocturne,16.17,16.16,,post,1,MASTER+,JUNGLE,0,observed_new,True,0,observed_new,True,post_only
Nocturne|16.17,P409,Nocturne,16.17,16.16,,pre,2,MASTER+,BOTTOM,0,observed_new,True,0,observed_new,True,pre_only
Nocturne|16.17,P415,Nocturne,16.17,16.16,,post,7,MASTER+,JUNGLE,2,limited_1_4,True,1,limited_1_4,True,both
Nocturne|16.17,P415,Nocturne,16.17,16.16,,pre,2,MASTER+,JUNGLE,0,observed_new,True,0,observed_new,True,both
Nocturne|16.17,P417,Nocturne,16.17,16.16,,pre,1,MASTER+,JUNGLE,,,False,0,observed_new,True,pre_only
Nocturne|16.17,P446,Nocturne,16.17,16.16,,pre,1,MASTER+,JUNGLE,7,established_5plus,True,0,observed_new,True,pre_only
Nocturne|16.17,P450,Nocturne,16.17,16.16,,post,24,MASTER+,JUNGLE,22,established_5plus,True,11,established_5plus,True,both
Nocturne|16.17,P450,Nocturne,16.17,16.16,,pre,2,MASTER+,JUNGLE,20,established_5plus,True,10,established_5plus,True,both
Nocturne|16.17,P452,Nocturne,16.17,16.16,,post,1,MASTER+,MIDDLE,5,established_5plus,True,2,limited_1_4,True,post_only
Nocturne|16.17,P472,Nocturne,16.17,16.16,,pre,1,MASTER+,MIDDLE,0,observed_new,True,0,observed_new,True,pre_only
Nocturne|16.17,P482,Nocturne,16.17,16.16,,post,1,MASTER+,JUNGLE,,,False,0,observed_new,True,post_only
Nocturne|16.17,P487,Nocturne,16.17,16.16,,pre,2,MASTER+,JUNGLE,,,False,0,observed_new,True,pre_only
Nocturne|16.17,P493,Nocturne,16.17,16.16,,pre,5,MASTER+,JUNGLE,9,established_5plus,True,3,limited_1_4,True,pre_only
Nocturne|16.17,P495,Nocturne,16.17,16.16,,post,1,MASTER+,JUNGLE,0,observed_new,True,0,observed_new,True,post_only
Qiyana|16.17,P143,Qiyana,16.17,16.16,,pre,1,PLATINUM,JUNGLE,,,False,,,False,pre_only
Qiyana|16.17,P205,Qiyana,16.17,16.16,,post,1,EMERALD,JUNGLE,0,observed_new,True,0,observed_new,True,post_only
Qiyana|16.17,P288,Qiyana,16.17,16.16,,post,3,EMERALD,JUNGLE,,,False,0,observed_new,True,post_only
Qiyana|16.17,P305,Qiyana,16.17,16.16,,post,2,DIAMOND,BOTTOM,1,limited_1_4,True,0,observed_new,True,post_only
Qiyana|16.17,P319,Qiyana,16.17,16.16,,post,1,DIAMOND,MIDDLE,0,observed_new,True,0,observed_new,True,post_only
Qiyana|16.17,P330,Qiyana,16.17,16.16,,post,12,DIAMOND,MIDDLE,22,established_5plus,True,11,established_5plus,True,post_only
Qiyana|16.17,P381,Qiyana,16.17,16.16,,post,2,DIAMOND,JUNGLE,0,observed_new,True,0,observed_new,True,post_only
Qiyana|16.17,P396,Qiyana,16.17,16.16,,pre,1,DIAMOND,JUNGLE,,,False,2,limited_1_4,True,pre_only
Qiyana|16.17,P417,Qiyana,16.17,16.16,,post,112,MASTER+,JUNGLE,53,established_5plus,True,37,established_5plus,True,both
Qiyana|16.17,P417,Qiyana,16.17,16.16,,pre,92,MASTER+,JUNGLE,,,False,,,False,both
Qiyana|16.17,P419,Qiyana,16.17,16.16,,pre,1,MASTER+,BOTTOM,0,observed_new,True,0,observed_new,True,pre_only
Qiyana|16.17,P424,Qiyana,16.17,16.16,,post,2,MASTER+,JUNGLE,3,limited_1_4,True,0,observed_new,True,post_only
Qiyana|16.17,P429,Qiyana,16.17,16.16,,post,2,MASTER+,BOTTOM,0,observed_new,True,0,observed_new,True,post_only
Qiyana|16.17,P439,Qiyana,16.17,16.16,,post,1,MASTER+,MIDDLE,9,established_5plus,True,8,established_5plus,True,both
Qiyana|16.17,P439,Qiyana,16.17,16.16,,pre,1,MASTER+,MIDDLE,8,established_5plus,True,7,established_5plus,True,both
Qiyana|16.17,P474,Qiyana,16.17,16.16,,post,64,MASTER+,MIDDLE,40,established_5plus,True,18,established_5plus,True,both
Qiyana|16.17,P474,Qiyana,16.17,16.16,,pre,98,MASTER+,MIDDLE,36,established_5plus,True,24,established_5plus,True,both
Qiyana|16.17,P477,Qiyana,16.17,16.16,,post,1,MASTER+,MIDDLE,7,established_5plus,True,2,limited_1_4,True,both
Qiyana|16.17,P477,Qiyana,16.17,16.16,,pre,1,MASTER+,MIDDLE,7,established_5plus,True,5,established_5plus,True,both
Qiyana|16.17,P481,Qiyana,16.17,16.16,,post,20,MASTER+,JUNGLE,42,established_5plus,True,19,established_5plus,True,both
Qiyana|16.17,P481,Qiyana,16.17,16.16,,pre,8,MASTER+,JUNGLE,40,established_5plus,True,18,established_5plus,True,both
Qiyana|16.17,P495,Qiyana,16.17,16.16,,pre,1,MASTER+,JUNGLE,0,observed_new,True,0,observed_new,True,pre_only
Thresh|16.17,P024,Thresh,16.17,16.16,,post,1,GOLD,UTILITY,0,observed_new,True,0,observed_new,True,post_only
Thresh|16.17,P046,Thresh,16.17,16.16,,pre,1,GOLD,JUNGLE,0,observed_new,True,0,observed_new,True,pre_only
Thresh|16.17,P052,Thresh,16.17,16.16,,post,1,GOLD,MIDDLE,0,observed_new,True,0,observed_new,True,post_only
Thresh|16.17,P124,Thresh,16.17,16.16,,pre,1,PLATINUM,MIDDLE,,,False,1,limited_1_4,True,pre_only
Thresh|16.17,P153,Thresh,16.17,16.16,,pre,1,PLATINUM,UTILITY,0,observed_new,True,0,observed_new,True,pre_only
Thresh|16.17,P158,Thresh,16.17,16.16,,pre,1,PLATINUM,JUNGLE,52,established_5plus,True,20,established_5plus,True,pre_only
Thresh|16.17,P160,Thresh,16.17,16.16,,pre,4,PLATINUM,UTILITY,12,established_5plus,True,8,established_5plus,True,pre_only
Thresh|16.17,P166,Thresh,16.17,16.16,,post,1,PLATINUM,BOTTOM,1,limited_1_4,True,0,observed_new,True,both
Thresh|16.17,P166,Thresh,16.17,16.16,,pre,1,PLATINUM,BOTTOM,0,observed_new,True,0,observed_new,True,both
Thresh|16.17,P184,Thresh,16.17,16.16,,pre,2,PLATINUM,TOP,0,observed_new,True,0,observed_new,True,pre_only
Thresh|16.17,P200,Thresh,16.17,16.16,,pre,1,PLATINUM,TOP,,,False,,,False,pre_only
Thresh|16.17,P210,Thresh,16.17,16.16,,post,2,EMERALD,TOP,0,observed_new,True,0,observed_new,True,post_only
Thresh|16.17,P212,Thresh,16.17,16.16,,post,1,EMERALD,UTILITY,10,established_5plus,True,6,established_5plus,True,both
Thresh|16.17,P212,Thresh,16.17,16.16,,pre,1,EMERALD,UTILITY,9,established_5plus,True,5,established_5plus,True,both
Thresh|16.17,P221,Thresh,16.17,16.16,,pre,1,EMERALD,TOP,,,False,,,False,pre_only
Thresh|16.17,P285,Thresh,16.17,16.16,,post,1,EMERALD,UTILITY,2,limited_1_4,True,0,observed_new,True,post_only
Thresh|16.17,P303,Thresh,16.17,16.16,,post,1,DIAMOND,UTILITY,1,limited_1_4,True,0,observed_new,True,post_only
Thresh|16.17,P314,Thresh,16.17,16.16,,pre,1,DIAMOND,BOTTOM,0,observed_new,True,0,observed_new,True,pre_only
Thresh|16.17,P324,Thresh,16.17,16.16,,post,1,DIAMOND,MIDDLE,0,observed_new,True,0,observed_new,True,post_only
Thresh|16.17,P326,Thresh,16.17,16.16,,post,1,DIAMOND,BOTTOM,,,False,1,limited_1_4,True,post_only
Thresh|16.17,P327,Thresh,16.17,16.16,,post,3,DIAMOND,UTILITY,8,established_5plus,True,4,limited_1_4,True,both
Thresh|16.17,P327,Thresh,16.17,16.16,,pre,4,DIAMOND,UTILITY,7,established_5plus,True,3,limited_1_4,True,both
Thresh|16.17,P344,Thresh,16.17,16.16,,post,4,DIAMOND,UTILITY,5,established_5plus,True,3,limited_1_4,True,both
Thresh|16.17,P344,Thresh,16.17,16.16,,pre,3,DIAMOND,UTILITY,2,limited_1_4,True,2,limited_1_4,True,both
Thresh|16.17,P376,Thresh,16.17,16.16,,post,1,DIAMOND,BOTTOM,,,False,,,False,post_only
Thresh|16.17,P379,Thresh,16.17,16.16,,pre,1,DIAMOND,UTILITY,35,established_5plus,True,15,established_5plus,True,pre_only
Thresh|16.17,P392,Thresh,16.17,16.16,,post,2,DIAMOND,UTILITY,1,limited_1_4,True,0,observed_new,True,both
Thresh|16.17,P392,Thresh,16.17,16.16,,pre,1,DIAMOND,UTILITY,1,limited_1_4,True,0,observed_new,True,both
Thresh|16.17,P408,Thresh,16.17,16.16,,post,2,MASTER+,UTILITY,15,established_5plus,True,11,established_5plus,True,both
Thresh|16.17,P408,Thresh,16.17,16.16,,pre,5,MASTER+,UTILITY,10,established_5plus,True,8,established_5plus,True,both
Thresh|16.17,P414,Thresh,16.17,16.16,,post,2,MASTER+,UTILITY,3,limited_1_4,True,0,observed_new,True,post_only
Thresh|16.17,P436,Thresh,16.17,16.16,,pre,1,MASTER+,BOTTOM,0,observed_new,True,0,observed_new,True,pre_only
Thresh|16.17,P438,Thresh,16.17,16.16,,pre,6,MASTER+,MIDDLE,25,established_5plus,True,0,observed_new,True,pre_only
Thresh|16.17,P440,Thresh,16.17,16.16,,post,1,MASTER+,UTILITY,4,limited_1_4,True,3,limited_1_4,True,post_only
Thresh|16.17,P441,Thresh,16.17,16.16,,pre,2,MASTER+,UTILITY,5,established_5plus,True,1,limited_1_4,True,pre_only
Thresh|16.17,P445,Thresh,16.17,16.16,,post,3,MASTER+,UTILITY,0,observed_new,True,0,observed_new,True,post_only
Thresh|16.17,P485,Thresh,16.17,16.16,,post,1,MASTER+,BOTTOM,3,limited_1_4,True,2,limited_1_4,True,both
Thresh|16.17,P485,Thresh,16.17,16.16,,pre,3,MASTER+,BOTTOM,0,observed_new,True,0,observed_new,True,both
Trundle|16.17,P014,Trundle,16.17,16.16,,pre,1,GOLD,JUNGLE,0,observed_new,True,0,observed_new,True,pre_only
Trundle|16.17,P143,Trundle,16.17,16.16,,pre,1,PLATINUM,JUNGLE,,,False,,,False,pre_only
Trundle|16.17,P186,Trundle,16.17,16.16,,post,4,PLATINUM,JUNGLE,3,limited_1_4,True,0,observed_new,True,both
Trundle|16.17,P186,Trundle,16.17,16.16,,pre,1,PLATINUM,JUNGLE,5,established_5plus,True,2,limited_1_4,True,both
Trundle|16.17,P368,Trundle,16.17,16.16,,post,3,DIAMOND,MIDDLE,4,limited_1_4,True,1,limited_1_4,True,both
Trundle|16.17,P368,Trundle,16.17,16.16,,pre,1,DIAMOND,MIDDLE,4,limited_1_4,True,0,observed_new,True,both
Trundle|16.17,P415,Trundle,16.17,16.16,,post,1,MASTER+,JUNGLE,0,observed_new,True,0,observed_new,True,post_only
Trundle|16.17,P425,Trundle,16.17,16.16,,pre,1,MASTER+,JUNGLE,21,established_5plus,True,10,established_5plus,True,pre_only
Trundle|16.17,P447,Trundle,16.17,16.16,,post,1,MASTER+,UTILITY,0,observed_new,True,0,observed_new,True,post_only
Vayne|16.17,P137,Vayne,16.17,16.16,,pre,2,PLATINUM,MIDDLE,3,limited_1_4,True,2,limited_1_4,True,pre_only
Vayne|16.17,P159,Vayne,16.17,16.16,,pre,1,PLATINUM,JUNGLE,,,False,1,limited_1_4,True,pre_only
Vayne|16.17,P189,Vayne,16.17,16.16,,post,1,PLATINUM,TOP,2,limited_1_4,True,0,observed_new,True,post_only
Vayne|16.17,P214,Vayne,16.17,16.16,,post,3,EMERALD,TOP,,,False,,,False,post_only
Vayne|16.17,P219,Vayne,16.17,16.16,,pre,1,EMERALD,MIDDLE,4,limited_1_4,True,4,limited_1_4,True,pre_only
Vayne|16.17,P254,Vayne,16.17,16.16,,post,1,EMERALD,JUNGLE,9,established_5plus,True,0,observed_new,True,both
Vayne|16.17,P254,Vayne,16.17,16.16,,pre,2,EMERALD,JUNGLE,7,established_5plus,True,7,established_5plus,True,both
Vayne|16.17,P259,Vayne,16.17,16.16,,pre,1,EMERALD,UTILITY,1,limited_1_4,True,0,observed_new,True,pre_only
Vayne|16.17,P275,Vayne,16.17,16.16,,pre,3,EMERALD,BOTTOM,12,established_5plus,True,3,limited_1_4,True,pre_only
Vayne|16.17,P305,Vayne,16.17,16.16,,post,1,DIAMOND,BOTTOM,0,observed_new,True,0,observed_new,True,post_only
Vayne|16.17,P350,Vayne,16.17,16.16,,post,4,DIAMOND,TOP,4,limited_1_4,True,2,limited_1_4,True,both
Vayne|16.17,P350,Vayne,16.17,16.16,,pre,4,DIAMOND,TOP,0,observed_new,True,0,observed_new,True,both
Vayne|16.17,P363,Vayne,16.17,16.16,,pre,6,DIAMOND,BOTTOM,16,established_5plus,True,8,established_5plus,True,pre_only
Vayne|16.17,P371,Vayne,16.17,16.16,,pre,11,DIAMOND,BOTTOM,,,False,16,established_5plus,True,pre_only
Vayne|16.17,P398,Vayne,16.17,16.16,,post,1,DIAMOND,JUNGLE,0,observed_new,True,0,observed_new,True,post_only
Vayne|16.17,P412,Vayne,16.17,16.16,,pre,1,MASTER+,TOP,22,established_5plus,True,7,established_5plus,True,pre_only
Vayne|16.17,P419,Vayne,16.17,16.16,,pre,1,MASTER+,BOTTOM,3,limited_1_4,True,1,limited_1_4,True,pre_only
Vayne|16.17,P427,Vayne,16.17,16.16,,post,13,MASTER+,BOTTOM,1,limited_1_4,True,1,limited_1_4,True,post_only
Vayne|16.17,P436,Vayne,16.17,16.16,,pre,2,MASTER+,BOTTOM,1,limited_1_4,True,0,observed_new,True,pre_only
Vayne|16.17,P438,Vayne,16.17,16.16,,pre,1,MASTER+,MIDDLE,0,observed_new,True,0,observed_new,True,pre_only
Vayne|16.17,P459,Vayne,16.17,16.16,,post,1,MASTER+,TOP,1,limited_1_4,True,1,limited_1_4,True,post_only
Vayne|16.17,P470,Vayne,16.17,16.16,,post,4,MASTER+,TOP,4,limited_1_4,True,3,limited_1_4,True,both
Vayne|16.17,P470,Vayne,16.17,16.16,,pre,4,MASTER+,TOP,4,limited_1_4,True,1,limited_1_4,True,both
Vayne|16.17,P475,Vayne,16.17,16.16,,pre,1,MASTER+,TOP,0,observed_new,True,0,observed_new,True,pre_only
Vayne|16.17,P489,Vayne,16.17,16.16,,pre,1,MASTER+,BOTTOM,0,observed_new,True,0,observed_new,True,pre_only
Vayne|16.17,P492,Vayne,16.17,16.16,,post,3,MASTER+,BOTTOM,8,established_5plus,True,4,limited_1_4,True,both
Vayne|16.17,P492,Vayne,16.17,16.16,,pre,3,MASTER+,BOTTOM,11,established_5plus,True,5,established_5plus,True,both
Xerath|16.17,P012,Xerath,16.17,16.16,,pre,2,GOLD,UTILITY,0,observed_new,True,0,observed_new,True,pre_only
Xerath|16.17,P016,Xerath,16.17,16.16,,pre,2,GOLD,JUNGLE,1,limited_1_4,True,1,limited_1_4,True,pre_only
Xerath|16.17,P028,Xerath,16.17,16.16,,post,4,GOLD,MIDDLE,3,limited_1_4,True,2,limited_1_4,True,both
Xerath|16.17,P028,Xerath,16.17,16.16,,pre,1,GOLD,MIDDLE,2,limited_1_4,True,2,limited_1_4,True,both
Xerath|16.17,P115,Xerath,16.17,16.16,,post,1,PLATINUM,BOTTOM,3,limited_1_4,True,3,limited_1_4,True,both
Xerath|16.17,P115,Xerath,16.17,16.16,,pre,3,PLATINUM,BOTTOM,0,observed_new,True,0,observed_new,True,both
Xerath|16.17,P166,Xerath,16.17,16.16,,post,2,PLATINUM,BOTTOM,2,limited_1_4,True,0,observed_new,True,post_only
Xerath|16.17,P184,Xerath,16.17,16.16,,pre,1,PLATINUM,TOP,0,observed_new,True,0,observed_new,True,pre_only
Xerath|16.17,P187,Xerath,16.17,16.16,,pre,2,PLATINUM,UTILITY,0,observed_new,True,0,observed_new,True,pre_only
Xerath|16.17,P205,Xerath,16.17,16.16,,post,1,EMERALD,JUNGLE,4,limited_1_4,True,0,observed_new,True,both
Xerath|16.17,P205,Xerath,16.17,16.16,,pre,4,EMERALD,JUNGLE,1,limited_1_4,True,1,limited_1_4,True,both
Xerath|16.17,P247,Xerath,16.17,16.16,,post,1,EMERALD,MIDDLE,7,established_5plus,True,3,limited_1_4,True,post_only
Xerath|16.17,P258,Xerath,16.17,16.16,,post,1,EMERALD,TOP,0,observed_new,True,0,observed_new,True,post_only
Xerath|16.17,P274,Xerath,16.17,16.16,,post,1,EMERALD,MIDDLE,0,observed_new,True,0,observed_new,True,post_only
Xerath|16.17,P285,Xerath,16.17,16.16,,post,1,EMERALD,UTILITY,0,observed_new,True,0,observed_new,True,post_only
Xerath|16.17,P305,Xerath,16.17,16.16,,pre,2,DIAMOND,BOTTOM,0,observed_new,True,0,observed_new,True,pre_only
Xerath|16.17,P315,Xerath,16.17,16.16,,post,1,DIAMOND,UTILITY,0,observed_new,True,0,observed_new,True,post_only
Xerath|16.17,P400,Xerath,16.17,16.16,,pre,2,DIAMOND,JUNGLE,0,observed_new,True,0,observed_new,True,pre_only
Xerath|16.17,P413,Xerath,16.17,16.16,,post,5,MASTER+,MIDDLE,7,established_5plus,True,1,limited_1_4,True,both
Xerath|16.17,P413,Xerath,16.17,16.16,,pre,4,MASTER+,MIDDLE,7,established_5plus,True,6,established_5plus,True,both
Xerath|16.17,P426,Xerath,16.17,16.16,,post,2,MASTER+,MIDDLE,0,observed_new,True,0,observed_new,True,post_only
Xerath|16.17,P427,Xerath,16.17,16.16,,post,1,MASTER+,BOTTOM,0,observed_new,True,0,observed_new,True,post_only
Xerath|16.17,P435,Xerath,16.17,16.16,,post,3,MASTER+,UTILITY,18,established_5plus,True,7,established_5plus,True,both
Xerath|16.17,P435,Xerath,16.17,16.16,,pre,3,MASTER+,UTILITY,15,established_5plus,True,6,established_5plus,True,both
Xerath|16.17,P440,Xerath,16.17,16.16,,post,2,MASTER+,UTILITY,6,established_5plus,True,3,limited_1_4,True,post_only
Xerath|16.17,P456,Xerath,16.17,16.16,,post,1,MASTER+,TOP,0,observed_new,True,0,observed_new,True,post_only
Xerath|16.17,P460,Xerath,16.17,16.16,,post,4,MASTER+,MIDDLE,5,established_5plus,True,0,observed_new,True,post_only
Xerath|16.17,P462,Xerath,16.17,16.16,,pre,1,MASTER+,MIDDLE,8,established_5plus,True,3,limited_1_4,True,pre_only
Xerath|16.17,P471,Xerath,16.17,16.16,,pre,1,MASTER+,TOP,4,limited_1_4,True,0,observed_new,True,pre_only
Xerath|16.17,P472,Xerath,16.17,16.16,,pre,1,MASTER+,MIDDLE,4,limited_1_4,True,0,observed_new,True,pre_only
Xerath|16.17,P475,Xerath,16.17,16.16,,pre,1,MASTER+,TOP,0,observed_new,True,0,observed_new,True,pre_only
Xerath|16.17,P476,Xerath,16.17,16.16,,post,1,MASTER+,JUNGLE,2,limited_1_4,True,2,limited_1_4,True,both
Xerath|16.17,P476,Xerath,16.17,16.16,,pre,2,MASTER+,JUNGLE,0,observed_new,True,0,observed_new,True,both
Xerath|16.17,P477,Xerath,16.17,16.16,,post,9,MASTER+,MIDDLE,80,established_5plus,True,41,established_5plus,True,both
Xerath|16.17,P477,Xerath,16.17,16.16,,pre,13,MASTER+,MIDDLE,80,established_5plus,True,40,established_5plus,True,both
Yasuo|16.17,P007,Yasuo,16.17,16.16,,post,4,GOLD,TOP,6,established_5plus,True,3,limited_1_4,True,post_only
Yasuo|16.17,P024,Yasuo,16.17,16.16,,pre,1,GOLD,UTILITY,0,observed_new,True,0,observed_new,True,pre_only
Yasuo|16.17,P028,Yasuo,16.17,16.16,,post,1,GOLD,MIDDLE,2,limited_1_4,True,2,limited_1_4,True,post_only
Yasuo|16.17,P051,Yasuo,16.17,16.16,,post,1,GOLD,UTILITY,0,observed_new,True,0,observed_new,True,post_only
Yasuo|16.17,P070,Yasuo,16.17,16.16,,pre,1,GOLD,TOP,1,limited_1_4,True,0,observed_new,True,pre_only
Yasuo|16.17,P108,Yasuo,16.17,16.16,,post,1,PLATINUM,MIDDLE,0,observed_new,True,0,observed_new,True,post_only
Yasuo|16.17,P124,Yasuo,16.17,16.16,,post,2,PLATINUM,MIDDLE,,,False,9,established_5plus,True,both
Yasuo|16.17,P124,Yasuo,16.17,16.16,,pre,4,PLATINUM,MIDDLE,,,False,8,established_5plus,True,both
Yasuo|16.17,P157,Yasuo,16.17,16.16,,post,17,PLATINUM,TOP,1,limited_1_4,True,0,observed_new,True,post_only
Yasuo|16.17,P161,Yasuo,16.17,16.16,,pre,3,PLATINUM,MIDDLE,23,established_5plus,True,18,established_5plus,True,pre_only
Yasuo|16.17,P184,Yasuo,16.17,16.16,,pre,10,PLATINUM,TOP,26,established_5plus,True,15,established_5plus,True,pre_only
Yasuo|16.17,P189,Yasuo,16.17,16.16,,post,3,PLATINUM,TOP,7,established_5plus,True,4,limited_1_4,True,both
Yasuo|16.17,P189,Yasuo,16.17,16.16,,pre,2,PLATINUM,TOP,5,established_5plus,True,3,limited_1_4,True,both
Yasuo|16.17,P190,Yasuo,16.17,16.16,,post,3,PLATINUM,TOP,68,established_5plus,True,37,established_5plus,True,post_only
Yasuo|16.17,P193,Yasuo,16.17,16.16,,post,1,PLATINUM,JUNGLE,0,observed_new,True,0,observed_new,True,post_only
Yasuo|16.17,P205,Yasuo,16.17,16.16,,post,5,EMERALD,JUNGLE,1,limited_1_4,True,0,observed_new,True,both
Yasuo|16.17,P205,Yasuo,16.17,16.16,,pre,1,EMERALD,JUNGLE,1,limited_1_4,True,0,observed_new,True,both
Yasuo|16.17,P214,Yasuo,16.17,16.16,,post,2,EMERALD,TOP,,,False,,,False,post_only
Yasuo|16.17,P239,Yasuo,16.17,16.16,,pre,1,EMERALD,BOTTOM,0,observed_new,True,0,observed_new,True,pre_only
Yasuo|16.17,P271,Yasuo,16.17,16.16,,post,3,EMERALD,BOTTOM,1,limited_1_4,True,0,observed_new,True,both
Yasuo|16.17,P271,Yasuo,16.17,16.16,,pre,1,EMERALD,BOTTOM,0,observed_new,True,0,observed_new,True,both
Yasuo|16.17,P274,Yasuo,16.17,16.16,,pre,2,EMERALD,MIDDLE,2,limited_1_4,True,0,observed_new,True,pre_only
Yasuo|16.17,P275,Yasuo,16.17,16.16,,post,1,EMERALD,BOTTOM,1,limited_1_4,True,1,limited_1_4,True,both
Yasuo|16.17,P275,Yasuo,16.17,16.16,,pre,1,EMERALD,BOTTOM,0,observed_new,True,0,observed_new,True,both
Yasuo|16.17,P337,Yasuo,16.17,16.16,,post,5,DIAMOND,MIDDLE,,,False,40,established_5plus,True,post_only
Yasuo|16.17,P354,Yasuo,16.17,16.16,,pre,1,DIAMOND,MIDDLE,0,observed_new,True,0,observed_new,True,pre_only
Yasuo|16.17,P356,Yasuo,16.17,16.16,,post,11,DIAMOND,MIDDLE,37,established_5plus,True,21,established_5plus,True,both
Yasuo|16.17,P356,Yasuo,16.17,16.16,,pre,9,DIAMOND,MIDDLE,45,established_5plus,True,18,established_5plus,True,both
Yasuo|16.17,P360,Yasuo,16.17,16.16,,post,1,DIAMOND,MIDDLE,2,limited_1_4,True,0,observed_new,True,post_only
Yasuo|16.17,P419,Yasuo,16.17,16.16,,pre,1,MASTER+,BOTTOM,0,observed_new,True,0,observed_new,True,pre_only
Yasuo|16.17,P421,Yasuo,16.17,16.16,,post,49,MASTER+,MIDDLE,38,established_5plus,True,18,established_5plus,True,both
Yasuo|16.17,P421,Yasuo,16.17,16.16,,pre,40,MASTER+,MIDDLE,24,established_5plus,True,14,established_5plus,True,both
Yasuo|16.17,P426,Yasuo,16.17,16.16,,post,1,MASTER+,MIDDLE,1,limited_1_4,True,0,observed_new,True,post_only
Yasuo|16.17,P427,Yasuo,16.17,16.16,,post,9,MASTER+,BOTTOM,4,limited_1_4,True,1,limited_1_4,True,both
Yasuo|16.17,P427,Yasuo,16.17,16.16,,pre,1,MASTER+,BOTTOM,3,limited_1_4,True,2,limited_1_4,True,both
Yasuo|16.17,P429,Yasuo,16.17,16.16,,post,2,MASTER+,BOTTOM,1,limited_1_4,True,0,observed_new,True,post_only
Yasuo|16.17,P438,Yasuo,16.17,16.16,,pre,2,MASTER+,MIDDLE,1,limited_1_4,True,0,observed_new,True,pre_only
Yasuo|16.17,P455,Yasuo,16.17,16.16,,post,7,MASTER+,MIDDLE,13,established_5plus,True,7,established_5plus,True,both
Yasuo|16.17,P455,Yasuo,16.17,16.16,,pre,1,MASTER+,MIDDLE,12,established_5plus,True,10,established_5plus,True,both
Yasuo|16.17,P459,Yasuo,16.17,16.16,,post,2,MASTER+,TOP,1,limited_1_4,True,1,limited_1_4,True,post_only
Yasuo|16.17,P462,Yasuo,16.17,16.16,,post,1,MASTER+,MIDDLE,1,limited_1_4,True,0,observed_new,True,post_only
Yasuo|16.17,P472,Yasuo,16.17,16.16,,post,1,MASTER+,MIDDLE,4,limited_1_4,True,2,limited_1_4,True,both
Yasuo|16.17,P472,Yasuo,16.17,16.16,,pre,3,MASTER+,MIDDLE,3,limited_1_4,True,1,limited_1_4,True,both
Yasuo|16.17,P474,Yasuo,16.17,16.16,,post,7,MASTER+,MIDDLE,0,observed_new,True,0,observed_new,True,both
Yasuo|16.17,P474,Yasuo,16.17,16.16,,pre,1,MASTER+,MIDDLE,2,limited_1_4,True,0,observed_new,True,both
Yasuo|16.17,P475,Yasuo,16.17,16.16,,pre,1,MASTER+,TOP,0,observed_new,True,0,observed_new,True,pre_only
Yasuo|16.17,P480,Yasuo,16.17,16.16,,post,1,MASTER+,TOP,32,established_5plus,True,9,established_5plus,True,both
Yasuo|16.17,P480,Yasuo,16.17,16.16,,pre,6,MASTER+,TOP,34,established_5plus,True,3,limited_1_4,True,both
Yasuo|16.17,P485,Yasuo,16.17,16.16,,post,1,MASTER+,BOTTOM,1,limited_1_4,True,0,observed_new,True,post_only
Yasuo|16.17,P489,Yasuo,16.17,16.16,,post,11,MASTER+,BOTTOM,7,established_5plus,True,0,observed_new,True,both
Yasuo|16.17,P489,Yasuo,16.17,16.16,,pre,7,MASTER+,BOTTOM,13,established_5plus,True,5,established_5plus,True,both
Yone|16.17,P024,Yone,16.17,16.16,,post,1,GOLD,UTILITY,0,observed_new,True,0,observed_new,True,post_only
Yone|16.17,P138,Yone,16.17,16.16,,post,1,PLATINUM,MIDDLE,0,observed_new,True,0,observed_new,True,post_only
Yone|16.17,P157,Yone,16.17,16.16,,post,1,PLATINUM,TOP,2,limited_1_4,True,0,observed_new,True,post_only
Yone|16.17,P184,Yone,16.17,16.16,,post,7,PLATINUM,TOP,24,established_5plus,True,11,established_5plus,True,both
Yone|16.17,P184,Yone,16.17,16.16,,pre,11,PLATINUM,TOP,30,established_5plus,True,11,established_5plus,True,both
Yone|16.17,P187,Yone,16.17,16.16,,post,2,PLATINUM,UTILITY,2,limited_1_4,True,0,observed_new,True,post_only
Yone|16.17,P189,Yone,16.17,16.16,,post,2,PLATINUM,TOP,0,observed_new,True,0,observed_new,True,post_only
Yone|16.17,P193,Yone,16.17,16.16,,post,2,PLATINUM,JUNGLE,3,limited_1_4,True,3,limited_1_4,True,both
Yone|16.17,P193,Yone,16.17,16.16,,pre,3,PLATINUM,JUNGLE,0,observed_new,True,0,observed_new,True,both
Yone|16.17,P205,Yone,16.17,16.16,,post,3,EMERALD,JUNGLE,1,limited_1_4,True,0,observed_new,True,both
Yone|16.17,P205,Yone,16.17,16.16,,pre,1,EMERALD,JUNGLE,3,limited_1_4,True,3,limited_1_4,True,both
Yone|16.17,P219,Yone,16.17,16.16,,post,1,EMERALD,MIDDLE,2,limited_1_4,True,2,limited_1_4,True,both
Yone|16.17,P219,Yone,16.17,16.16,,pre,1,EMERALD,MIDDLE,1,limited_1_4,True,1,limited_1_4,True,both
Yone|16.17,P227,Yone,16.17,16.16,,post,3,EMERALD,TOP,1,limited_1_4,True,1,limited_1_4,True,post_only
Yone|16.17,P238,Yone,16.17,16.16,,pre,1,EMERALD,JUNGLE,0,observed_new,True,0,observed_new,True,pre_only
Yone|16.17,P258,Yone,16.17,16.16,,post,5,EMERALD,TOP,5,established_5plus,True,0,observed_new,True,post_only
Yone|16.17,P275,Yone,16.17,16.16,,pre,1,EMERALD,BOTTOM,2,limited_1_4,True,1,limited_1_4,True,pre_only
Yone|16.17,P298,Yone,16.17,16.16,,post,2,EMERALD,JUNGLE,,,False,,,False,post_only
Yone|16.17,P307,Yone,16.17,16.16,,post,1,DIAMOND,BOTTOM,1,limited_1_4,True,0,observed_new,True,post_only
Yone|16.17,P322,Yone,16.17,16.16,,pre,1,DIAMOND,TOP,2,limited_1_4,True,2,limited_1_4,True,pre_only
Yone|16.17,P346,Yone,16.17,16.16,,pre,1,DIAMOND,MIDDLE,0,observed_new,True,0,observed_new,True,pre_only
Yone|16.17,P354,Yone,16.17,16.16,,pre,1,DIAMOND,MIDDLE,4,limited_1_4,True,1,limited_1_4,True,pre_only
Yone|16.17,P356,Yone,16.17,16.16,,post,1,DIAMOND,MIDDLE,1,limited_1_4,True,0,observed_new,True,post_only
Yone|16.17,P403,Yone,16.17,16.16,,pre,1,MASTER+,JUNGLE,0,observed_new,True,0,observed_new,True,pre_only
Yone|16.17,P412,Yone,16.17,16.16,,post,1,MASTER+,TOP,4,limited_1_4,True,2,limited_1_4,True,both
Yone|16.17,P412,Yone,16.17,16.16,,pre,4,MASTER+,TOP,0,observed_new,True,0,observed_new,True,both
Yone|16.17,P421,Yone,16.17,16.16,,post,7,MASTER+,MIDDLE,6,established_5plus,True,4,limited_1_4,True,both
Yone|16.17,P421,Yone,16.17,16.16,,pre,6,MASTER+,MIDDLE,10,established_5plus,True,5,established_5plus,True,both
Yone|16.17,P424,Yone,16.17,16.16,,post,9,MASTER+,JUNGLE,8,established_5plus,True,1,limited_1_4,True,both
Yone|16.17,P424,Yone,16.17,16.16,,pre,1,MASTER+,JUNGLE,10,established_5plus,True,0,observed_new,True,both
Yone|16.17,P426,Yone,16.17,16.16,,post,2,MASTER+,MIDDLE,3,limited_1_4,True,2,limited_1_4,True,both
Yone|16.17,P426,Yone,16.17,16.16,,pre,1,MASTER+,MIDDLE,3,limited_1_4,True,1,limited_1_4,True,both
Yone|16.17,P429,Yone,16.17,16.16,,post,4,MASTER+,BOTTOM,0,observed_new,True,0,observed_new,True,post_only
Yone|16.17,P436,Yone,16.17,16.16,,pre,1,MASTER+,BOTTOM,0,observed_new,True,0,observed_new,True,pre_only
Yone|16.17,P440,Yone,16.17,16.16,,post,1,MASTER+,UTILITY,1,limited_1_4,True,0,observed_new,True,post_only
Yone|16.17,P455,Yone,16.17,16.16,,post,1,MASTER+,MIDDLE,1,limited_1_4,True,0,observed_new,True,post_only
Yone|16.17,P459,Yone,16.17,16.16,,post,1,MASTER+,TOP,0,observed_new,True,0,observed_new,True,post_only
Yone|16.17,P460,Yone,16.17,16.16,,post,1,MASTER+,MIDDLE,0,observed_new,True,0,observed_new,True,post_only
Yone|16.17,P466,Yone,16.17,16.16,,post,3,MASTER+,MIDDLE,,,False,,,False,both
Yone|16.17,P466,Yone,16.17,16.16,,pre,5,MASTER+,MIDDLE,,,False,,,False,both
Yone|16.17,P474,Yone,16.17,16.16,,post,21,MASTER+,MIDDLE,4,limited_1_4,True,2,limited_1_4,True,both
Yone|16.17,P474,Yone,16.17,16.16,,pre,9,MASTER+,MIDDLE,5,established_5plus,True,1,limited_1_4,True,both
Yone|16.17,P480,Yone,16.17,16.16,,pre,1,MASTER+,TOP,2,limited_1_4,True,0,observed_new,True,pre_only
Yone|16.17,P485,Yone,16.17,16.16,,post,4,MASTER+,BOTTOM,3,limited_1_4,True,3,limited_1_4,True,both
Yone|16.17,P485,Yone,16.17,16.16,,pre,3,MASTER+,BOTTOM,0,observed_new,True,0,observed_new,True,both
Yone|16.17,P489,Yone,16.17,16.16,,post,3,MASTER+,BOTTOM,0,observed_new,True,0,observed_new,True,post_only
Yone|16.17,P492,Yone,16.17,16.16,,post,1,MASTER+,BOTTOM,5,established_5plus,True,1,limited_1_4,True,both
Yone|16.17,P492,Yone,16.17,16.16,,pre,3,MASTER+,BOTTOM,6,established_5plus,True,3,limited_1_4,True,both
