event_id,champion,patch,pre_patch,pre_patch_observed,change_direction,dimension,category,pre_users,post_users,pre_share,post_share,delta_percentage_points,tvd
Akshan|16.1,Akshan,16.1,15.24,True,,rank,GOLD,1,1,0.125,0.25,12.5,0.375
Akshan|16.1,Akshan,16.1,15.24,True,,rank,PLATINUM,2,0,0.25,0.0,-25.0,0.375
Akshan|16.1,Akshan,16.1,15.24,True,,rank,EMERALD,0,0,0.0,0.0,0.0,0.375
Akshan|16.1,Akshan,16.1,15.24,True,,rank,DIAMOND,3,1,0.375,0.25,-12.5,0.375
Akshan|16.1,Akshan,16.1,15.24,True,,rank,MASTER+,2,2,0.25,0.5,25.0,0.375
Akshan|16.1,Akshan,16.1,15.24,True,,role,TOP,2,0,0.25,0.0,-25.0,0.5
Akshan|16.1,Akshan,16.1,15.24,True,,role,JUNGLE,0,0,0.0,0.0,0.0,0.5
Akshan|16.1,Akshan,16.1,15.24,True,,role,MIDDLE,4,4,0.5,1.0,50.0,0.5
Akshan|16.1,Akshan,16.1,15.24,True,,role,BOTTOM,1,0,0.125,0.0,-12.5,0.5
Akshan|16.1,Akshan,16.1,15.24,True,,role,UTILITY,1,0,0.125,0.0,-12.5,0.5
Aphelios|16.1,Aphelios,16.1,15.24,True,,rank,GOLD,3,3,0.25,0.15789473684210525,-9.210526315789474,0.2236842105263158
Aphelios|16.1,Aphelios,16.1,15.24,True,,rank,PLATINUM,1,4,0.08333333333333333,0.21052631578947367,12.719298245614036,0.2236842105263158
Aphelios|16.1,Aphelios,16.1,15.24,True,,rank,EMERALD,4,5,0.3333333333333333,0.2631578947368421,-7.017543859649122,0.2236842105263158
Aphelios|16.1,Aphelios,16.1,15.24,True,,rank,DIAMOND,2,5,0.16666666666666666,0.2631578947368421,9.649122807017543,0.2236842105263158
Aphelios|16.1,Aphelios,16.1,15.24,True,,rank,MASTER+,2,2,0.16666666666666666,0.10526315789473684,-6.140350877192982,0.2236842105263158
Aphelios|16.1,Aphelios,16.1,15.24,True,,role,TOP,3,3,0.25,0.15789473684210525,-9.210526315789474,0.15350877192982457
Aphelios|16.1,Aphelios,16.1,15.24,True,,role,JUNGLE,1,2,0.08333333333333333,0.10526315789473684,2.1929824561403506,0.15350877192982457
Aphelios|16.1,Aphelios,16.1,15.24,True,,role,MIDDLE,2,2,0.16666666666666666,0.10526315789473684,-6.140350877192982,0.15350877192982457
Aphelios|16.1,Aphelios,16.1,15.24,True,,role,BOTTOM,6,11,0.5,0.5789473684210527,7.8947368421052655,0.15350877192982457
Aphelios|16.1,Aphelios,16.1,15.24,True,,role,UTILITY,0,1,0.0,0.05263157894736842,5.263157894736842,0.15350877192982457
Ashe|16.1,Ashe,16.1,15.24,True,,rank,GOLD,3,1,0.125,0.14285714285714285,1.785714285714285,0.10714285714285712
Ashe|16.1,Ashe,16.1,15.24,True,,rank,PLATINUM,6,1,0.25,0.14285714285714285,-10.714285714285715,0.10714285714285712
Ashe|16.1,Ashe,16.1,15.24,True,,rank,EMERALD,9,3,0.375,0.42857142857142855,5.357142857142855,0.10714285714285712
Ashe|16.1,Ashe,16.1,15.24,True,,rank,DIAMOND,3,1,0.125,0.14285714285714285,1.785714285714285,0.10714285714285712
Ashe|16.1,Ashe,16.1,15.24,True,,rank,MASTER+,3,1,0.125,0.14285714285714285,1.785714285714285,0.10714285714285712
Ashe|16.1,Ashe,16.1,15.24,True,,role,TOP,2,0,0.08333333333333333,0.0,-8.333333333333332,0.24999999999999994
Ashe|16.1,Ashe,16.1,15.24,True,,role,JUNGLE,3,2,0.125,0.2857142857142857,16.07142857142857,0.24999999999999994
Ashe|16.1,Ashe,16.1,15.24,True,,role,MIDDLE,4,0,0.16666666666666666,0.0,-16.666666666666664,0.24999999999999994
Ashe|16.1,Ashe,16.1,15.24,True,,role,BOTTOM,10,3,0.4166666666666667,0.42857142857142855,1.1904761904761862,0.24999999999999994
Ashe|16.1,Ashe,16.1,15.24,True,,role,UTILITY,5,2,0.20833333333333334,0.2857142857142857,7.7380952380952355,0.24999999999999994
Caitlyn|16.1,Caitlyn,16.1,15.24,True,,rank,GOLD,5,8,0.22727272727272727,0.25806451612903225,3.0791788856304985,0.11143695014662758
Caitlyn|16.1,Caitlyn,16.1,15.24,True,,rank,PLATINUM,4,5,0.18181818181818182,0.16129032258064516,-2.0527859237536665,0.11143695014662758
Caitlyn|16.1,Caitlyn,16.1,15.24,True,,rank,EMERALD,7,11,0.3181818181818182,0.3548387096774194,3.6656891495601194,0.11143695014662758
Caitlyn|16.1,Caitlyn,16.1,15.24,True,,rank,DIAMOND,4,7,0.18181818181818182,0.22580645161290322,4.3988269794721395,0.11143695014662758
Caitlyn|16.1,Caitlyn,16.1,15.24,True,,rank,MASTER+,2,0,0.09090909090909091,0.0,-9.090909090909092,0.11143695014662758
Caitlyn|16.1,Caitlyn,16.1,15.24,True,,role,TOP,3,6,0.13636363636363635,0.1935483870967742,5.718475073313783,0.11290322580645161
Caitlyn|16.1,Caitlyn,16.1,15.24,True,,role,JUNGLE,2,3,0.09090909090909091,0.0967741935483871,0.5865102639296182,0.11290322580645161
Caitlyn|16.1,Caitlyn,16.1,15.24,True,,role,MIDDLE,4,6,0.18181818181818182,0.1935483870967742,1.1730205278592365,0.11290322580645161
Caitlyn|16.1,Caitlyn,16.1,15.24,True,,role,BOTTOM,11,12,0.5,0.3870967741935484,-11.290322580645162,0.11290322580645161
Caitlyn|16.1,Caitlyn,16.1,15.24,True,,role,UTILITY,2,4,0.09090909090909091,0.12903225806451613,3.8123167155425213,0.11290322580645161
Cassiopeia|16.1,Cassiopeia,16.1,15.24,True,,rank,GOLD,0,0,0.0,0.0,0.0,0.33333333333333337
Cassiopeia|16.1,Cassiopeia,16.1,15.24,True,,rank,PLATINUM,5,1,0.5555555555555556,0.3333333333333333,-22.222222222222225,0.33333333333333337
Cassiopeia|16.1,Cassiopeia,16.1,15.24,True,,rank,EMERALD,1,0,0.1111111111111111,0.0,-11.11111111111111,0.33333333333333337
Cassiopeia|16.1,Cassiopeia,16.1,15.24,True,,rank,DIAMOND,2,1,0.2222222222222222,0.3333333333333333,11.11111111111111,0.33333333333333337
Cassiopeia|16.1,Cassiopeia,16.1,15.24,True,,rank,MASTER+,1,1,0.1111111111111111,0.3333333333333333,22.22222222222222,0.33333333333333337
Cassiopeia|16.1,Cassiopeia,16.1,15.24,True,,role,TOP,5,0,0.5555555555555556,0.0,-55.55555555555556,0.6666666666666666
Cassiopeia|16.1,Cassiopeia,16.1,15.24,True,,role,JUNGLE,0,1,0.0,0.3333333333333333,33.33333333333333,0.6666666666666666
Cassiopeia|16.1,Cassiopeia,16.1,15.24,True,,role,MIDDLE,2,1,0.2222222222222222,0.3333333333333333,11.11111111111111,0.6666666666666666
Cassiopeia|16.1,Cassiopeia,16.1,15.24,True,,role,BOTTOM,1,0,0.1111111111111111,0.0,-11.11111111111111,0.6666666666666666
Cassiopeia|16.1,Cassiopeia,16.1,15.24,True,,role,UTILITY,1,1,0.1111111111111111,0.3333333333333333,22.22222222222222,0.6666666666666666
Corki|16.1,Corki,16.1,15.24,True,,rank,GOLD,0,2,0.0,0.4,40.0,0.6666666666666666
Corki|16.1,Corki,16.1,15.24,True,,rank,PLATINUM,2,0,0.3333333333333333,0.0,-33.33333333333333,0.6666666666666666
Corki|16.1,Corki,16.1,15.24,True,,rank,EMERALD,1,0,0.16666666666666666,0.0,-16.666666666666664,0.6666666666666666
Corki|16.1,Corki,16.1,15.24,True,,rank,DIAMOND,1,0,0.16666666666666666,0.0,-16.666666666666664,0.6666666666666666
Corki|16.1,Corki,16.1,15.24,True,,rank,MASTER+,2,3,0.3333333333333333,0.6,26.666666666666668,0.6666666666666666
Corki|16.1,Corki,16.1,15.24,True,,role,TOP,2,0,0.3333333333333333,0.0,-33.33333333333333,0.43333333333333335
Corki|16.1,Corki,16.1,15.24,True,,role,JUNGLE,0,0,0.0,0.0,0.0,0.43333333333333335
Corki|16.1,Corki,16.1,15.24,True,,role,MIDDLE,1,2,0.16666666666666666,0.4,23.333333333333336,0.43333333333333335
Corki|16.1,Corki,16.1,15.24,True,,role,BOTTOM,3,2,0.5,0.4,-9.999999999999998,0.43333333333333335
Corki|16.1,Corki,16.1,15.24,True,,role,UTILITY,0,1,0.0,0.2,20.0,0.43333333333333335
Draven|16.1,Draven,16.1,15.24,True,,rank,GOLD,2,2,0.2857142857142857,0.4,11.428571428571432,0.5714285714285714
Draven|16.1,Draven,16.1,15.24,True,,rank,PLATINUM,3,0,0.42857142857142855,0.0,-42.857142857142854,0.5714285714285714
Draven|16.1,Draven,16.1,15.24,True,,rank,EMERALD,1,0,0.14285714285714285,0.0,-14.285714285714285,0.5714285714285714
Draven|16.1,Draven,16.1,15.24,True,,rank,DIAMOND,1,3,0.14285714285714285,0.6,45.714285714285715,0.5714285714285714
Draven|16.1,Draven,16.1,15.24,True,,rank,MASTER+,0,0,0.0,0.0,0.0,0.5714285714285714
Draven|16.1,Draven,16.1,15.24,True,,role,TOP,2,2,0.2857142857142857,0.4,11.428571428571432,0.14285714285714288
Draven|16.1,Draven,16.1,15.24,True,,role,JUNGLE,0,0,0.0,0.0,0.0,0.14285714285714288
Draven|16.1,Draven,16.1,15.24,True,,role,MIDDLE,1,0,0.14285714285714285,0.0,-14.285714285714285,0.14285714285714288
Draven|16.1,Draven,16.1,15.24,True,,role,BOTTOM,4,3,0.5714285714285714,0.6,2.857142857142858,0.14285714285714288
Draven|16.1,Draven,16.1,15.24,True,,role,UTILITY,0,0,0.0,0.0,0.0,0.14285714285714288
Elise|16.1,Elise,16.1,15.24,True,,rank,GOLD,1,1,0.2,0.25,4.999999999999999,0.4
Elise|16.1,Elise,16.1,15.24,True,,rank,PLATINUM,2,0,0.4,0.0,-40.0,0.4
Elise|16.1,Elise,16.1,15.24,True,,rank,EMERALD,1,1,0.2,0.25,4.999999999999999,0.4
Elise|16.1,Elise,16.1,15.24,True,,rank,DIAMOND,0,1,0.0,0.25,25.0,0.4
Elise|16.1,Elise,16.1,15.24,True,,rank,MASTER+,1,1,0.2,0.25,4.999999999999999,0.4
Elise|16.1,Elise,16.1,15.24,True,,role,TOP,1,2,0.2,0.5,30.0,0.4
Elise|16.1,Elise,16.1,15.24,True,,role,JUNGLE,1,1,0.2,0.25,4.999999999999999,0.4
Elise|16.1,Elise,16.1,15.24,True,,role,MIDDLE,0,0,0.0,0.0,0.0,0.4
Elise|16.1,Elise,16.1,15.24,True,,role,BOTTOM,2,0,0.4,0.0,-40.0,0.4
Elise|16.1,Elise,16.1,15.24,True,,role,UTILITY,1,1,0.2,0.25,4.999999999999999,0.4
Gangplank|16.1,Gangplank,16.1,15.24,True,,rank,GOLD,0,2,0.0,0.4,40.0,0.8
Gangplank|16.1,Gangplank,16.1,15.24,True,,rank,PLATINUM,0,0,0.0,0.0,0.0,0.8
Gangplank|16.1,Gangplank,16.1,15.24,True,,rank,EMERALD,2,1,1.0,0.2,-80.0,0.8
Gangplank|16.1,Gangplank,16.1,15.24,True,,rank,DIAMOND,0,2,0.0,0.4,40.0,0.8
Gangplank|16.1,Gangplank,16.1,15.24,True,,rank,MASTER+,0,0,0.0,0.0,0.0,0.8
Gangplank|16.1,Gangplank,16.1,15.24,True,,role,TOP,1,3,0.5,0.6,9.999999999999998,0.3
Gangplank|16.1,Gangplank,16.1,15.24,True,,role,JUNGLE,0,1,0.0,0.2,20.0,0.3
Gangplank|16.1,Gangplank,16.1,15.24,True,,role,MIDDLE,1,1,0.5,0.2,-30.0,0.3
Gangplank|16.1,Gangplank,16.1,15.24,True,,role,BOTTOM,0,0,0.0,0.0,0.0,0.3
Gangplank|16.1,Gangplank,16.1,15.24,True,,role,UTILITY,0,0,0.0,0.0,0.0,0.3
Garen|16.1,Garen,16.1,15.24,True,,rank,GOLD,7,5,0.3888888888888889,0.3333333333333333,-5.555555555555558,0.14444444444444446
Garen|16.1,Garen,16.1,15.24,True,,rank,PLATINUM,6,5,0.3333333333333333,0.3333333333333333,0.0,0.14444444444444446
Garen|16.1,Garen,16.1,15.24,True,,rank,EMERALD,1,3,0.05555555555555555,0.2,14.444444444444446,0.14444444444444446
Garen|16.1,Garen,16.1,15.24,True,,rank,DIAMOND,2,1,0.1111111111111111,0.06666666666666667,-4.444444444444444,0.14444444444444446
Garen|16.1,Garen,16.1,15.24,True,,rank,MASTER+,2,1,0.1111111111111111,0.06666666666666667,-4.444444444444444,0.14444444444444446
Garen|16.1,Garen,16.1,15.24,True,,role,TOP,7,4,0.3888888888888889,0.26666666666666666,-12.222222222222223,0.2
Garen|16.1,Garen,16.1,15.24,True,,role,JUNGLE,1,2,0.05555555555555555,0.13333333333333333,7.777777777777778,0.2
Garen|16.1,Garen,16.1,15.24,True,,role,MIDDLE,5,3,0.2777777777777778,0.2,-7.777777777777778,0.2
Garen|16.1,Garen,16.1,15.24,True,,role,BOTTOM,1,1,0.05555555555555555,0.06666666666666667,1.1111111111111114,0.2
Garen|16.1,Garen,16.1,15.24,True,,role,UTILITY,4,5,0.2222222222222222,0.3333333333333333,11.11111111111111,0.2
Graves|16.1,Graves,16.1,15.24,True,,rank,GOLD,1,2,0.1111111111111111,0.2857142857142857,17.46031746031746,0.4126984126984127
Graves|16.1,Graves,16.1,15.24,True,,rank,PLATINUM,1,0,0.1111111111111111,0.0,-11.11111111111111,0.4126984126984127
Graves|16.1,Graves,16.1,15.24,True,,rank,EMERALD,4,1,0.4444444444444444,0.14285714285714285,-30.158730158730158,0.4126984126984127
Graves|16.1,Graves,16.1,15.24,True,,rank,DIAMOND,2,3,0.2222222222222222,0.42857142857142855,20.634920634920633,0.4126984126984127
Graves|16.1,Graves,16.1,15.24,True,,rank,MASTER+,1,1,0.1111111111111111,0.14285714285714285,3.1746031746031744,0.4126984126984127
Graves|16.1,Graves,16.1,15.24,True,,role,TOP,1,2,0.1111111111111111,0.2857142857142857,17.46031746031746,0.3492063492063492
Graves|16.1,Graves,16.1,15.24,True,,role,JUNGLE,4,1,0.4444444444444444,0.14285714285714285,-30.158730158730158,0.3492063492063492
Graves|16.1,Graves,16.1,15.24,True,,role,MIDDLE,1,1,0.1111111111111111,0.14285714285714285,3.1746031746031744,0.3492063492063492
Graves|16.1,Graves,16.1,15.24,True,,role,BOTTOM,3,2,0.3333333333333333,0.2857142857142857,-4.761904761904762,0.3492063492063492
Graves|16.1,Graves,16.1,15.24,True,,role,UTILITY,0,1,0.0,0.14285714285714285,14.285714285714285,0.3492063492063492
Jax|16.1,Jax,16.1,15.24,True,,rank,GOLD,2,3,0.10526315789473684,0.15789473684210525,5.263157894736842,0.2631578947368421
Jax|16.1,Jax,16.1,15.24,True,,rank,PLATINUM,8,3,0.42105263157894735,0.15789473684210525,-26.31578947368421,0.2631578947368421
Jax|16.1,Jax,16.1,15.24,True,,rank,EMERALD,4,4,0.21052631578947367,0.21052631578947367,0.0,0.2631578947368421
Jax|16.1,Jax,16.1,15.24,True,,rank,DIAMOND,2,5,0.10526315789473684,0.2631578947368421,15.789473684210526,0.2631578947368421
Jax|16.1,Jax,16.1,15.24,True,,rank,MASTER+,3,4,0.15789473684210525,0.21052631578947367,5.263157894736842,0.2631578947368421
Jax|16.1,Jax,16.1,15.24,True,,role,TOP,8,11,0.42105263157894735,0.5789473684210527,15.789473684210531,0.3157894736842105
Jax|16.1,Jax,16.1,15.24,True,,role,JUNGLE,2,4,0.10526315789473684,0.21052631578947367,10.526315789473683,0.3157894736842105
Jax|16.1,Jax,16.1,15.24,True,,role,MIDDLE,6,1,0.3157894736842105,0.05263157894736842,-26.31578947368421,0.3157894736842105
Jax|16.1,Jax,16.1,15.24,True,,role,BOTTOM,3,2,0.15789473684210525,0.10526315789473684,-5.263157894736842,0.3157894736842105
Jax|16.1,Jax,16.1,15.24,True,,role,UTILITY,0,1,0.0,0.05263157894736842,5.263157894736842,0.3157894736842105
Jhin|16.1,Jhin,16.1,15.24,True,,rank,GOLD,7,5,0.23333333333333334,0.29411764705882354,6.07843137254902,0.21568627450980393
Jhin|16.1,Jhin,16.1,15.24,True,,rank,PLATINUM,7,1,0.23333333333333334,0.058823529411764705,-17.45098039215686,0.21568627450980393
Jhin|16.1,Jhin,16.1,15.24,True,,rank,EMERALD,8,5,0.26666666666666666,0.29411764705882354,2.7450980392156876,0.21568627450980393
Jhin|16.1,Jhin,16.1,15.24,True,,rank,DIAMOND,5,5,0.16666666666666666,0.29411764705882354,12.745098039215689,0.21568627450980393
Jhin|16.1,Jhin,16.1,15.24,True,,rank,MASTER+,3,1,0.1,0.058823529411764705,-4.11764705882353,0.21568627450980393
Jhin|16.1,Jhin,16.1,15.24,True,,role,TOP,5,5,0.16666666666666666,0.29411764705882354,12.745098039215689,0.3156862745098039
Jhin|16.1,Jhin,16.1,15.24,True,,role,JUNGLE,5,1,0.16666666666666666,0.058823529411764705,-10.784313725490195,0.3156862745098039
Jhin|16.1,Jhin,16.1,15.24,True,,role,MIDDLE,5,1,0.16666666666666666,0.058823529411764705,-10.784313725490195,0.3156862745098039
Jhin|16.1,Jhin,16.1,15.24,True,,role,BOTTOM,12,10,0.4,0.5882352941176471,18.823529411764707,0.3156862745098039
Jhin|16.1,Jhin,16.1,15.24,True,,role,UTILITY,3,0,0.1,0.0,-10.0,0.3156862745098039
Jinx|16.1,Jinx,16.1,15.24,True,,rank,GOLD,5,6,0.3125,0.2857142857142857,-2.67857142857143,0.20833333333333334
Jinx|16.1,Jinx,16.1,15.24,True,,rank,PLATINUM,2,2,0.125,0.09523809523809523,-2.9761904761904767,0.20833333333333334
Jinx|16.1,Jinx,16.1,15.24,True,,rank,EMERALD,7,6,0.4375,0.2857142857142857,-15.17857142857143,0.20833333333333334
Jinx|16.1,Jinx,16.1,15.24,True,,rank,DIAMOND,1,3,0.0625,0.14285714285714285,8.035714285714285,0.20833333333333334
Jinx|16.1,Jinx,16.1,15.24,True,,rank,MASTER+,1,4,0.0625,0.19047619047619047,12.797619047619047,0.20833333333333334
Jinx|16.1,Jinx,16.1,15.24,True,,role,TOP,4,4,0.25,0.19047619047619047,-5.952380952380953,0.0892857142857143
Jinx|16.1,Jinx,16.1,15.24,True,,role,JUNGLE,0,0,0.0,0.0,0.0,0.0892857142857143
Jinx|16.1,Jinx,16.1,15.24,True,,role,MIDDLE,1,1,0.0625,0.047619047619047616,-1.4880952380952384,0.0892857142857143
Jinx|16.1,Jinx,16.1,15.24,True,,role,BOTTOM,10,15,0.625,0.7142857142857143,8.92857142857143,0.0892857142857143
Jinx|16.1,Jinx,16.1,15.24,True,,role,UTILITY,1,1,0.0625,0.047619047619047616,-1.4880952380952384,0.0892857142857143
Kindred|16.1,Kindred,16.1,15.24,True,,rank,GOLD,1,2,0.1111111111111111,0.2857142857142857,17.46031746031746,0.5238095238095237
Kindred|16.1,Kindred,16.1,15.24,True,,rank,PLATINUM,0,1,0.0,0.14285714285714285,14.285714285714285,0.5238095238095237
Kindred|16.1,Kindred,16.1,15.24,True,,rank,EMERALD,4,0,0.4444444444444444,0.0,-44.44444444444444,0.5238095238095237
Kindred|16.1,Kindred,16.1,15.24,True,,rank,DIAMOND,2,3,0.2222222222222222,0.42857142857142855,20.634920634920633,0.5238095238095237
Kindred|16.1,Kindred,16.1,15.24,True,,rank,MASTER+,2,1,0.2222222222222222,0.14285714285714285,-7.936507936507936,0.5238095238095237
Kindred|16.1,Kindred,16.1,15.24,True,,role,TOP,0,1,0.0,0.14285714285714285,14.285714285714285,0.2857142857142857
Kindred|16.1,Kindred,16.1,15.24,True,,role,JUNGLE,7,5,0.7777777777777778,0.7142857142857143,-6.349206349206349,0.2857142857142857
Kindred|16.1,Kindred,16.1,15.24,True,,role,MIDDLE,1,0,0.1111111111111111,0.0,-11.11111111111111,0.2857142857142857
Kindred|16.1,Kindred,16.1,15.24,True,,role,BOTTOM,1,0,0.1111111111111111,0.0,-11.11111111111111,0.2857142857142857
Kindred|16.1,Kindred,16.1,15.24,True,,role,UTILITY,0,1,0.0,0.14285714285714285,14.285714285714285,0.2857142857142857
Lucian|16.1,Lucian,16.1,15.24,True,,rank,GOLD,3,5,0.17647058823529413,0.23809523809523808,6.162464985994395,0.10084033613445376
Lucian|16.1,Lucian,16.1,15.24,True,,rank,PLATINUM,2,2,0.11764705882352941,0.09523809523809523,-2.240896358543418,0.10084033613445376
Lucian|16.1,Lucian,16.1,15.24,True,,rank,EMERALD,7,7,0.4117647058823529,0.3333333333333333,-7.8431372549019605,0.10084033613445376
Lucian|16.1,Lucian,16.1,15.24,True,,rank,DIAMOND,3,4,0.17647058823529413,0.19047619047619047,1.4005602240896335,0.10084033613445376
Lucian|16.1,Lucian,16.1,15.24,True,,rank,MASTER+,2,3,0.11764705882352941,0.14285714285714285,2.521008403361344,0.10084033613445376
Lucian|16.1,Lucian,16.1,15.24,True,,role,TOP,4,3,0.23529411764705882,0.14285714285714285,-9.243697478991598,0.16246498599439776
Lucian|16.1,Lucian,16.1,15.24,True,,role,JUNGLE,3,4,0.17647058823529413,0.19047619047619047,1.4005602240896335,0.16246498599439776
Lucian|16.1,Lucian,16.1,15.24,True,,role,MIDDLE,1,0,0.058823529411764705,0.0,-5.88235294117647,0.16246498599439776
Lucian|16.1,Lucian,16.1,15.24,True,,role,BOTTOM,8,13,0.47058823529411764,0.6190476190476191,14.845938375350142,0.16246498599439776
Lucian|16.1,Lucian,16.1,15.24,True,,role,UTILITY,1,1,0.058823529411764705,0.047619047619047616,-1.120448179271709,0.16246498599439776
Miss Fortune|16.1,Miss Fortune,16.1,15.24,True,,rank,GOLD,0,0,,,,
Miss Fortune|16.1,Miss Fortune,16.1,15.24,True,,rank,PLATINUM,0,0,,,,
Miss Fortune|16.1,Miss Fortune,16.1,15.24,True,,rank,EMERALD,0,0,,,,
Miss Fortune|16.1,Miss Fortune,16.1,15.24,True,,rank,DIAMOND,0,0,,,,
Miss Fortune|16.1,Miss Fortune,16.1,15.24,True,,rank,MASTER+,0,0,,,,
Miss Fortune|16.1,Miss Fortune,16.1,15.24,True,,role,TOP,0,0,,,,
Miss Fortune|16.1,Miss Fortune,16.1,15.24,True,,role,JUNGLE,0,0,,,,
Miss Fortune|16.1,Miss Fortune,16.1,15.24,True,,role,MIDDLE,0,0,,,,
Miss Fortune|16.1,Miss Fortune,16.1,15.24,True,,role,BOTTOM,0,0,,,,
Miss Fortune|16.1,Miss Fortune,16.1,15.24,True,,role,UTILITY,0,0,,,,
Nilah|16.1,Nilah,16.1,15.24,True,,rank,GOLD,1,1,0.3333333333333333,0.25,-8.333333333333332,0.16666666666666666
Nilah|16.1,Nilah,16.1,15.24,True,,rank,PLATINUM,0,0,0.0,0.0,0.0,0.16666666666666666
Nilah|16.1,Nilah,16.1,15.24,True,,rank,EMERALD,1,2,0.3333333333333333,0.5,16.666666666666668,0.16666666666666666
Nilah|16.1,Nilah,16.1,15.24,True,,rank,DIAMOND,0,0,0.0,0.0,0.0,0.16666666666666666
Nilah|16.1,Nilah,16.1,15.24,True,,rank,MASTER+,1,1,0.3333333333333333,0.25,-8.333333333333332,0.16666666666666666
Nilah|16.1,Nilah,16.1,15.24,True,,role,TOP,1,2,0.3333333333333333,0.5,16.666666666666668,0.41666666666666663
Nilah|16.1,Nilah,16.1,15.24,True,,role,JUNGLE,0,0,0.0,0.0,0.0,0.41666666666666663
Nilah|16.1,Nilah,16.1,15.24,True,,role,MIDDLE,0,1,0.0,0.25,25.0,0.41666666666666663
Nilah|16.1,Nilah,16.1,15.24,True,,role,BOTTOM,1,1,0.3333333333333333,0.25,-8.333333333333332,0.41666666666666663
Nilah|16.1,Nilah,16.1,15.24,True,,role,UTILITY,1,0,0.3333333333333333,0.0,-33.33333333333333,0.41666666666666663
Quinn|16.1,Quinn,16.1,15.24,True,,rank,GOLD,2,2,0.3333333333333333,0.4,6.6666666666666705,0.5
Quinn|16.1,Quinn,16.1,15.24,True,,rank,PLATINUM,2,0,0.3333333333333333,0.0,-33.33333333333333,0.5
Quinn|16.1,Quinn,16.1,15.24,True,,rank,EMERALD,0,2,0.0,0.4,40.0,0.5
Quinn|16.1,Quinn,16.1,15.24,True,,rank,DIAMOND,1,1,0.16666666666666666,0.2,3.3333333333333353,0.5
Quinn|16.1,Quinn,16.1,15.24,True,,rank,MASTER+,1,0,0.16666666666666666,0.0,-16.666666666666664,0.5
Quinn|16.1,Quinn,16.1,15.24,True,,role,TOP,3,1,0.5,0.2,-30.0,0.6
Quinn|16.1,Quinn,16.1,15.24,True,,role,JUNGLE,0,1,0.0,0.2,20.0,0.6
Quinn|16.1,Quinn,16.1,15.24,True,,role,MIDDLE,0,2,0.0,0.4,40.0,0.6
Quinn|16.1,Quinn,16.1,15.24,True,,role,BOTTOM,2,1,0.3333333333333333,0.2,-13.33333333333333,0.6
Quinn|16.1,Quinn,16.1,15.24,True,,role,UTILITY,1,0,0.16666666666666666,0.0,-16.666666666666664,0.6
Rengar|16.1,Rengar,16.1,15.24,True,,rank,GOLD,1,1,0.125,0.2,7.500000000000001,0.5
Rengar|16.1,Rengar,16.1,15.24,True,,rank,PLATINUM,1,1,0.125,0.2,7.500000000000001,0.5
Rengar|16.1,Rengar,16.1,15.24,True,,rank,EMERALD,2,0,0.25,0.0,-25.0,0.5
Rengar|16.1,Rengar,16.1,15.24,True,,rank,DIAMOND,2,3,0.25,0.6,35.0,0.5
Rengar|16.1,Rengar,16.1,15.24,True,,rank,MASTER+,2,0,0.25,0.0,-25.0,0.5
Rengar|16.1,Rengar,16.1,15.24,True,,role,TOP,1,0,0.125,0.0,-12.5,0.375
Rengar|16.1,Rengar,16.1,15.24,True,,role,JUNGLE,3,2,0.375,0.4,2.500000000000002,0.375
Rengar|16.1,Rengar,16.1,15.24,True,,role,MIDDLE,1,2,0.125,0.4,27.500000000000004,0.375
Rengar|16.1,Rengar,16.1,15.24,True,,role,BOTTOM,2,0,0.25,0.0,-25.0,0.375
Rengar|16.1,Rengar,16.1,15.24,True,,role,UTILITY,1,1,0.125,0.2,7.500000000000001,0.375
Samira|16.1,Samira,16.1,15.24,True,,rank,GOLD,2,0,0.2222222222222222,0.0,-22.22222222222222,0.3055555555555556
Samira|16.1,Samira,16.1,15.24,True,,rank,PLATINUM,1,1,0.1111111111111111,0.25,13.88888888888889,0.3055555555555556
Samira|16.1,Samira,16.1,15.24,True,,rank,EMERALD,3,2,0.3333333333333333,0.5,16.666666666666668,0.3055555555555556
Samira|16.1,Samira,16.1,15.24,True,,rank,DIAMOND,3,1,0.3333333333333333,0.25,-8.333333333333332,0.3055555555555556
Samira|16.1,Samira,16.1,15.24,True,,rank,MASTER+,0,0,0.0,0.0,0.0,0.3055555555555556
Samira|16.1,Samira,16.1,15.24,True,,role,TOP,1,1,0.1111111111111111,0.25,13.88888888888889,0.5277777777777778
Samira|16.1,Samira,16.1,15.24,True,,role,JUNGLE,1,2,0.1111111111111111,0.5,38.88888888888889,0.5277777777777778
Samira|16.1,Samira,16.1,15.24,True,,role,MIDDLE,1,0,0.1111111111111111,0.0,-11.11111111111111,0.5277777777777778
Samira|16.1,Samira,16.1,15.24,True,,role,BOTTOM,5,1,0.5555555555555556,0.25,-30.555555555555557,0.5277777777777778
Samira|16.1,Samira,16.1,15.24,True,,role,UTILITY,1,0,0.1111111111111111,0.0,-11.11111111111111,0.5277777777777778
Senna|16.1,Senna,16.1,15.24,True,,rank,GOLD,3,1,0.23076923076923078,0.1,-13.076923076923078,0.23846153846153845
Senna|16.1,Senna,16.1,15.24,True,,rank,PLATINUM,1,2,0.07692307692307693,0.2,12.307692307692308,0.23846153846153845
Senna|16.1,Senna,16.1,15.24,True,,rank,EMERALD,4,2,0.3076923076923077,0.2,-10.76923076923077,0.23846153846153845
Senna|16.1,Senna,16.1,15.24,True,,rank,DIAMOND,2,2,0.15384615384615385,0.2,4.615384615384616,0.23846153846153845
Senna|16.1,Senna,16.1,15.24,True,,rank,MASTER+,3,3,0.23076923076923078,0.3,6.923076923076921,0.23846153846153845
Senna|16.1,Senna,16.1,15.24,True,,role,TOP,0,2,0.0,0.2,20.0,0.2153846153846154
Senna|16.1,Senna,16.1,15.24,True,,role,JUNGLE,2,1,0.15384615384615385,0.1,-5.384615384615385,0.2153846153846154
Senna|16.1,Senna,16.1,15.24,True,,role,MIDDLE,1,0,0.07692307692307693,0.0,-7.6923076923076925,0.2153846153846154
Senna|16.1,Senna,16.1,15.24,True,,role,BOTTOM,5,3,0.38461538461538464,0.3,-8.461538461538465,0.2153846153846154
Senna|16.1,Senna,16.1,15.24,True,,role,UTILITY,5,4,0.38461538461538464,0.4,1.5384615384615385,0.2153846153846154
Shaco|16.1,Shaco,16.1,15.24,True,,rank,GOLD,1,1,0.1111111111111111,0.1111111111111111,0.0,0.1111111111111111
Shaco|16.1,Shaco,16.1,15.24,True,,rank,PLATINUM,1,2,0.1111111111111111,0.2222222222222222,11.11111111111111,0.1111111111111111
Shaco|16.1,Shaco,16.1,15.24,True,,rank,EMERALD,3,3,0.3333333333333333,0.3333333333333333,0.0,0.1111111111111111
Shaco|16.1,Shaco,16.1,15.24,True,,rank,DIAMOND,3,2,0.3333333333333333,0.2222222222222222,-11.11111111111111,0.1111111111111111
Shaco|16.1,Shaco,16.1,15.24,True,,rank,MASTER+,1,1,0.1111111111111111,0.1111111111111111,0.0,0.1111111111111111
Shaco|16.1,Shaco,16.1,15.24,True,,role,TOP,0,1,0.0,0.1111111111111111,11.11111111111111,0.1111111111111111
Shaco|16.1,Shaco,16.1,15.24,True,,role,JUNGLE,3,3,0.3333333333333333,0.3333333333333333,0.0,0.1111111111111111
Shaco|16.1,Shaco,16.1,15.24,True,,role,MIDDLE,1,1,0.1111111111111111,0.1111111111111111,0.0,0.1111111111111111
Shaco|16.1,Shaco,16.1,15.24,True,,role,BOTTOM,1,1,0.1111111111111111,0.1111111111111111,0.0,0.1111111111111111
Shaco|16.1,Shaco,16.1,15.24,True,,role,UTILITY,4,3,0.4444444444444444,0.3333333333333333,-11.11111111111111,0.1111111111111111
Sivir|16.1,Sivir,16.1,15.24,True,,rank,GOLD,1,4,0.125,0.2,7.500000000000001,0.2
Sivir|16.1,Sivir,16.1,15.24,True,,rank,PLATINUM,1,4,0.125,0.2,7.500000000000001,0.2
Sivir|16.1,Sivir,16.1,15.24,True,,rank,EMERALD,2,6,0.25,0.3,4.999999999999999,0.2
Sivir|16.1,Sivir,16.1,15.24,True,,rank,DIAMOND,1,2,0.125,0.1,-2.4999999999999996,0.2
Sivir|16.1,Sivir,16.1,15.24,True,,rank,MASTER+,3,4,0.375,0.2,-17.5,0.2
Sivir|16.1,Sivir,16.1,15.24,True,,role,TOP,3,1,0.375,0.05,-32.5,0.475
Sivir|16.1,Sivir,16.1,15.24,True,,role,JUNGLE,0,4,0.0,0.2,20.0,0.475
Sivir|16.1,Sivir,16.1,15.24,True,,role,MIDDLE,0,1,0.0,0.05,5.0,0.475
Sivir|16.1,Sivir,16.1,15.24,True,,role,BOTTOM,3,12,0.375,0.6,22.499999999999996,0.475
Sivir|16.1,Sivir,16.1,15.24,True,,role,UTILITY,2,2,0.25,0.1,-15.0,0.475
Smolder|16.1,Smolder,16.1,15.24,True,,rank,GOLD,4,3,0.21052631578947367,0.16666666666666666,-4.385964912280701,0.24853801169590645
Smolder|16.1,Smolder,16.1,15.24,True,,rank,PLATINUM,6,2,0.3157894736842105,0.1111111111111111,-20.46783625730994,0.24853801169590645
Smolder|16.1,Smolder,16.1,15.24,True,,rank,EMERALD,6,7,0.3157894736842105,0.3888888888888889,7.309941520467839,0.24853801169590645
Smolder|16.1,Smolder,16.1,15.24,True,,rank,DIAMOND,2,2,0.10526315789473684,0.1111111111111111,0.5847953216374269,0.24853801169590645
Smolder|16.1,Smolder,16.1,15.24,True,,rank,MASTER+,1,4,0.05263157894736842,0.2222222222222222,16.95906432748538,0.24853801169590645
Smolder|16.1,Smolder,16.1,15.24,True,,role,TOP,6,4,0.3157894736842105,0.2222222222222222,-9.35672514619883,0.2982456140350877
Smolder|16.1,Smolder,16.1,15.24,True,,role,JUNGLE,2,3,0.10526315789473684,0.16666666666666666,6.140350877192982,0.2982456140350877
Smolder|16.1,Smolder,16.1,15.24,True,,role,MIDDLE,5,2,0.2631578947368421,0.1111111111111111,-15.204678362573098,0.2982456140350877
Smolder|16.1,Smolder,16.1,15.24,True,,role,BOTTOM,5,9,0.2631578947368421,0.5,23.68421052631579,0.2982456140350877
Smolder|16.1,Smolder,16.1,15.24,True,,role,UTILITY,1,0,0.05263157894736842,0.0,-5.263157894736842,0.2982456140350877
Tristana|16.1,Tristana,16.1,15.24,True,,rank,GOLD,3,2,0.16666666666666666,0.2,3.3333333333333353,0.17777777777777776
Tristana|16.1,Tristana,16.1,15.24,True,,rank,PLATINUM,1,2,0.05555555555555555,0.2,14.444444444444446,0.17777777777777776
Tristana|16.1,Tristana,16.1,15.24,True,,rank,EMERALD,6,3,0.3333333333333333,0.3,-3.3333333333333326,0.17777777777777776
Tristana|16.1,Tristana,16.1,15.24,True,,rank,DIAMOND,4,1,0.2222222222222222,0.1,-12.22222222222222,0.17777777777777776
Tristana|16.1,Tristana,16.1,15.24,True,,rank,MASTER+,4,2,0.2222222222222222,0.2,-2.2222222222222197,0.17777777777777776
Tristana|16.1,Tristana,16.1,15.24,True,,role,TOP,2,1,0.1111111111111111,0.1,-1.1111111111111098,0.17777777777777776
Tristana|16.1,Tristana,16.1,15.24,True,,role,JUNGLE,4,2,0.2222222222222222,0.2,-2.2222222222222197,0.17777777777777776
Tristana|16.1,Tristana,16.1,15.24,True,,role,MIDDLE,2,2,0.1111111111111111,0.2,8.888888888888891,0.17777777777777776
Tristana|16.1,Tristana,16.1,15.24,True,,role,BOTTOM,8,3,0.4444444444444444,0.3,-14.444444444444443,0.17777777777777776
Tristana|16.1,Tristana,16.1,15.24,True,,role,UTILITY,2,2,0.1111111111111111,0.2,8.888888888888891,0.17777777777777776
Tryndamere|16.1,Tryndamere,16.1,15.24,True,,rank,GOLD,0,2,0.0,0.25,25.0,0.75
Tryndamere|16.1,Tryndamere,16.1,15.24,True,,rank,PLATINUM,1,2,1.0,0.25,-75.0,0.75
Tryndamere|16.1,Tryndamere,16.1,15.24,True,,rank,EMERALD,0,2,0.0,0.25,25.0,0.75
Tryndamere|16.1,Tryndamere,16.1,15.24,True,,rank,DIAMOND,0,2,0.0,0.25,25.0,0.75
Tryndamere|16.1,Tryndamere,16.1,15.24,True,,rank,MASTER+,0,0,0.0,0.0,0.0,0.75
Tryndamere|16.1,Tryndamere,16.1,15.24,True,,role,TOP,0,5,0.0,0.625,62.5,0.875
Tryndamere|16.1,Tryndamere,16.1,15.24,True,,role,JUNGLE,0,2,0.0,0.25,25.0,0.875
Tryndamere|16.1,Tryndamere,16.1,15.24,True,,role,MIDDLE,1,1,1.0,0.125,-87.5,0.875
Tryndamere|16.1,Tryndamere,16.1,15.24,True,,role,BOTTOM,0,0,0.0,0.0,0.0,0.875
Tryndamere|16.1,Tryndamere,16.1,15.24,True,,role,UTILITY,0,0,0.0,0.0,0.0,0.875
Twitch|16.1,Twitch,16.1,15.24,True,,rank,GOLD,3,5,0.3333333333333333,0.3125,-2.0833333333333313,0.13888888888888887
Twitch|16.1,Twitch,16.1,15.24,True,,rank,PLATINUM,1,3,0.1111111111111111,0.1875,7.638888888888889,0.13888888888888887
Twitch|16.1,Twitch,16.1,15.24,True,,rank,EMERALD,2,2,0.2222222222222222,0.125,-9.722222222222221,0.13888888888888887
Twitch|16.1,Twitch,16.1,15.24,True,,rank,DIAMOND,3,5,0.3333333333333333,0.3125,-2.0833333333333313,0.13888888888888887
Twitch|16.1,Twitch,16.1,15.24,True,,rank,MASTER+,0,1,0.0,0.0625,6.25,0.13888888888888887
Twitch|16.1,Twitch,16.1,15.24,True,,role,TOP,3,3,0.3333333333333333,0.1875,-14.583333333333332,0.45138888888888884
Twitch|16.1,Twitch,16.1,15.24,True,,role,JUNGLE,1,4,0.1111111111111111,0.25,13.88888888888889,0.45138888888888884
Twitch|16.1,Twitch,16.1,15.24,True,,role,MIDDLE,0,5,0.0,0.3125,31.25,0.45138888888888884
Twitch|16.1,Twitch,16.1,15.24,True,,role,BOTTOM,4,3,0.4444444444444444,0.1875,-25.694444444444443,0.45138888888888884
Twitch|16.1,Twitch,16.1,15.24,True,,role,UTILITY,1,1,0.1111111111111111,0.0625,-4.861111111111111,0.45138888888888884
Viego|16.1,Viego,16.1,15.24,True,,rank,GOLD,2,4,0.16666666666666666,0.3076923076923077,14.102564102564106,0.28205128205128205
Viego|16.1,Viego,16.1,15.24,True,,rank,PLATINUM,2,2,0.16666666666666666,0.15384615384615385,-1.2820512820512802,0.28205128205128205
Viego|16.1,Viego,16.1,15.24,True,,rank,EMERALD,6,3,0.5,0.23076923076923078,-26.923076923076923,0.28205128205128205
Viego|16.1,Viego,16.1,15.24,True,,rank,DIAMOND,2,3,0.16666666666666666,0.23076923076923078,6.410256410256412,0.28205128205128205
Viego|16.1,Viego,16.1,15.24,True,,rank,MASTER+,0,1,0.0,0.07692307692307693,7.6923076923076925,0.28205128205128205
Viego|16.1,Viego,16.1,15.24,True,,role,TOP,2,1,0.16666666666666666,0.07692307692307693,-8.974358974358973,0.2948717948717949
Viego|16.1,Viego,16.1,15.24,True,,role,JUNGLE,6,5,0.5,0.38461538461538464,-11.538461538461537,0.2948717948717949
Viego|16.1,Viego,16.1,15.24,True,,role,MIDDLE,2,4,0.16666666666666666,0.3076923076923077,14.102564102564106,0.2948717948717949
Viego|16.1,Viego,16.1,15.24,True,,role,BOTTOM,2,1,0.16666666666666666,0.07692307692307693,-8.974358974358973,0.2948717948717949
Viego|16.1,Viego,16.1,15.24,True,,role,UTILITY,0,2,0.0,0.15384615384615385,15.384615384615385,0.2948717948717949
Xayah|16.1,Xayah,16.1,15.24,True,,rank,GOLD,2,2,0.16666666666666666,0.18181818181818182,1.5151515151515165,0.14393939393939395
Xayah|16.1,Xayah,16.1,15.24,True,,rank,PLATINUM,2,2,0.16666666666666666,0.18181818181818182,1.5151515151515165,0.14393939393939395
Xayah|16.1,Xayah,16.1,15.24,True,,rank,EMERALD,3,4,0.25,0.36363636363636365,11.363636363636365,0.14393939393939395
Xayah|16.1,Xayah,16.1,15.24,True,,rank,DIAMOND,3,2,0.25,0.18181818181818182,-6.8181818181818175,0.14393939393939395
Xayah|16.1,Xayah,16.1,15.24,True,,rank,MASTER+,2,1,0.16666666666666666,0.09090909090909091,-7.575757575757574,0.14393939393939395
Xayah|16.1,Xayah,16.1,15.24,True,,role,TOP,2,2,0.16666666666666666,0.18181818181818182,1.5151515151515165,0.30303030303030304
Xayah|16.1,Xayah,16.1,15.24,True,,role,JUNGLE,1,2,0.08333333333333333,0.18181818181818182,9.84848484848485,0.30303030303030304
Xayah|16.1,Xayah,16.1,15.24,True,,role,MIDDLE,0,2,0.0,0.18181818181818182,18.181818181818183,0.30303030303030304
Xayah|16.1,Xayah,16.1,15.24,True,,role,BOTTOM,8,4,0.6666666666666666,0.36363636363636365,-30.303030303030297,0.30303030303030304
Xayah|16.1,Xayah,16.1,15.24,True,,role,UTILITY,1,1,0.08333333333333333,0.09090909090909091,0.7575757575757582,0.30303030303030304
Yasuo|16.1,Yasuo,16.1,15.24,True,,rank,GOLD,4,4,0.2222222222222222,0.2,-2.2222222222222197,0.17222222222222222
Yasuo|16.1,Yasuo,16.1,15.24,True,,rank,PLATINUM,3,3,0.16666666666666666,0.15,-1.6666666666666663,0.17222222222222222
Yasuo|16.1,Yasuo,16.1,15.24,True,,rank,EMERALD,2,4,0.1111111111111111,0.2,8.888888888888891,0.17222222222222222
Yasuo|16.1,Yasuo,16.1,15.24,True,,rank,DIAMOND,6,4,0.3333333333333333,0.2,-13.33333333333333,0.17222222222222222
Yasuo|16.1,Yasuo,16.1,15.24,True,,rank,MASTER+,3,5,0.16666666666666666,0.25,8.333333333333334,0.17222222222222222
Yasuo|16.1,Yasuo,16.1,15.24,True,,role,TOP,8,4,0.4444444444444444,0.2,-24.44444444444444,0.31666666666666665
Yasuo|16.1,Yasuo,16.1,15.24,True,,role,JUNGLE,3,3,0.16666666666666666,0.15,-1.6666666666666663,0.31666666666666665
Yasuo|16.1,Yasuo,16.1,15.24,True,,role,MIDDLE,5,10,0.2777777777777778,0.5,22.22222222222222,0.31666666666666665
Yasuo|16.1,Yasuo,16.1,15.24,True,,role,BOTTOM,1,3,0.05555555555555555,0.15,9.444444444444445,0.31666666666666665
Yasuo|16.1,Yasuo,16.1,15.24,True,,role,UTILITY,1,0,0.05555555555555555,0.0,-5.555555555555555,0.31666666666666665
Yone|16.1,Yone,16.1,15.24,True,,rank,GOLD,2,0,0.09523809523809523,0.0,-9.523809523809524,0.13333333333333333
Yone|16.1,Yone,16.1,15.24,True,,rank,PLATINUM,3,3,0.14285714285714285,0.2,5.714285714285716,0.13333333333333333
Yone|16.1,Yone,16.1,15.24,True,,rank,EMERALD,6,4,0.2857142857142857,0.26666666666666666,-1.9047619047619035,0.13333333333333333
Yone|16.1,Yone,16.1,15.24,True,,rank,DIAMOND,6,4,0.2857142857142857,0.26666666666666666,-1.9047619047619035,0.13333333333333333
Yone|16.1,Yone,16.1,15.24,True,,rank,MASTER+,4,4,0.19047619047619047,0.26666666666666666,7.6190476190476195,0.13333333333333333
Yone|16.1,Yone,16.1,15.24,True,,role,TOP,6,2,0.2857142857142857,0.13333333333333333,-15.238095238095237,0.27619047619047615
Yone|16.1,Yone,16.1,15.24,True,,role,JUNGLE,4,5,0.19047619047619047,0.3333333333333333,14.285714285714285,0.27619047619047615
Yone|16.1,Yone,16.1,15.24,True,,role,MIDDLE,7,5,0.3333333333333333,0.3333333333333333,0.0,0.27619047619047615
Yone|16.1,Yone,16.1,15.24,True,,role,BOTTOM,4,1,0.19047619047619047,0.06666666666666667,-12.38095238095238,0.27619047619047615
Yone|16.1,Yone,16.1,15.24,True,,role,UTILITY,0,2,0.0,0.13333333333333333,13.333333333333334,0.27619047619047615
Yunara|16.1,Yunara,16.1,15.24,True,,rank,GOLD,3,3,0.3,0.25,-4.999999999999999,0.18333333333333332
Yunara|16.1,Yunara,16.1,15.24,True,,rank,PLATINUM,0,1,0.0,0.08333333333333333,8.333333333333332,0.18333333333333332
Yunara|16.1,Yunara,16.1,15.24,True,,rank,EMERALD,3,2,0.3,0.16666666666666666,-13.333333333333334,0.18333333333333332
Yunara|16.1,Yunara,16.1,15.24,True,,rank,DIAMOND,2,3,0.2,0.25,4.999999999999999,0.18333333333333332
Yunara|16.1,Yunara,16.1,15.24,True,,rank,MASTER+,2,3,0.2,0.25,4.999999999999999,0.18333333333333332
Yunara|16.1,Yunara,16.1,15.24,True,,role,TOP,1,1,0.1,0.08333333333333333,-1.6666666666666676,0.25
Yunara|16.1,Yunara,16.1,15.24,True,,role,JUNGLE,2,2,0.2,0.16666666666666666,-3.3333333333333353,0.25
Yunara|16.1,Yunara,16.1,15.24,True,,role,MIDDLE,0,3,0.0,0.25,25.0,0.25
Yunara|16.1,Yunara,16.1,15.24,True,,role,BOTTOM,7,6,0.7,0.5,-19.999999999999996,0.25
Yunara|16.1,Yunara,16.1,15.24,True,,role,UTILITY,0,0,0.0,0.0,0.0,0.25
Zeri|16.1,Zeri,16.1,15.24,True,,rank,GOLD,0,0,0.0,0.0,0.0,0.75
Zeri|16.1,Zeri,16.1,15.24,True,,rank,PLATINUM,2,0,0.2857142857142857,0.0,-28.57142857142857,0.75
Zeri|16.1,Zeri,16.1,15.24,True,,rank,EMERALD,2,1,0.2857142857142857,0.25,-3.57142857142857,0.75
Zeri|16.1,Zeri,16.1,15.24,True,,rank,DIAMOND,0,3,0.0,0.75,75.0,0.75
Zeri|16.1,Zeri,16.1,15.24,True,,rank,MASTER+,3,0,0.42857142857142855,0.0,-42.857142857142854,0.75
Zeri|16.1,Zeri,16.1,15.24,True,,role,TOP,2,0,0.2857142857142857,0.0,-28.57142857142857,0.4285714285714286
Zeri|16.1,Zeri,16.1,15.24,True,,role,JUNGLE,0,0,0.0,0.0,0.0,0.4285714285714286
Zeri|16.1,Zeri,16.1,15.24,True,,role,MIDDLE,2,2,0.2857142857142857,0.5,21.42857142857143,0.4285714285714286
Zeri|16.1,Zeri,16.1,15.24,True,,role,BOTTOM,2,2,0.2857142857142857,0.5,21.42857142857143,0.4285714285714286
Zeri|16.1,Zeri,16.1,15.24,True,,role,UTILITY,1,0,0.14285714285714285,0.0,-14.285714285714285,0.4285714285714286
Aatrox|16.2,Aatrox,16.2,16.1,True,,rank,GOLD,0,0,0.0,0.0,0.0,0.3555555555555555
Aatrox|16.2,Aatrox,16.2,16.1,True,,rank,PLATINUM,3,3,0.6,0.3333333333333333,-26.666666666666668,0.3555555555555555
Aatrox|16.2,Aatrox,16.2,16.1,True,,rank,EMERALD,1,1,0.2,0.1111111111111111,-8.888888888888891,0.3555555555555555
Aatrox|16.2,Aatrox,16.2,16.1,True,,rank,DIAMOND,1,2,0.2,0.2222222222222222,2.2222222222222197,0.3555555555555555
Aatrox|16.2,Aatrox,16.2,16.1,True,,rank,MASTER+,0,3,0.0,0.3333333333333333,33.33333333333333,0.3555555555555555
Aatrox|16.2,Aatrox,16.2,16.1,True,,role,TOP,3,2,0.6,0.2222222222222222,-37.77777777777778,0.5555555555555556
Aatrox|16.2,Aatrox,16.2,16.1,True,,role,JUNGLE,0,2,0.0,0.2222222222222222,22.22222222222222,0.5555555555555556
Aatrox|16.2,Aatrox,16.2,16.1,True,,role,MIDDLE,0,1,0.0,0.1111111111111111,11.11111111111111,0.5555555555555556
Aatrox|16.2,Aatrox,16.2,16.1,True,,role,BOTTOM,2,2,0.4,0.2222222222222222,-17.777777777777782,0.5555555555555556
Aatrox|16.2,Aatrox,16.2,16.1,True,,role,UTILITY,0,2,0.0,0.2222222222222222,22.22222222222222,0.5555555555555556
Ashe|16.2,Ashe,16.2,16.1,True,,rank,GOLD,1,3,0.14285714285714285,0.14285714285714285,0.0,0.19047619047619047
Ashe|16.2,Ashe,16.2,16.1,True,,rank,PLATINUM,1,7,0.14285714285714285,0.3333333333333333,19.047619047619047,0.19047619047619047
Ashe|16.2,Ashe,16.2,16.1,True,,rank,EMERALD,3,6,0.42857142857142855,0.2857142857142857,-14.285714285714285,0.19047619047619047
Ashe|16.2,Ashe,16.2,16.1,True,,rank,DIAMOND,1,2,0.14285714285714285,0.09523809523809523,-4.761904761904762,0.19047619047619047
Ashe|16.2,Ashe,16.2,16.1,True,,rank,MASTER+,1,3,0.14285714285714285,0.14285714285714285,0.0,0.19047619047619047
Ashe|16.2,Ashe,16.2,16.1,True,,role,TOP,0,3,0.0,0.14285714285714285,14.285714285714285,0.3333333333333333
Ashe|16.2,Ashe,16.2,16.1,True,,role,JUNGLE,2,1,0.2857142857142857,0.047619047619047616,-23.809523809523807,0.3333333333333333
Ashe|16.2,Ashe,16.2,16.1,True,,role,MIDDLE,0,4,0.0,0.19047619047619047,19.047619047619047,0.3333333333333333
Ashe|16.2,Ashe,16.2,16.1,True,,role,BOTTOM,3,8,0.42857142857142855,0.38095238095238093,-4.761904761904762,0.3333333333333333
Ashe|16.2,Ashe,16.2,16.1,True,,role,UTILITY,2,5,0.2857142857142857,0.23809523809523808,-4.761904761904762,0.3333333333333333
Gwen|16.2,Gwen,16.2,16.1,True,,rank,GOLD,2,3,0.1111111111111111,0.2727272727272727,16.16161616161616,0.26262626262626265
Gwen|16.2,Gwen,16.2,16.1,True,,rank,PLATINUM,3,2,0.16666666666666666,0.18181818181818182,1.5151515151515165,0.26262626262626265
Gwen|16.2,Gwen,16.2,16.1,True,,rank,EMERALD,5,1,0.2777777777777778,0.09090909090909091,-18.68686868686869,0.26262626262626265
Gwen|16.2,Gwen,16.2,16.1,True,,rank,DIAMOND,3,1,0.16666666666666666,0.09090909090909091,-7.575757575757574,0.26262626262626265
Gwen|16.2,Gwen,16.2,16.1,True,,rank,MASTER+,5,4,0.2777777777777778,0.36363636363636365,8.585858585858585,0.26262626262626265
Gwen|16.2,Gwen,16.2,16.1,True,,role,TOP,2,1,0.1111111111111111,0.09090909090909091,-2.0202020202020194,0.13636363636363638
Gwen|16.2,Gwen,16.2,16.1,True,,role,JUNGLE,7,3,0.3888888888888889,0.2727272727272727,-11.61616161616162,0.13636363636363638
Gwen|16.2,Gwen,16.2,16.1,True,,role,MIDDLE,2,2,0.1111111111111111,0.18181818181818182,7.070707070707072,0.13636363636363638
Gwen|16.2,Gwen,16.2,16.1,True,,role,BOTTOM,4,3,0.2222222222222222,0.2727272727272727,5.05050505050505,0.13636363636363638
Gwen|16.2,Gwen,16.2,16.1,True,,role,UTILITY,3,2,0.16666666666666666,0.18181818181818182,1.5151515151515165,0.13636363636363638
Jayce|16.2,Jayce,16.2,16.1,True,,rank,GOLD,1,1,0.08333333333333333,0.125,4.166666666666667,0.125
Jayce|16.2,Jayce,16.2,16.1,True,,rank,PLATINUM,3,1,0.25,0.125,-12.5,0.125
Jayce|16.2,Jayce,16.2,16.1,True,,rank,EMERALD,1,1,0.08333333333333333,0.125,4.166666666666667,0.125
Jayce|16.2,Jayce,16.2,16.1,True,,rank,DIAMOND,3,2,0.25,0.25,0.0,0.125
Jayce|16.2,Jayce,16.2,16.1,True,,rank,MASTER+,4,3,0.3333333333333333,0.375,4.166666666666669,0.125
Jayce|16.2,Jayce,16.2,16.1,True,,role,TOP,4,1,0.3333333333333333,0.125,-20.833333333333332,0.375
Jayce|16.2,Jayce,16.2,16.1,True,,role,JUNGLE,4,2,0.3333333333333333,0.25,-8.333333333333332,0.375
Jayce|16.2,Jayce,16.2,16.1,True,,role,MIDDLE,0,2,0.0,0.25,25.0,0.375
Jayce|16.2,Jayce,16.2,16.1,True,,role,BOTTOM,3,3,0.25,0.375,12.5,0.375
Jayce|16.2,Jayce,16.2,16.1,True,,role,UTILITY,1,0,0.08333333333333333,0.0,-8.333333333333332,0.375
Lillia|16.2,Lillia,16.2,16.1,True,,rank,GOLD,0,1,0.0,0.25,25.0,0.6
Lillia|16.2,Lillia,16.2,16.1,True,,rank,PLATINUM,2,0,0.4,0.0,-40.0,0.6
Lillia|16.2,Lillia,16.2,16.1,True,,rank,EMERALD,2,2,0.4,0.5,9.999999999999998,0.6
Lillia|16.2,Lillia,16.2,16.1,True,,rank,DIAMOND,0,1,0.0,0.25,25.0,0.6
Lillia|16.2,Lillia,16.2,16.1,True,,rank,MASTER+,1,0,0.2,0.0,-20.0,0.6
Lillia|16.2,Lillia,16.2,16.1,True,,role,TOP,1,0,0.2,0.0,-20.0,0.5
Lillia|16.2,Lillia,16.2,16.1,True,,role,JUNGLE,4,2,0.8,0.5,-30.000000000000004,0.5
Lillia|16.2,Lillia,16.2,16.1,True,,role,MIDDLE,0,1,0.0,0.25,25.0,0.5
Lillia|16.2,Lillia,16.2,16.1,True,,role,BOTTOM,0,0,0.0,0.0,0.0,0.5
Lillia|16.2,Lillia,16.2,16.1,True,,role,UTILITY,0,1,0.0,0.25,25.0,0.5
Malphite|16.2,Malphite,16.2,16.1,True,,rank,GOLD,6,5,0.2608695652173913,0.2777777777777778,1.6908212560386493,0.041062801932367166
Malphite|16.2,Malphite,16.2,16.1,True,,rank,PLATINUM,4,3,0.17391304347826086,0.16666666666666666,-0.7246376811594207,0.041062801932367166
Malphite|16.2,Malphite,16.2,16.1,True,,rank,EMERALD,7,5,0.30434782608695654,0.2777777777777778,-2.657004830917875,0.041062801932367166
Malphite|16.2,Malphite,16.2,16.1,True,,rank,DIAMOND,4,3,0.17391304347826086,0.16666666666666666,-0.7246376811594207,0.041062801932367166
Malphite|16.2,Malphite,16.2,16.1,True,,rank,MASTER+,2,2,0.08695652173913043,0.1111111111111111,2.4154589371980673,0.041062801932367166
Malphite|16.2,Malphite,16.2,16.1,True,,role,TOP,4,6,0.17391304347826086,0.3333333333333333,15.942028985507244,0.2367149758454106
Malphite|16.2,Malphite,16.2,16.1,True,,role,JUNGLE,4,4,0.17391304347826086,0.2222222222222222,4.8309178743961345,0.2367149758454106
Malphite|16.2,Malphite,16.2,16.1,True,,role,MIDDLE,6,1,0.2608695652173913,0.05555555555555555,-20.531400966183575,0.2367149758454106
Malphite|16.2,Malphite,16.2,16.1,True,,role,BOTTOM,2,1,0.08695652173913043,0.05555555555555555,-3.140096618357488,0.2367149758454106
Malphite|16.2,Malphite,16.2,16.1,True,,role,UTILITY,7,6,0.30434782608695654,0.3333333333333333,2.898550724637677,0.2367149758454106
Master Yi|16.2,Master Yi,16.2,16.1,True,,rank,GOLD,0,0,,,,
Master Yi|16.2,Master Yi,16.2,16.1,True,,rank,PLATINUM,0,0,,,,
Master Yi|16.2,Master Yi,16.2,16.1,True,,rank,EMERALD,0,0,,,,
Master Yi|16.2,Master Yi,16.2,16.1,True,,rank,DIAMOND,0,0,,,,
Master Yi|16.2,Master Yi,16.2,16.1,True,,rank,MASTER+,0,0,,,,
Master Yi|16.2,Master Yi,16.2,16.1,True,,role,TOP,0,0,,,,
Master Yi|16.2,Master Yi,16.2,16.1,True,,role,JUNGLE,0,0,,,,
Master Yi|16.2,Master Yi,16.2,16.1,True,,role,MIDDLE,0,0,,,,
Master Yi|16.2,Master Yi,16.2,16.1,True,,role,BOTTOM,0,0,,,,
Master Yi|16.2,Master Yi,16.2,16.1,True,,role,UTILITY,0,0,,,,
Nunu & Willump|16.2,Nunu & Willump,16.2,16.1,True,,rank,GOLD,0,0,,,,
Nunu & Willump|16.2,Nunu & Willump,16.2,16.1,True,,rank,PLATINUM,0,0,,,,
Nunu & Willump|16.2,Nunu & Willump,16.2,16.1,True,,rank,EMERALD,0,0,,,,
Nunu & Willump|16.2,Nunu & Willump,16.2,16.1,True,,rank,DIAMOND,0,0,,,,
Nunu & Willump|16.2,Nunu & Willump,16.2,16.1,True,,rank,MASTER+,0,0,,,,
Nunu & Willump|16.2,Nunu & Willump,16.2,16.1,True,,role,TOP,0,0,,,,
Nunu & Willump|16.2,Nunu & Willump,16.2,16.1,True,,role,JUNGLE,0,0,,,,
Nunu & Willump|16.2,Nunu & Willump,16.2,16.1,True,,role,MIDDLE,0,0,,,,
Nunu & Willump|16.2,Nunu & Willump,16.2,16.1,True,,role,BOTTOM,0,0,,,,
Nunu & Willump|16.2,Nunu & Willump,16.2,16.1,True,,role,UTILITY,0,0,,,,
Sivir|16.2,Sivir,16.2,16.1,True,,rank,GOLD,4,5,0.2,0.3125,11.249999999999998,0.2
Sivir|16.2,Sivir,16.2,16.1,True,,rank,PLATINUM,4,2,0.2,0.125,-7.500000000000001,0.2
Sivir|16.2,Sivir,16.2,16.1,True,,rank,EMERALD,6,4,0.3,0.25,-4.999999999999999,0.2
Sivir|16.2,Sivir,16.2,16.1,True,,rank,DIAMOND,2,3,0.1,0.1875,8.75,0.2
Sivir|16.2,Sivir,16.2,16.1,True,,rank,MASTER+,4,2,0.2,0.125,-7.500000000000001,0.2
Sivir|16.2,Sivir,16.2,16.1,True,,role,TOP,1,3,0.05,0.1875,13.750000000000002,0.2375
Sivir|16.2,Sivir,16.2,16.1,True,,role,JUNGLE,4,1,0.2,0.0625,-13.750000000000002,0.2375
Sivir|16.2,Sivir,16.2,16.1,True,,role,MIDDLE,1,2,0.05,0.125,7.5,0.2375
Sivir|16.2,Sivir,16.2,16.1,True,,role,BOTTOM,12,8,0.6,0.5,-9.999999999999998,0.2375
Sivir|16.2,Sivir,16.2,16.1,True,,role,UTILITY,2,2,0.1,0.125,2.4999999999999996,0.2375
Smolder|16.2,Smolder,16.2,16.1,True,,rank,GOLD,3,2,0.16666666666666666,0.14285714285714285,-2.380952380952381,0.20634920634920634
Smolder|16.2,Smolder,16.2,16.1,True,,rank,PLATINUM,2,3,0.1111111111111111,0.21428571428571427,10.317460317460316,0.20634920634920634
Smolder|16.2,Smolder,16.2,16.1,True,,rank,EMERALD,7,3,0.3888888888888889,0.21428571428571427,-17.460317460317462,0.20634920634920634
Smolder|16.2,Smolder,16.2,16.1,True,,rank,DIAMOND,2,3,0.1111111111111111,0.21428571428571427,10.317460317460316,0.20634920634920634
Smolder|16.2,Smolder,16.2,16.1,True,,rank,MASTER+,4,3,0.2222222222222222,0.21428571428571427,-0.7936507936507936,0.20634920634920634
Smolder|16.2,Smolder,16.2,16.1,True,,role,TOP,4,3,0.2222222222222222,0.21428571428571427,-0.7936507936507936,0.24603174603174605
Smolder|16.2,Smolder,16.2,16.1,True,,role,JUNGLE,3,2,0.16666666666666666,0.14285714285714285,-2.380952380952381,0.24603174603174605
Smolder|16.2,Smolder,16.2,16.1,True,,role,MIDDLE,2,3,0.1111111111111111,0.21428571428571427,10.317460317460316,0.24603174603174605
Smolder|16.2,Smolder,16.2,16.1,True,,role,BOTTOM,9,4,0.5,0.2857142857142857,-21.42857142857143,0.24603174603174605
Smolder|16.2,Smolder,16.2,16.1,True,,role,UTILITY,0,2,0.0,0.14285714285714285,14.285714285714285,0.24603174603174605
Taliyah|16.2,Taliyah,16.2,16.1,True,,rank,GOLD,1,0,0.25,0.0,-25.0,1.0
Taliyah|16.2,Taliyah,16.2,16.1,True,,rank,PLATINUM,2,0,0.5,0.0,-50.0,1.0
Taliyah|16.2,Taliyah,16.2,16.1,True,,rank,EMERALD,0,1,0.0,0.25,25.0,1.0
Taliyah|16.2,Taliyah,16.2,16.1,True,,rank,DIAMOND,1,0,0.25,0.0,-25.0,1.0
Taliyah|16.2,Taliyah,16.2,16.1,True,,rank,MASTER+,0,3,0.0,0.75,75.0,1.0
Taliyah|16.2,Taliyah,16.2,16.1,True,,role,TOP,1,0,0.25,0.0,-25.0,0.25
Taliyah|16.2,Taliyah,16.2,16.1,True,,role,JUNGLE,1,1,0.25,0.25,0.0,0.25
Taliyah|16.2,Taliyah,16.2,16.1,True,,role,MIDDLE,0,1,0.0,0.25,25.0,0.25
Taliyah|16.2,Taliyah,16.2,16.1,True,,role,BOTTOM,1,1,0.25,0.25,0.0,0.25
Taliyah|16.2,Taliyah,16.2,16.1,True,,role,UTILITY,1,1,0.25,0.25,0.0,0.25
Varus|16.2,Varus,16.2,16.1,True,,rank,GOLD,2,3,0.4,0.15,-25.0,0.35000000000000003
Varus|16.2,Varus,16.2,16.1,True,,rank,PLATINUM,2,6,0.4,0.3,-10.000000000000004,0.35000000000000003
Varus|16.2,Varus,16.2,16.1,True,,rank,EMERALD,0,5,0.0,0.25,25.0,0.35000000000000003
Varus|16.2,Varus,16.2,16.1,True,,rank,DIAMOND,0,2,0.0,0.1,10.0,0.35000000000000003
Varus|16.2,Varus,16.2,16.1,True,,rank,MASTER+,1,4,0.2,0.2,0.0,0.35000000000000003
Varus|16.2,Varus,16.2,16.1,True,,role,TOP,2,8,0.4,0.4,0.0,0.30000000000000004
Varus|16.2,Varus,16.2,16.1,True,,role,JUNGLE,1,1,0.2,0.05,-15.000000000000002,0.30000000000000004
Varus|16.2,Varus,16.2,16.1,True,,role,MIDDLE,1,1,0.2,0.05,-15.000000000000002,0.30000000000000004
Varus|16.2,Varus,16.2,16.1,True,,role,BOTTOM,1,9,0.2,0.45,25.0,0.30000000000000004
Varus|16.2,Varus,16.2,16.1,True,,role,UTILITY,0,1,0.0,0.05,5.0,0.30000000000000004
Viego|16.2,Viego,16.2,16.1,True,,rank,GOLD,4,3,0.3076923076923077,0.15789473684210525,-14.979757085020246,0.19838056680161942
Viego|16.2,Viego,16.2,16.1,True,,rank,PLATINUM,2,2,0.15384615384615385,0.10526315789473684,-4.858299595141702,0.19838056680161942
Viego|16.2,Viego,16.2,16.1,True,,rank,EMERALD,3,6,0.23076923076923078,0.3157894736842105,8.502024291497973,0.19838056680161942
Viego|16.2,Viego,16.2,16.1,True,,rank,DIAMOND,3,5,0.23076923076923078,0.2631578947368421,3.238866396761131,0.19838056680161942
Viego|16.2,Viego,16.2,16.1,True,,rank,MASTER+,1,3,0.07692307692307693,0.15789473684210525,8.097165991902832,0.19838056680161942
Viego|16.2,Viego,16.2,16.1,True,,role,TOP,1,1,0.07692307692307693,0.05263157894736842,-2.429149797570851,0.09716599190283398
Viego|16.2,Viego,16.2,16.1,True,,role,JUNGLE,5,9,0.38461538461538464,0.47368421052631576,8.906882591093112,0.09716599190283398
Viego|16.2,Viego,16.2,16.1,True,,role,MIDDLE,4,6,0.3076923076923077,0.3157894736842105,0.8097165991902799,0.09716599190283398
Viego|16.2,Viego,16.2,16.1,True,,role,BOTTOM,1,1,0.07692307692307693,0.05263157894736842,-2.429149797570851,0.09716599190283398
Viego|16.2,Viego,16.2,16.1,True,,role,UTILITY,2,2,0.15384615384615385,0.10526315789473684,-4.858299595141702,0.09716599190283398
Zed|16.2,Zed,16.2,16.1,True,,rank,GOLD,2,5,0.1,0.2777777777777778,17.77777777777778,0.2388888888888889
Zed|16.2,Zed,16.2,16.1,True,,rank,PLATINUM,1,2,0.05,0.1111111111111111,6.11111111111111,0.2388888888888889
Zed|16.2,Zed,16.2,16.1,True,,rank,EMERALD,5,4,0.25,0.2222222222222222,-2.777777777777779,0.2388888888888889
Zed|16.2,Zed,16.2,16.1,True,,rank,DIAMOND,6,4,0.3,0.2222222222222222,-7.777777777777778,0.2388888888888889
Zed|16.2,Zed,16.2,16.1,True,,rank,MASTER+,6,3,0.3,0.16666666666666666,-13.333333333333334,0.2388888888888889
Zed|16.2,Zed,16.2,16.1,True,,role,TOP,2,1,0.1,0.05555555555555555,-4.4444444444444455,0.21111111111111114
Zed|16.2,Zed,16.2,16.1,True,,role,JUNGLE,3,2,0.15,0.1111111111111111,-3.888888888888889,0.21111111111111114
Zed|16.2,Zed,16.2,16.1,True,,role,MIDDLE,8,11,0.4,0.6111111111111112,21.111111111111114,0.21111111111111114
Zed|16.2,Zed,16.2,16.1,True,,role,BOTTOM,4,3,0.2,0.16666666666666666,-3.3333333333333353,0.21111111111111114
Zed|16.2,Zed,16.2,16.1,True,,role,UTILITY,3,1,0.15,0.05555555555555555,-9.444444444444445,0.21111111111111114
Ahri|16.3,Ahri,16.3,16.2,True,,rank,GOLD,4,4,0.16666666666666666,0.17391304347826086,0.7246376811594207,0.19384057971014496
Ahri|16.3,Ahri,16.3,16.2,True,,rank,PLATINUM,7,6,0.2916666666666667,0.2608695652173913,-3.079710144927539,0.19384057971014496
Ahri|16.3,Ahri,16.3,16.2,True,,rank,EMERALD,4,5,0.16666666666666666,0.21739130434782608,5.072463768115942,0.19384057971014496
Ahri|16.3,Ahri,16.3,16.2,True,,rank,DIAMOND,6,2,0.25,0.08695652173913043,-16.304347826086957,0.19384057971014496
Ahri|16.3,Ahri,16.3,16.2,True,,rank,MASTER+,3,6,0.125,0.2608695652173913,13.586956521739129,0.19384057971014496
Ahri|16.3,Ahri,16.3,16.2,True,,role,TOP,3,2,0.125,0.08695652173913043,-3.804347826086957,0.16304347826086957
Ahri|16.3,Ahri,16.3,16.2,True,,role,JUNGLE,3,0,0.125,0.0,-12.5,0.16304347826086957
Ahri|16.3,Ahri,16.3,16.2,True,,role,MIDDLE,9,10,0.375,0.43478260869565216,5.978260869565216,0.16304347826086957
Ahri|16.3,Ahri,16.3,16.2,True,,role,BOTTOM,5,5,0.20833333333333334,0.21739130434782608,0.9057971014492738,0.16304347826086957
Ahri|16.3,Ahri,16.3,16.2,True,,role,UTILITY,4,6,0.16666666666666666,0.2608695652173913,9.420289855072465,0.16304347826086957
Bel'Veth|16.3,Bel'Veth,16.3,16.2,True,,rank,GOLD,0,0,,,,
Bel'Veth|16.3,Bel'Veth,16.3,16.2,True,,rank,PLATINUM,0,0,,,,
Bel'Veth|16.3,Bel'Veth,16.3,16.2,True,,rank,EMERALD,0,0,,,,
Bel'Veth|16.3,Bel'Veth,16.3,16.2,True,,rank,DIAMOND,0,0,,,,
Bel'Veth|16.3,Bel'Veth,16.3,16.2,True,,rank,MASTER+,0,0,,,,
Bel'Veth|16.3,Bel'Veth,16.3,16.2,True,,role,TOP,0,0,,,,
Bel'Veth|16.3,Bel'Veth,16.3,16.2,True,,role,JUNGLE,0,0,,,,
Bel'Veth|16.3,Bel'Veth,16.3,16.2,True,,role,MIDDLE,0,0,,,,
Bel'Veth|16.3,Bel'Veth,16.3,16.2,True,,role,BOTTOM,0,0,,,,
Bel'Veth|16.3,Bel'Veth,16.3,16.2,True,,role,UTILITY,0,0,,,,
Braum|16.3,Braum,16.3,16.2,True,,rank,GOLD,3,1,0.2,0.05263157894736842,-14.73684210526316,0.23508771929824565
Braum|16.3,Braum,16.3,16.2,True,,rank,PLATINUM,1,2,0.06666666666666667,0.10526315789473684,3.859649122807017,0.23508771929824565
Braum|16.3,Braum,16.3,16.2,True,,rank,EMERALD,6,7,0.4,0.3684210526315789,-3.1578947368421098,0.23508771929824565
Braum|16.3,Braum,16.3,16.2,True,,rank,DIAMOND,1,5,0.06666666666666667,0.2631578947368421,19.649122807017545,0.23508771929824565
Braum|16.3,Braum,16.3,16.2,True,,rank,MASTER+,4,4,0.26666666666666666,0.21052631578947367,-5.614035087719299,0.23508771929824565
Braum|16.3,Braum,16.3,16.2,True,,role,TOP,3,1,0.2,0.05263157894736842,-14.73684210526316,0.22807017543859648
Braum|16.3,Braum,16.3,16.2,True,,role,JUNGLE,0,1,0.0,0.05263157894736842,5.263157894736842,0.22807017543859648
Braum|16.3,Braum,16.3,16.2,True,,role,MIDDLE,2,1,0.13333333333333333,0.05263157894736842,-8.070175438596491,0.22807017543859648
Braum|16.3,Braum,16.3,16.2,True,,role,BOTTOM,3,5,0.2,0.2631578947368421,6.315789473684208,0.22807017543859648
Braum|16.3,Braum,16.3,16.2,True,,role,UTILITY,7,11,0.4666666666666667,0.5789473684210527,11.228070175438598,0.22807017543859648
Briar|16.3,Briar,16.3,16.2,True,,rank,GOLD,0,1,0.0,0.125,12.5,0.25
Briar|16.3,Briar,16.3,16.2,True,,rank,PLATINUM,1,1,0.2,0.125,-7.500000000000001,0.25
Briar|16.3,Briar,16.3,16.2,True,,rank,EMERALD,0,1,0.0,0.125,12.5,0.25
Briar|16.3,Briar,16.3,16.2,True,,rank,DIAMOND,2,2,0.4,0.25,-15.000000000000002,0.25
Briar|16.3,Briar,16.3,16.2,True,,rank,MASTER+,2,3,0.4,0.375,-2.500000000000002,0.25
Briar|16.3,Briar,16.3,16.2,True,,role,TOP,0,0,0.0,0.0,0.0,0.17500000000000002
Briar|16.3,Briar,16.3,16.2,True,,role,JUNGLE,2,3,0.4,0.375,-2.500000000000002,0.17500000000000002
Briar|16.3,Briar,16.3,16.2,True,,role,MIDDLE,1,2,0.2,0.25,4.999999999999999,0.17500000000000002
Briar|16.3,Briar,16.3,16.2,True,,role,BOTTOM,0,1,0.0,0.125,12.5,0.17500000000000002
Briar|16.3,Briar,16.3,16.2,True,,role,UTILITY,2,2,0.4,0.25,-15.000000000000002,0.17500000000000002
Diana|16.3,Diana,16.3,16.2,True,,rank,GOLD,7,4,0.25925925925925924,0.36363636363636365,10.43771043771044,0.16835016835016836
Diana|16.3,Diana,16.3,16.2,True,,rank,PLATINUM,3,0,0.1111111111111111,0.0,-11.11111111111111,0.16835016835016836
Diana|16.3,Diana,16.3,16.2,True,,rank,EMERALD,4,1,0.14814814814814814,0.09090909090909091,-5.723905723905723,0.16835016835016836
Diana|16.3,Diana,16.3,16.2,True,,rank,DIAMOND,6,3,0.2222222222222222,0.2727272727272727,5.05050505050505,0.16835016835016836
Diana|16.3,Diana,16.3,16.2,True,,rank,MASTER+,7,3,0.25925925925925924,0.2727272727272727,1.3468013468013462,0.16835016835016836
Diana|16.3,Diana,16.3,16.2,True,,role,TOP,2,1,0.07407407407407407,0.09090909090909091,1.6835016835016843,0.39057239057239057
Diana|16.3,Diana,16.3,16.2,True,,role,JUNGLE,9,1,0.3333333333333333,0.09090909090909091,-24.24242424242424,0.39057239057239057
Diana|16.3,Diana,16.3,16.2,True,,role,MIDDLE,12,9,0.4444444444444444,0.8181818181818182,37.373737373737384,0.39057239057239057
Diana|16.3,Diana,16.3,16.2,True,,role,BOTTOM,3,0,0.1111111111111111,0.0,-11.11111111111111,0.39057239057239057
Diana|16.3,Diana,16.3,16.2,True,,role,UTILITY,1,0,0.037037037037037035,0.0,-3.7037037037037033,0.39057239057239057
Draven|16.3,Draven,16.3,16.2,True,,rank,GOLD,2,1,0.4,0.125,-27.500000000000004,0.30000000000000004
Draven|16.3,Draven,16.3,16.2,True,,rank,PLATINUM,0,2,0.0,0.25,25.0,0.30000000000000004
Draven|16.3,Draven,16.3,16.2,True,,rank,EMERALD,1,2,0.2,0.25,4.999999999999999,0.30000000000000004
Draven|16.3,Draven,16.3,16.2,True,,rank,DIAMOND,2,3,0.4,0.375,-2.500000000000002,0.30000000000000004
Draven|16.3,Draven,16.3,16.2,True,,rank,MASTER+,0,0,0.0,0.0,0.0,0.30000000000000004
Draven|16.3,Draven,16.3,16.2,True,,role,TOP,2,1,0.4,0.125,-27.500000000000004,0.475
Draven|16.3,Draven,16.3,16.2,True,,role,JUNGLE,1,0,0.2,0.0,-20.0,0.475
Draven|16.3,Draven,16.3,16.2,True,,role,MIDDLE,0,1,0.0,0.125,12.5,0.475
Draven|16.3,Draven,16.3,16.2,True,,role,BOTTOM,2,5,0.4,0.625,22.499999999999996,0.475
Draven|16.3,Draven,16.3,16.2,True,,role,UTILITY,0,1,0.0,0.125,12.5,0.475
Ekko|16.3,Ekko,16.3,16.2,True,,rank,GOLD,4,4,0.21052631578947367,0.2857142857142857,7.518796992481203,0.08646616541353383
Ekko|16.3,Ekko,16.3,16.2,True,,rank,PLATINUM,3,1,0.15789473684210525,0.07142857142857142,-8.646616541353383,0.08646616541353383
Ekko|16.3,Ekko,16.3,16.2,True,,rank,EMERALD,4,3,0.21052631578947367,0.21428571428571427,0.37593984962406013,0.08646616541353383
Ekko|16.3,Ekko,16.3,16.2,True,,rank,DIAMOND,4,3,0.21052631578947367,0.21428571428571427,0.37593984962406013,0.08646616541353383
Ekko|16.3,Ekko,16.3,16.2,True,,rank,MASTER+,4,3,0.21052631578947367,0.21428571428571427,0.37593984962406013,0.08646616541353383
Ekko|16.3,Ekko,16.3,16.2,True,,role,TOP,3,1,0.15789473684210525,0.07142857142857142,-8.646616541353383,0.21804511278195488
Ekko|16.3,Ekko,16.3,16.2,True,,role,JUNGLE,4,6,0.21052631578947367,0.42857142857142855,21.804511278195488,0.21804511278195488
Ekko|16.3,Ekko,16.3,16.2,True,,role,MIDDLE,7,5,0.3684210526315789,0.35714285714285715,-1.1278195488721776,0.21804511278195488
Ekko|16.3,Ekko,16.3,16.2,True,,role,BOTTOM,5,2,0.2631578947368421,0.14285714285714285,-12.030075187969924,0.21804511278195488
Ekko|16.3,Ekko,16.3,16.2,True,,role,UTILITY,0,0,0.0,0.0,0.0,0.21804511278195488
Ezreal|16.3,Ezreal,16.3,16.2,True,,rank,GOLD,2,4,0.16666666666666666,0.2,3.3333333333333353,0.3166666666666667
Ezreal|16.3,Ezreal,16.3,16.2,True,,rank,PLATINUM,2,4,0.16666666666666666,0.2,3.3333333333333353,0.3166666666666667
Ezreal|16.3,Ezreal,16.3,16.2,True,,rank,EMERALD,2,6,0.16666666666666666,0.3,13.333333333333334,0.3166666666666667
Ezreal|16.3,Ezreal,16.3,16.2,True,,rank,DIAMOND,5,2,0.4166666666666667,0.1,-31.666666666666664,0.3166666666666667
Ezreal|16.3,Ezreal,16.3,16.2,True,,rank,MASTER+,1,4,0.08333333333333333,0.2,11.666666666666668,0.3166666666666667
Ezreal|16.3,Ezreal,16.3,16.2,True,,role,TOP,2,1,0.16666666666666666,0.05,-11.666666666666666,0.16666666666666666
Ezreal|16.3,Ezreal,16.3,16.2,True,,role,JUNGLE,1,3,0.08333333333333333,0.15,6.666666666666667,0.16666666666666666
Ezreal|16.3,Ezreal,16.3,16.2,True,,role,MIDDLE,3,4,0.25,0.2,-4.999999999999999,0.16666666666666666
Ezreal|16.3,Ezreal,16.3,16.2,True,,role,BOTTOM,6,10,0.5,0.5,0.0,0.16666666666666666
Ezreal|16.3,Ezreal,16.3,16.2,True,,role,UTILITY,0,2,0.0,0.1,10.0,0.16666666666666666
Hecarim|16.3,Hecarim,16.3,16.2,True,,rank,GOLD,1,1,0.25,0.14285714285714285,-10.714285714285715,0.3571428571428571
Hecarim|16.3,Hecarim,16.3,16.2,True,,rank,PLATINUM,0,0,0.0,0.0,0.0,0.3571428571428571
Hecarim|16.3,Hecarim,16.3,16.2,True,,rank,EMERALD,1,0,0.25,0.0,-25.0,0.3571428571428571
Hecarim|16.3,Hecarim,16.3,16.2,True,,rank,DIAMOND,1,3,0.25,0.42857142857142855,17.857142857142854,0.3571428571428571
Hecarim|16.3,Hecarim,16.3,16.2,True,,rank,MASTER+,1,3,0.25,0.42857142857142855,17.857142857142854,0.3571428571428571
Hecarim|16.3,Hecarim,16.3,16.2,True,,role,TOP,1,0,0.25,0.0,-25.0,0.24999999999999997
Hecarim|16.3,Hecarim,16.3,16.2,True,,role,JUNGLE,3,6,0.75,0.8571428571428571,10.71428571428571,0.24999999999999997
Hecarim|16.3,Hecarim,16.3,16.2,True,,role,MIDDLE,0,1,0.0,0.14285714285714285,14.285714285714285,0.24999999999999997
Hecarim|16.3,Hecarim,16.3,16.2,True,,role,BOTTOM,0,0,0.0,0.0,0.0,0.24999999999999997
Hecarim|16.3,Hecarim,16.3,16.2,True,,role,UTILITY,0,0,0.0,0.0,0.0,0.24999999999999997
Heimerdinger|16.3,Heimerdinger,16.3,16.2,True,,rank,GOLD,3,2,0.3333333333333333,0.2857142857142857,-4.761904761904762,0.15873015873015872
Heimerdinger|16.3,Heimerdinger,16.3,16.2,True,,rank,PLATINUM,2,2,0.2222222222222222,0.2857142857142857,6.349206349206349,0.15873015873015872
Heimerdinger|16.3,Heimerdinger,16.3,16.2,True,,rank,EMERALD,1,0,0.1111111111111111,0.0,-11.11111111111111,0.15873015873015872
Heimerdinger|16.3,Heimerdinger,16.3,16.2,True,,rank,DIAMOND,2,2,0.2222222222222222,0.2857142857142857,6.349206349206349,0.15873015873015872
Heimerdinger|16.3,Heimerdinger,16.3,16.2,True,,rank,MASTER+,1,1,0.1111111111111111,0.14285714285714285,3.1746031746031744,0.15873015873015872
Heimerdinger|16.3,Heimerdinger,16.3,16.2,True,,role,TOP,3,3,0.3333333333333333,0.42857142857142855,9.523809523809524,0.19047619047619047
Heimerdinger|16.3,Heimerdinger,16.3,16.2,True,,role,JUNGLE,0,0,0.0,0.0,0.0,0.19047619047619047
Heimerdinger|16.3,Heimerdinger,16.3,16.2,True,,role,MIDDLE,3,1,0.3333333333333333,0.14285714285714285,-19.047619047619047,0.19047619047619047
Heimerdinger|16.3,Heimerdinger,16.3,16.2,True,,role,BOTTOM,1,1,0.1111111111111111,0.14285714285714285,3.1746031746031744,0.19047619047619047
Heimerdinger|16.3,Heimerdinger,16.3,16.2,True,,role,UTILITY,2,2,0.2222222222222222,0.2857142857142857,6.349206349206349,0.19047619047619047
Jayce|16.3,Jayce,16.3,16.2,True,,rank,GOLD,1,1,0.125,0.25,12.5,0.5
Jayce|16.3,Jayce,16.3,16.2,True,,rank,PLATINUM,1,2,0.125,0.5,37.5,0.5
Jayce|16.3,Jayce,16.3,16.2,True,,rank,EMERALD,1,0,0.125,0.0,-12.5,0.5
Jayce|16.3,Jayce,16.3,16.2,True,,rank,DIAMOND,2,0,0.25,0.0,-25.0,0.5
Jayce|16.3,Jayce,16.3,16.2,True,,rank,MASTER+,3,1,0.375,0.25,-12.5,0.5
Jayce|16.3,Jayce,16.3,16.2,True,,role,TOP,1,1,0.125,0.25,12.5,0.25
Jayce|16.3,Jayce,16.3,16.2,True,,role,JUNGLE,2,0,0.25,0.0,-25.0,0.25
Jayce|16.3,Jayce,16.3,16.2,True,,role,MIDDLE,2,1,0.25,0.25,0.0,0.25
Jayce|16.3,Jayce,16.3,16.2,True,,role,BOTTOM,3,2,0.375,0.5,12.5,0.25
Jayce|16.3,Jayce,16.3,16.2,True,,role,UTILITY,0,0,0.0,0.0,0.0,0.25
Kayn|16.3,Kayn,16.3,16.2,True,,rank,GOLD,0,1,0.0,0.1111111111111111,11.11111111111111,0.20833333333333334
Kayn|16.3,Kayn,16.3,16.2,True,,rank,PLATINUM,1,2,0.125,0.2222222222222222,9.722222222222221,0.20833333333333334
Kayn|16.3,Kayn,16.3,16.2,True,,rank,EMERALD,4,4,0.5,0.4444444444444444,-5.555555555555558,0.20833333333333334
Kayn|16.3,Kayn,16.3,16.2,True,,rank,DIAMOND,2,1,0.25,0.1111111111111111,-13.88888888888889,0.20833333333333334
Kayn|16.3,Kayn,16.3,16.2,True,,rank,MASTER+,1,1,0.125,0.1111111111111111,-1.3888888888888895,0.20833333333333334
Kayn|16.3,Kayn,16.3,16.2,True,,role,TOP,0,0,0.0,0.0,0.0,0.20833333333333334
Kayn|16.3,Kayn,16.3,16.2,True,,role,JUNGLE,6,6,0.75,0.6666666666666666,-8.333333333333337,0.20833333333333334
Kayn|16.3,Kayn,16.3,16.2,True,,role,MIDDLE,0,1,0.0,0.1111111111111111,11.11111111111111,0.20833333333333334
Kayn|16.3,Kayn,16.3,16.2,True,,role,BOTTOM,1,2,0.125,0.2222222222222222,9.722222222222221,0.20833333333333334
Kayn|16.3,Kayn,16.3,16.2,True,,role,UTILITY,1,0,0.125,0.0,-12.5,0.20833333333333334
Maokai|16.3,Maokai,16.3,16.2,True,,rank,GOLD,0,0,0.0,0.0,0.0,0.5
Maokai|16.3,Maokai,16.3,16.2,True,,rank,PLATINUM,1,2,1.0,0.5,-50.0,0.5
Maokai|16.3,Maokai,16.3,16.2,True,,rank,EMERALD,0,1,0.0,0.25,25.0,0.5
Maokai|16.3,Maokai,16.3,16.2,True,,rank,DIAMOND,0,0,0.0,0.0,0.0,0.5
Maokai|16.3,Maokai,16.3,16.2,True,,rank,MASTER+,0,1,0.0,0.25,25.0,0.5
Maokai|16.3,Maokai,16.3,16.2,True,,role,TOP,0,1,0.0,0.25,25.0,0.5
Maokai|16.3,Maokai,16.3,16.2,True,,role,JUNGLE,0,0,0.0,0.0,0.0,0.5
Maokai|16.3,Maokai,16.3,16.2,True,,role,MIDDLE,0,0,0.0,0.0,0.0,0.5
Maokai|16.3,Maokai,16.3,16.2,True,,role,BOTTOM,0,1,0.0,0.25,25.0,0.5
Maokai|16.3,Maokai,16.3,16.2,True,,role,UTILITY,1,2,1.0,0.5,-50.0,0.5
Mel|16.3,Mel,16.3,16.2,True,,rank,GOLD,5,4,0.4166666666666667,0.5714285714285714,15.476190476190471,0.3333333333333333
Mel|16.3,Mel,16.3,16.2,True,,rank,PLATINUM,1,1,0.08333333333333333,0.14285714285714285,5.952380952380952,0.3333333333333333
Mel|16.3,Mel,16.3,16.2,True,,rank,EMERALD,1,1,0.08333333333333333,0.14285714285714285,5.952380952380952,0.3333333333333333
Mel|16.3,Mel,16.3,16.2,True,,rank,DIAMOND,1,1,0.08333333333333333,0.14285714285714285,5.952380952380952,0.3333333333333333
Mel|16.3,Mel,16.3,16.2,True,,rank,MASTER+,4,0,0.3333333333333333,0.0,-33.33333333333333,0.3333333333333333
Mel|16.3,Mel,16.3,16.2,True,,role,TOP,1,0,0.08333333333333333,0.0,-8.333333333333332,0.2738095238095238
Mel|16.3,Mel,16.3,16.2,True,,role,JUNGLE,1,0,0.08333333333333333,0.0,-8.333333333333332,0.2738095238095238
Mel|16.3,Mel,16.3,16.2,True,,role,MIDDLE,4,4,0.3333333333333333,0.5714285714285714,23.809523809523807,0.2738095238095238
Mel|16.3,Mel,16.3,16.2,True,,role,BOTTOM,3,1,0.25,0.14285714285714285,-10.714285714285715,0.2738095238095238
Mel|16.3,Mel,16.3,16.2,True,,role,UTILITY,3,2,0.25,0.2857142857142857,3.57142857142857,0.2738095238095238
Naafiri|16.3,Naafiri,16.3,16.2,True,,rank,GOLD,2,1,0.25,0.14285714285714285,-10.714285714285715,0.3392857142857143
Naafiri|16.3,Naafiri,16.3,16.2,True,,rank,PLATINUM,3,1,0.375,0.14285714285714285,-23.214285714285715,0.3392857142857143
Naafiri|16.3,Naafiri,16.3,16.2,True,,rank,EMERALD,1,3,0.125,0.42857142857142855,30.357142857142854,0.3392857142857143
Naafiri|16.3,Naafiri,16.3,16.2,True,,rank,DIAMOND,1,1,0.125,0.14285714285714285,1.785714285714285,0.3392857142857143
Naafiri|16.3,Naafiri,16.3,16.2,True,,rank,MASTER+,1,1,0.125,0.14285714285714285,1.785714285714285,0.3392857142857143
Naafiri|16.3,Naafiri,16.3,16.2,True,,role,TOP,3,1,0.375,0.14285714285714285,-23.214285714285715,0.4821428571428571
Naafiri|16.3,Naafiri,16.3,16.2,True,,role,JUNGLE,0,0,0.0,0.0,0.0,0.4821428571428571
Naafiri|16.3,Naafiri,16.3,16.2,True,,role,MIDDLE,2,4,0.25,0.5714285714285714,32.14285714285714,0.4821428571428571
Naafiri|16.3,Naafiri,16.3,16.2,True,,role,BOTTOM,1,2,0.125,0.2857142857142857,16.07142857142857,0.4821428571428571
Naafiri|16.3,Naafiri,16.3,16.2,True,,role,UTILITY,2,0,0.25,0.0,-25.0,0.4821428571428571
Nilah|16.3,Nilah,16.3,16.2,True,,rank,GOLD,1,2,0.5,1.0,50.0,0.5
Nilah|16.3,Nilah,16.3,16.2,True,,rank,PLATINUM,0,0,0.0,0.0,0.0,0.5
Nilah|16.3,Nilah,16.3,16.2,True,,rank,EMERALD,0,0,0.0,0.0,0.0,0.5
Nilah|16.3,Nilah,16.3,16.2,True,,rank,DIAMOND,0,0,0.0,0.0,0.0,0.5
Nilah|16.3,Nilah,16.3,16.2,True,,rank,MASTER+,1,0,0.5,0.0,-50.0,0.5
Nilah|16.3,Nilah,16.3,16.2,True,,role,TOP,1,1,0.5,0.5,0.0,0.5
Nilah|16.3,Nilah,16.3,16.2,True,,role,JUNGLE,0,0,0.0,0.0,0.0,0.5
Nilah|16.3,Nilah,16.3,16.2,True,,role,MIDDLE,0,1,0.0,0.5,50.0,0.5
Nilah|16.3,Nilah,16.3,16.2,True,,role,BOTTOM,1,0,0.5,0.0,-50.0,0.5
Nilah|16.3,Nilah,16.3,16.2,True,,role,UTILITY,0,0,0.0,0.0,0.0,0.5
Riven|16.3,Riven,16.3,16.2,True,,rank,GOLD,3,2,0.3333333333333333,0.2857142857142857,-4.761904761904762,0.42857142857142855
Riven|16.3,Riven,16.3,16.2,True,,rank,PLATINUM,4,2,0.4444444444444444,0.2857142857142857,-15.873015873015872,0.42857142857142855
Riven|16.3,Riven,16.3,16.2,True,,rank,EMERALD,0,1,0.0,0.14285714285714285,14.285714285714285,0.42857142857142855
Riven|16.3,Riven,16.3,16.2,True,,rank,DIAMOND,0,2,0.0,0.2857142857142857,28.57142857142857,0.42857142857142855
Riven|16.3,Riven,16.3,16.2,True,,rank,MASTER+,2,0,0.2222222222222222,0.0,-22.22222222222222,0.42857142857142855
Riven|16.3,Riven,16.3,16.2,True,,role,TOP,5,3,0.5555555555555556,0.42857142857142855,-12.698412698412703,0.20634920634920637
Riven|16.3,Riven,16.3,16.2,True,,role,JUNGLE,2,1,0.2222222222222222,0.14285714285714285,-7.936507936507936,0.20634920634920637
Riven|16.3,Riven,16.3,16.2,True,,role,MIDDLE,1,1,0.1111111111111111,0.14285714285714285,3.1746031746031744,0.20634920634920637
Riven|16.3,Riven,16.3,16.2,True,,role,BOTTOM,1,1,0.1111111111111111,0.14285714285714285,3.1746031746031744,0.20634920634920637
Riven|16.3,Riven,16.3,16.2,True,,role,UTILITY,0,1,0.0,0.14285714285714285,14.285714285714285,0.20634920634920637
Ryze|16.3,Ryze,16.3,16.2,True,,rank,GOLD,1,1,0.0625,0.09090909090909091,2.8409090909090913,0.2556818181818182
Ryze|16.3,Ryze,16.3,16.2,True,,rank,PLATINUM,5,1,0.3125,0.09090909090909091,-22.15909090909091,0.2556818181818182
Ryze|16.3,Ryze,16.3,16.2,True,,rank,EMERALD,2,1,0.125,0.09090909090909091,-3.4090909090909087,0.2556818181818182
Ryze|16.3,Ryze,16.3,16.2,True,,rank,DIAMOND,4,3,0.25,0.2727272727272727,2.2727272727272707,0.2556818181818182
Ryze|16.3,Ryze,16.3,16.2,True,,rank,MASTER+,4,5,0.25,0.45454545454545453,20.454545454545453,0.2556818181818182
Ryze|16.3,Ryze,16.3,16.2,True,,role,TOP,1,0,0.0625,0.0,-6.25,0.19318181818181818
Ryze|16.3,Ryze,16.3,16.2,True,,role,JUNGLE,2,0,0.125,0.0,-12.5,0.19318181818181818
Ryze|16.3,Ryze,16.3,16.2,True,,role,MIDDLE,9,7,0.5625,0.6363636363636364,7.386363636363635,0.19318181818181818
Ryze|16.3,Ryze,16.3,16.2,True,,role,BOTTOM,3,2,0.1875,0.18181818181818182,-0.5681818181818177,0.19318181818181818
Ryze|16.3,Ryze,16.3,16.2,True,,role,UTILITY,1,2,0.0625,0.18181818181818182,11.931818181818182,0.19318181818181818
Trundle|16.3,Trundle,16.3,16.2,True,,rank,GOLD,2,2,0.4,0.3333333333333333,-6.6666666666666705,0.13333333333333336
Trundle|16.3,Trundle,16.3,16.2,True,,rank,PLATINUM,1,2,0.2,0.3333333333333333,13.33333333333333,0.13333333333333336
Trundle|16.3,Trundle,16.3,16.2,True,,rank,EMERALD,1,1,0.2,0.16666666666666666,-3.3333333333333353,0.13333333333333336
Trundle|16.3,Trundle,16.3,16.2,True,,rank,DIAMOND,1,1,0.2,0.16666666666666666,-3.3333333333333353,0.13333333333333336
Trundle|16.3,Trundle,16.3,16.2,True,,rank,MASTER+,0,0,0.0,0.0,0.0,0.13333333333333336
Trundle|16.3,Trundle,16.3,16.2,True,,role,TOP,1,0,0.2,0.0,-20.0,0.23333333333333334
Trundle|16.3,Trundle,16.3,16.2,True,,role,JUNGLE,1,1,0.2,0.16666666666666666,-3.3333333333333353,0.23333333333333334
Trundle|16.3,Trundle,16.3,16.2,True,,role,MIDDLE,1,2,0.2,0.3333333333333333,13.33333333333333,0.23333333333333334
Trundle|16.3,Trundle,16.3,16.2,True,,role,BOTTOM,0,0,0.0,0.0,0.0,0.23333333333333334
Trundle|16.3,Trundle,16.3,16.2,True,,role,UTILITY,2,3,0.4,0.5,9.999999999999998,0.23333333333333334
Tryndamere|16.3,Tryndamere,16.3,16.2,True,,rank,GOLD,1,1,0.16666666666666666,0.2,3.3333333333333353,0.1333333333333333
Tryndamere|16.3,Tryndamere,16.3,16.2,True,,rank,PLATINUM,2,1,0.3333333333333333,0.2,-13.33333333333333,0.1333333333333333
Tryndamere|16.3,Tryndamere,16.3,16.2,True,,rank,EMERALD,3,3,0.5,0.6,9.999999999999998,0.1333333333333333
Tryndamere|16.3,Tryndamere,16.3,16.2,True,,rank,DIAMOND,0,0,0.0,0.0,0.0,0.1333333333333333
Tryndamere|16.3,Tryndamere,16.3,16.2,True,,rank,MASTER+,0,0,0.0,0.0,0.0,0.1333333333333333
Tryndamere|16.3,Tryndamere,16.3,16.2,True,,role,TOP,3,1,0.5,0.2,-30.0,0.30000000000000004
Tryndamere|16.3,Tryndamere,16.3,16.2,True,,role,JUNGLE,1,1,0.16666666666666666,0.2,3.3333333333333353,0.30000000000000004
Tryndamere|16.3,Tryndamere,16.3,16.2,True,,role,MIDDLE,1,2,0.16666666666666666,0.4,23.333333333333336,0.30000000000000004
Tryndamere|16.3,Tryndamere,16.3,16.2,True,,role,BOTTOM,1,1,0.16666666666666666,0.2,3.3333333333333353,0.30000000000000004
Tryndamere|16.3,Tryndamere,16.3,16.2,True,,role,UTILITY,0,0,0.0,0.0,0.0,0.30000000000000004
Varus|16.3,Varus,16.3,16.2,True,,rank,GOLD,3,2,0.15,0.14285714285714285,-0.7142857142857145,0.2714285714285714
Varus|16.3,Varus,16.3,16.2,True,,rank,PLATINUM,6,3,0.3,0.21428571428571427,-8.571428571428571,0.2714285714285714
Varus|16.3,Varus,16.3,16.2,True,,rank,EMERALD,5,1,0.25,0.07142857142857142,-17.857142857142858,0.2714285714285714
Varus|16.3,Varus,16.3,16.2,True,,rank,DIAMOND,2,4,0.1,0.2857142857142857,18.57142857142857,0.2714285714285714
Varus|16.3,Varus,16.3,16.2,True,,rank,MASTER+,4,4,0.2,0.2857142857142857,8.57142857142857,0.2714285714285714
Varus|16.3,Varus,16.3,16.2,True,,role,TOP,8,2,0.4,0.14285714285714285,-25.71428571428572,0.35714285714285715
Varus|16.3,Varus,16.3,16.2,True,,role,JUNGLE,1,0,0.05,0.0,-5.0,0.35714285714285715
Varus|16.3,Varus,16.3,16.2,True,,role,MIDDLE,1,4,0.05,0.2857142857142857,23.57142857142857,0.35714285714285715
Varus|16.3,Varus,16.3,16.2,True,,role,BOTTOM,9,8,0.45,0.5714285714285714,12.142857142857139,0.35714285714285715
Varus|16.3,Varus,16.3,16.2,True,,role,UTILITY,1,0,0.05,0.0,-5.0,0.35714285714285715
Vi|16.3,Vi,16.3,16.2,True,,rank,GOLD,2,1,0.3333333333333333,0.2,-13.33333333333333,0.43333333333333335
Vi|16.3,Vi,16.3,16.2,True,,rank,PLATINUM,1,0,0.16666666666666666,0.0,-16.666666666666664,0.43333333333333335
Vi|16.3,Vi,16.3,16.2,True,,rank,EMERALD,1,1,0.16666666666666666,0.2,3.3333333333333353,0.43333333333333335
Vi|16.3,Vi,16.3,16.2,True,,rank,DIAMOND,2,1,0.3333333333333333,0.2,-13.33333333333333,0.43333333333333335
Vi|16.3,Vi,16.3,16.2,True,,rank,MASTER+,0,2,0.0,0.4,40.0,0.43333333333333335
Vi|16.3,Vi,16.3,16.2,True,,role,TOP,1,0,0.16666666666666666,0.0,-16.666666666666664,0.5
Vi|16.3,Vi,16.3,16.2,True,,role,JUNGLE,2,2,0.3333333333333333,0.4,6.6666666666666705,0.5
Vi|16.3,Vi,16.3,16.2,True,,role,MIDDLE,1,1,0.16666666666666666,0.2,3.3333333333333353,0.5
Vi|16.3,Vi,16.3,16.2,True,,role,BOTTOM,0,2,0.0,0.4,40.0,0.5
Vi|16.3,Vi,16.3,16.2,True,,role,UTILITY,2,0,0.3333333333333333,0.0,-33.33333333333333,0.5
Volibear|16.3,Volibear,16.3,16.2,True,,rank,GOLD,1,2,0.05555555555555555,0.2222222222222222,16.666666666666664,0.2222222222222222
Volibear|16.3,Volibear,16.3,16.2,True,,rank,PLATINUM,4,2,0.2222222222222222,0.2222222222222222,0.0,0.2222222222222222
Volibear|16.3,Volibear,16.3,16.2,True,,rank,EMERALD,5,3,0.2777777777777778,0.3333333333333333,5.555555555555553,0.2222222222222222
Volibear|16.3,Volibear,16.3,16.2,True,,rank,DIAMOND,4,2,0.2222222222222222,0.2222222222222222,0.0,0.2222222222222222
Volibear|16.3,Volibear,16.3,16.2,True,,rank,MASTER+,4,0,0.2222222222222222,0.0,-22.22222222222222,0.2222222222222222
Volibear|16.3,Volibear,16.3,16.2,True,,role,TOP,6,3,0.3333333333333333,0.3333333333333333,0.0,0.11111111111111112
Volibear|16.3,Volibear,16.3,16.2,True,,role,JUNGLE,5,2,0.2777777777777778,0.2222222222222222,-5.555555555555558,0.11111111111111112
Volibear|16.3,Volibear,16.3,16.2,True,,role,MIDDLE,2,1,0.1111111111111111,0.1111111111111111,0.0,0.11111111111111112
Volibear|16.3,Volibear,16.3,16.2,True,,role,BOTTOM,4,3,0.2222222222222222,0.3333333333333333,11.11111111111111,0.11111111111111112
Volibear|16.3,Volibear,16.3,16.2,True,,role,UTILITY,1,0,0.05555555555555555,0.0,-5.555555555555555,0.11111111111111112
Xin Zhao|16.3,Xin Zhao,16.3,16.2,True,,rank,GOLD,0,0,,,,
Xin Zhao|16.3,Xin Zhao,16.3,16.2,True,,rank,PLATINUM,0,0,,,,
Xin Zhao|16.3,Xin Zhao,16.3,16.2,True,,rank,EMERALD,0,0,,,,
Xin Zhao|16.3,Xin Zhao,16.3,16.2,True,,rank,DIAMOND,0,0,,,,
Xin Zhao|16.3,Xin Zhao,16.3,16.2,True,,rank,MASTER+,0,0,,,,
Xin Zhao|16.3,Xin Zhao,16.3,16.2,True,,role,TOP,0,0,,,,
Xin Zhao|16.3,Xin Zhao,16.3,16.2,True,,role,JUNGLE,0,0,,,,
Xin Zhao|16.3,Xin Zhao,16.3,16.2,True,,role,MIDDLE,0,0,,,,
Xin Zhao|16.3,Xin Zhao,16.3,16.2,True,,role,BOTTOM,0,0,,,,
Xin Zhao|16.3,Xin Zhao,16.3,16.2,True,,role,UTILITY,0,0,,,,
Yone|16.3,Yone,16.3,16.2,True,,rank,GOLD,2,5,0.14285714285714285,0.25,10.714285714285715,0.2714285714285714
Yone|16.3,Yone,16.3,16.2,True,,rank,PLATINUM,4,1,0.2857142857142857,0.05,-23.57142857142857,0.2714285714285714
Yone|16.3,Yone,16.3,16.2,True,,rank,EMERALD,2,3,0.14285714285714285,0.15,0.7142857142857145,0.2714285714285714
Yone|16.3,Yone,16.3,16.2,True,,rank,DIAMOND,4,5,0.2857142857142857,0.25,-3.57142857142857,0.2714285714285714
Yone|16.3,Yone,16.3,16.2,True,,rank,MASTER+,2,6,0.14285714285714285,0.3,15.714285714285714,0.2714285714285714
Yone|16.3,Yone,16.3,16.2,True,,role,TOP,2,4,0.14285714285714285,0.2,5.714285714285716,0.10714285714285716
Yone|16.3,Yone,16.3,16.2,True,,role,JUNGLE,3,3,0.21428571428571427,0.15,-6.428571428571428,0.10714285714285716
Yone|16.3,Yone,16.3,16.2,True,,role,MIDDLE,7,11,0.5,0.55,5.000000000000004,0.10714285714285716
Yone|16.3,Yone,16.3,16.2,True,,role,BOTTOM,2,2,0.14285714285714285,0.1,-4.285714285714285,0.10714285714285716
Yone|16.3,Yone,16.3,16.2,True,,role,UTILITY,0,0,0.0,0.0,0.0,0.10714285714285716
Zaahen|16.3,Zaahen,16.3,16.2,True,,rank,GOLD,3,2,0.2,0.125,-7.500000000000001,0.2833333333333333
Zaahen|16.3,Zaahen,16.3,16.2,True,,rank,PLATINUM,5,2,0.3333333333333333,0.125,-20.833333333333332,0.2833333333333333
Zaahen|16.3,Zaahen,16.3,16.2,True,,rank,EMERALD,2,4,0.13333333333333333,0.25,11.666666666666666,0.2833333333333333
Zaahen|16.3,Zaahen,16.3,16.2,True,,rank,DIAMOND,1,3,0.06666666666666667,0.1875,12.083333333333334,0.2833333333333333
Zaahen|16.3,Zaahen,16.3,16.2,True,,rank,MASTER+,4,5,0.26666666666666666,0.3125,4.583333333333334,0.2833333333333333
Zaahen|16.3,Zaahen,16.3,16.2,True,,role,TOP,6,5,0.4,0.3125,-8.750000000000002,0.1791666666666667
Zaahen|16.3,Zaahen,16.3,16.2,True,,role,JUNGLE,2,4,0.13333333333333333,0.25,11.666666666666666,0.1791666666666667
Zaahen|16.3,Zaahen,16.3,16.2,True,,role,MIDDLE,4,4,0.26666666666666666,0.25,-1.6666666666666663,0.1791666666666667
Zaahen|16.3,Zaahen,16.3,16.2,True,,role,BOTTOM,3,2,0.2,0.125,-7.500000000000001,0.1791666666666667
Zaahen|16.3,Zaahen,16.3,16.2,True,,role,UTILITY,0,1,0.0,0.0625,6.25,0.1791666666666667
Zed|16.3,Zed,16.3,16.2,True,,rank,GOLD,5,3,0.2777777777777778,0.25,-2.777777777777779,0.19444444444444445
Zed|16.3,Zed,16.3,16.2,True,,rank,PLATINUM,2,1,0.1111111111111111,0.08333333333333333,-2.7777777777777777,0.19444444444444445
Zed|16.3,Zed,16.3,16.2,True,,rank,EMERALD,4,1,0.2222222222222222,0.08333333333333333,-13.88888888888889,0.19444444444444445
Zed|16.3,Zed,16.3,16.2,True,,rank,DIAMOND,4,3,0.2222222222222222,0.25,2.777777777777779,0.19444444444444445
Zed|16.3,Zed,16.3,16.2,True,,rank,MASTER+,3,4,0.16666666666666666,0.3333333333333333,16.666666666666664,0.19444444444444445
Zed|16.3,Zed,16.3,16.2,True,,role,TOP,1,0,0.05555555555555555,0.0,-5.555555555555555,0.2222222222222222
Zed|16.3,Zed,16.3,16.2,True,,role,JUNGLE,2,0,0.1111111111111111,0.0,-11.11111111111111,0.2222222222222222
Zed|16.3,Zed,16.3,16.2,True,,role,MIDDLE,11,10,0.6111111111111112,0.8333333333333334,22.22222222222222,0.2222222222222222
Zed|16.3,Zed,16.3,16.2,True,,role,BOTTOM,3,2,0.16666666666666666,0.16666666666666666,0.0,0.2222222222222222
Zed|16.3,Zed,16.3,16.2,True,,role,UTILITY,1,0,0.05555555555555555,0.0,-5.555555555555555,0.2222222222222222
Ambessa|16.4,Ambessa,16.4,16.3,True,,rank,GOLD,1,1,0.07692307692307693,0.125,4.8076923076923075,0.28846153846153844
Ambessa|16.4,Ambessa,16.4,16.3,True,,rank,PLATINUM,3,1,0.23076923076923078,0.125,-10.576923076923078,0.28846153846153844
Ambessa|16.4,Ambessa,16.4,16.3,True,,rank,EMERALD,4,1,0.3076923076923077,0.125,-18.26923076923077,0.28846153846153844
Ambessa|16.4,Ambessa,16.4,16.3,True,,rank,DIAMOND,3,2,0.23076923076923078,0.25,1.9230769230769218,0.28846153846153844
Ambessa|16.4,Ambessa,16.4,16.3,True,,rank,MASTER+,2,3,0.15384615384615385,0.375,22.115384615384613,0.28846153846153844
Ambessa|16.4,Ambessa,16.4,16.3,True,,role,TOP,5,2,0.38461538461538464,0.25,-13.461538461538463,0.16346153846153846
Ambessa|16.4,Ambessa,16.4,16.3,True,,role,JUNGLE,2,2,0.15384615384615385,0.25,9.615384615384615,0.16346153846153846
Ambessa|16.4,Ambessa,16.4,16.3,True,,role,MIDDLE,3,2,0.23076923076923078,0.25,1.9230769230769218,0.16346153846153846
Ambessa|16.4,Ambessa,16.4,16.3,True,,role,BOTTOM,1,1,0.07692307692307693,0.125,4.8076923076923075,0.16346153846153846
Ambessa|16.4,Ambessa,16.4,16.3,True,,role,UTILITY,2,1,0.15384615384615385,0.125,-2.8846153846153855,0.16346153846153846
Annie|16.4,Annie,16.4,16.3,True,,rank,GOLD,1,1,0.2,0.25,4.999999999999999,0.35
Annie|16.4,Annie,16.4,16.3,True,,rank,PLATINUM,1,0,0.2,0.0,-20.0,0.35
Annie|16.4,Annie,16.4,16.3,True,,rank,EMERALD,2,1,0.4,0.25,-15.000000000000002,0.35
Annie|16.4,Annie,16.4,16.3,True,,rank,DIAMOND,0,1,0.0,0.25,25.0,0.35
Annie|16.4,Annie,16.4,16.3,True,,rank,MASTER+,1,1,0.2,0.25,4.999999999999999,0.35
Annie|16.4,Annie,16.4,16.3,True,,role,TOP,1,1,0.2,0.25,4.999999999999999,0.30000000000000004
Annie|16.4,Annie,16.4,16.3,True,,role,JUNGLE,0,0,0.0,0.0,0.0,0.30000000000000004
Annie|16.4,Annie,16.4,16.3,True,,role,MIDDLE,4,2,0.8,0.5,-30.000000000000004,0.30000000000000004
Annie|16.4,Annie,16.4,16.3,True,,role,BOTTOM,0,0,0.0,0.0,0.0,0.30000000000000004
Annie|16.4,Annie,16.4,16.3,True,,role,UTILITY,0,1,0.0,0.25,25.0,0.30000000000000004
Aphelios|16.4,Aphelios,16.4,16.3,True,,rank,GOLD,1,0,0.09090909090909091,0.0,-9.090909090909092,0.34545454545454546
Aphelios|16.4,Aphelios,16.4,16.3,True,,rank,PLATINUM,1,0,0.09090909090909091,0.0,-9.090909090909092,0.34545454545454546
Aphelios|16.4,Aphelios,16.4,16.3,True,,rank,EMERALD,1,0,0.09090909090909091,0.0,-9.090909090909092,0.34545454545454546
Aphelios|16.4,Aphelios,16.4,16.3,True,,rank,DIAMOND,5,4,0.45454545454545453,0.8,34.545454545454554,0.34545454545454546
Aphelios|16.4,Aphelios,16.4,16.3,True,,rank,MASTER+,3,1,0.2727272727272727,0.2,-7.27272727272727,0.34545454545454546
Aphelios|16.4,Aphelios,16.4,16.3,True,,role,TOP,1,0,0.09090909090909091,0.0,-9.090909090909092,0.30909090909090914
Aphelios|16.4,Aphelios,16.4,16.3,True,,role,JUNGLE,0,0,0.0,0.0,0.0,0.30909090909090914
Aphelios|16.4,Aphelios,16.4,16.3,True,,role,MIDDLE,1,1,0.09090909090909091,0.2,10.90909090909091,0.30909090909090914
Aphelios|16.4,Aphelios,16.4,16.3,True,,role,BOTTOM,9,3,0.8181818181818182,0.6,-21.818181818181827,0.30909090909090914
Aphelios|16.4,Aphelios,16.4,16.3,True,,role,UTILITY,0,1,0.0,0.2,20.0,0.30909090909090914
Brand|16.4,Brand,16.4,16.3,True,,rank,GOLD,2,4,0.18181818181818182,0.4,21.81818181818182,0.33636363636363636
Brand|16.4,Brand,16.4,16.3,True,,rank,PLATINUM,3,1,0.2727272727272727,0.1,-17.27272727272727,0.33636363636363636
Brand|16.4,Brand,16.4,16.3,True,,rank,EMERALD,2,1,0.18181818181818182,0.1,-8.181818181818182,0.33636363636363636
Brand|16.4,Brand,16.4,16.3,True,,rank,DIAMOND,2,3,0.18181818181818182,0.3,11.818181818181817,0.33636363636363636
Brand|16.4,Brand,16.4,16.3,True,,rank,MASTER+,2,1,0.18181818181818182,0.1,-8.181818181818182,0.33636363636363636
Brand|16.4,Brand,16.4,16.3,True,,role,TOP,2,1,0.18181818181818182,0.1,-8.181818181818182,0.13636363636363635
Brand|16.4,Brand,16.4,16.3,True,,role,JUNGLE,0,0,0.0,0.0,0.0,0.13636363636363635
Brand|16.4,Brand,16.4,16.3,True,,role,MIDDLE,2,3,0.18181818181818182,0.3,11.818181818181817,0.13636363636363635
Brand|16.4,Brand,16.4,16.3,True,,role,BOTTOM,2,2,0.18181818181818182,0.2,1.8181818181818188,0.13636363636363635
Brand|16.4,Brand,16.4,16.3,True,,role,UTILITY,5,4,0.45454545454545453,0.4,-5.454545454545451,0.13636363636363635
Braum|16.4,Braum,16.4,16.3,True,,rank,GOLD,1,2,0.05263157894736842,0.14285714285714285,9.022556390977442,0.2932330827067669
Braum|16.4,Braum,16.4,16.3,True,,rank,PLATINUM,2,3,0.10526315789473684,0.21428571428571427,10.902255639097744,0.2932330827067669
Braum|16.4,Braum,16.4,16.3,True,,rank,EMERALD,7,3,0.3684210526315789,0.21428571428571427,-15.413533834586465,0.2932330827067669
Braum|16.4,Braum,16.4,16.3,True,,rank,DIAMOND,5,5,0.2631578947368421,0.35714285714285715,9.398496240601506,0.2932330827067669
Braum|16.4,Braum,16.4,16.3,True,,rank,MASTER+,4,1,0.21052631578947367,0.07142857142857142,-13.909774436090224,0.2932330827067669
Braum|16.4,Braum,16.4,16.3,True,,role,TOP,1,0,0.05263157894736842,0.0,-5.263157894736842,0.3157894736842105
Braum|16.4,Braum,16.4,16.3,True,,role,JUNGLE,1,2,0.05263157894736842,0.14285714285714285,9.022556390977442,0.3157894736842105
Braum|16.4,Braum,16.4,16.3,True,,role,MIDDLE,1,1,0.05263157894736842,0.07142857142857142,1.8796992481203008,0.3157894736842105
Braum|16.4,Braum,16.4,16.3,True,,role,BOTTOM,5,0,0.2631578947368421,0.0,-26.31578947368421,0.3157894736842105
Braum|16.4,Braum,16.4,16.3,True,,role,UTILITY,11,11,0.5789473684210527,0.7857142857142857,20.676691729323306,0.3157894736842105
Camille|16.4,Camille,16.4,16.3,True,,rank,GOLD,1,0,0.25,0.0,-25.0,0.25
Camille|16.4,Camille,16.4,16.3,True,,rank,PLATINUM,2,2,0.5,0.5,0.0,0.25
Camille|16.4,Camille,16.4,16.3,True,,rank,EMERALD,0,0,0.0,0.0,0.0,0.25
Camille|16.4,Camille,16.4,16.3,True,,rank,DIAMOND,1,1,0.25,0.25,0.0,0.25
Camille|16.4,Camille,16.4,16.3,True,,rank,MASTER+,0,1,0.0,0.25,25.0,0.25
Camille|16.4,Camille,16.4,16.3,True,,role,TOP,3,1,0.75,0.25,-50.0,0.5
Camille|16.4,Camille,16.4,16.3,True,,role,JUNGLE,0,0,0.0,0.0,0.0,0.5
Camille|16.4,Camille,16.4,16.3,True,,role,MIDDLE,1,2,0.25,0.5,25.0,0.5
Camille|16.4,Camille,16.4,16.3,True,,role,BOTTOM,0,1,0.0,0.25,25.0,0.5
Camille|16.4,Camille,16.4,16.3,True,,role,UTILITY,0,0,0.0,0.0,0.0,0.5
Darius|16.4,Darius,16.4,16.3,True,,rank,GOLD,3,2,0.25,0.16666666666666666,-8.333333333333334,0.33333333333333337
Darius|16.4,Darius,16.4,16.3,True,,rank,PLATINUM,1,3,0.08333333333333333,0.25,16.666666666666668,0.33333333333333337
Darius|16.4,Darius,16.4,16.3,True,,rank,EMERALD,5,3,0.4166666666666667,0.25,-16.666666666666668,0.33333333333333337
Darius|16.4,Darius,16.4,16.3,True,,rank,DIAMOND,2,1,0.16666666666666666,0.08333333333333333,-8.333333333333332,0.33333333333333337
Darius|16.4,Darius,16.4,16.3,True,,rank,MASTER+,1,3,0.08333333333333333,0.25,16.666666666666668,0.33333333333333337
Darius|16.4,Darius,16.4,16.3,True,,role,TOP,5,7,0.4166666666666667,0.5833333333333334,16.666666666666668,0.16666666666666669
Darius|16.4,Darius,16.4,16.3,True,,role,JUNGLE,2,2,0.16666666666666666,0.16666666666666666,0.0,0.16666666666666669
Darius|16.4,Darius,16.4,16.3,True,,role,MIDDLE,3,1,0.25,0.08333333333333333,-16.666666666666668,0.16666666666666669
Darius|16.4,Darius,16.4,16.3,True,,role,BOTTOM,1,1,0.08333333333333333,0.08333333333333333,0.0,0.16666666666666669
Darius|16.4,Darius,16.4,16.3,True,,role,UTILITY,1,1,0.08333333333333333,0.08333333333333333,0.0,0.16666666666666669
Fizz|16.4,Fizz,16.4,16.3,True,,rank,GOLD,1,1,0.16666666666666666,0.1,-6.666666666666665,0.3
Fizz|16.4,Fizz,16.4,16.3,True,,rank,PLATINUM,2,4,0.3333333333333333,0.4,6.6666666666666705,0.3
Fizz|16.4,Fizz,16.4,16.3,True,,rank,EMERALD,1,3,0.16666666666666666,0.3,13.333333333333334,0.3
Fizz|16.4,Fizz,16.4,16.3,True,,rank,DIAMOND,2,1,0.3333333333333333,0.1,-23.333333333333332,0.3
Fizz|16.4,Fizz,16.4,16.3,True,,rank,MASTER+,0,1,0.0,0.1,10.0,0.3
Fizz|16.4,Fizz,16.4,16.3,True,,role,TOP,3,5,0.5,0.5,0.0,0.23333333333333334
Fizz|16.4,Fizz,16.4,16.3,True,,role,JUNGLE,0,1,0.0,0.1,10.0,0.23333333333333334
Fizz|16.4,Fizz,16.4,16.3,True,,role,MIDDLE,2,1,0.3333333333333333,0.1,-23.333333333333332,0.23333333333333334
Fizz|16.4,Fizz,16.4,16.3,True,,role,BOTTOM,1,3,0.16666666666666666,0.3,13.333333333333334,0.23333333333333334
Fizz|16.4,Fizz,16.4,16.3,True,,role,UTILITY,0,0,0.0,0.0,0.0,0.23333333333333334
Graves|16.4,Graves,16.4,16.3,True,,rank,GOLD,1,2,0.125,0.2,7.500000000000001,0.35000000000000003
Graves|16.4,Graves,16.4,16.3,True,,rank,PLATINUM,3,1,0.375,0.1,-27.500000000000004,0.35000000000000003
Graves|16.4,Graves,16.4,16.3,True,,rank,EMERALD,0,2,0.0,0.2,20.0,0.35000000000000003
Graves|16.4,Graves,16.4,16.3,True,,rank,DIAMOND,3,3,0.375,0.3,-7.500000000000001,0.35000000000000003
Graves|16.4,Graves,16.4,16.3,True,,rank,MASTER+,1,2,0.125,0.2,7.500000000000001,0.35000000000000003
Graves|16.4,Graves,16.4,16.3,True,,role,TOP,1,0,0.125,0.0,-12.5,0.45
Graves|16.4,Graves,16.4,16.3,True,,role,JUNGLE,5,3,0.625,0.3,-32.5,0.45
Graves|16.4,Graves,16.4,16.3,True,,role,MIDDLE,2,3,0.25,0.3,4.999999999999999,0.45
Graves|16.4,Graves,16.4,16.3,True,,role,BOTTOM,0,4,0.0,0.4,40.0,0.45
Graves|16.4,Graves,16.4,16.3,True,,role,UTILITY,0,0,0.0,0.0,0.0,0.45
Gwen|16.4,Gwen,16.4,16.3,True,,rank,GOLD,2,1,0.15384615384615385,0.1111111111111111,-4.273504273504275,0.28205128205128205
Gwen|16.4,Gwen,16.4,16.3,True,,rank,PLATINUM,2,1,0.15384615384615385,0.1111111111111111,-4.273504273504275,0.28205128205128205
Gwen|16.4,Gwen,16.4,16.3,True,,rank,EMERALD,2,3,0.15384615384615385,0.3333333333333333,17.948717948717945,0.28205128205128205
Gwen|16.4,Gwen,16.4,16.3,True,,rank,DIAMOND,4,1,0.3076923076923077,0.1111111111111111,-19.65811965811966,0.28205128205128205
Gwen|16.4,Gwen,16.4,16.3,True,,rank,MASTER+,3,3,0.23076923076923078,0.3333333333333333,10.256410256410254,0.28205128205128205
Gwen|16.4,Gwen,16.4,16.3,True,,role,TOP,3,1,0.23076923076923078,0.1111111111111111,-11.965811965811968,0.3504273504273504
Gwen|16.4,Gwen,16.4,16.3,True,,role,JUNGLE,4,5,0.3076923076923077,0.5555555555555556,24.786324786324787,0.3504273504273504
Gwen|16.4,Gwen,16.4,16.3,True,,role,MIDDLE,3,3,0.23076923076923078,0.3333333333333333,10.256410256410254,0.3504273504273504
Gwen|16.4,Gwen,16.4,16.3,True,,role,BOTTOM,3,0,0.23076923076923078,0.0,-23.076923076923077,0.3504273504273504
Gwen|16.4,Gwen,16.4,16.3,True,,role,UTILITY,0,0,0.0,0.0,0.0,0.3504273504273504
Hwei|16.4,Hwei,16.4,16.3,True,,rank,GOLD,0,0,0.0,0.0,0.0,0.16666666666666666
Hwei|16.4,Hwei,16.4,16.3,True,,rank,PLATINUM,1,1,0.3333333333333333,0.16666666666666666,-16.666666666666664,0.16666666666666666
Hwei|16.4,Hwei,16.4,16.3,True,,rank,EMERALD,0,1,0.0,0.16666666666666666,16.666666666666664,0.16666666666666666
Hwei|16.4,Hwei,16.4,16.3,True,,rank,DIAMOND,1,2,0.3333333333333333,0.3333333333333333,0.0,0.16666666666666666
Hwei|16.4,Hwei,16.4,16.3,True,,rank,MASTER+,1,2,0.3333333333333333,0.3333333333333333,0.0,0.16666666666666666
Hwei|16.4,Hwei,16.4,16.3,True,,role,TOP,1,0,0.3333333333333333,0.0,-33.33333333333333,0.5
Hwei|16.4,Hwei,16.4,16.3,True,,role,JUNGLE,0,0,0.0,0.0,0.0,0.5
Hwei|16.4,Hwei,16.4,16.3,True,,role,MIDDLE,0,3,0.0,0.5,50.0,0.5
Hwei|16.4,Hwei,16.4,16.3,True,,role,BOTTOM,1,1,0.3333333333333333,0.16666666666666666,-16.666666666666664,0.5
Hwei|16.4,Hwei,16.4,16.3,True,,role,UTILITY,1,2,0.3333333333333333,0.3333333333333333,0.0,0.5
Illaoi|16.4,Illaoi,16.4,16.3,True,,rank,GOLD,1,1,0.3333333333333333,0.2,-13.33333333333333,0.26666666666666666
Illaoi|16.4,Illaoi,16.4,16.3,True,,rank,PLATINUM,1,1,0.3333333333333333,0.2,-13.33333333333333,0.26666666666666666
Illaoi|16.4,Illaoi,16.4,16.3,True,,rank,EMERALD,1,2,0.3333333333333333,0.4,6.6666666666666705,0.26666666666666666
Illaoi|16.4,Illaoi,16.4,16.3,True,,rank,DIAMOND,0,0,0.0,0.0,0.0,0.26666666666666666
Illaoi|16.4,Illaoi,16.4,16.3,True,,rank,MASTER+,0,1,0.0,0.2,20.0,0.26666666666666666
Illaoi|16.4,Illaoi,16.4,16.3,True,,role,TOP,2,4,0.6666666666666666,0.8,13.333333333333341,0.33333333333333337
Illaoi|16.4,Illaoi,16.4,16.3,True,,role,JUNGLE,0,1,0.0,0.2,20.0,0.33333333333333337
Illaoi|16.4,Illaoi,16.4,16.3,True,,role,MIDDLE,0,0,0.0,0.0,0.0,0.33333333333333337
Illaoi|16.4,Illaoi,16.4,16.3,True,,role,BOTTOM,1,0,0.3333333333333333,0.0,-33.33333333333333,0.33333333333333337
Illaoi|16.4,Illaoi,16.4,16.3,True,,role,UTILITY,0,0,0.0,0.0,0.0,0.33333333333333337
Jinx|16.4,Jinx,16.4,16.3,True,,rank,GOLD,2,3,0.09523809523809523,0.1875,9.226190476190476,0.21428571428571427
Jinx|16.4,Jinx,16.4,16.3,True,,rank,PLATINUM,5,3,0.23809523809523808,0.1875,-5.059523809523808,0.21428571428571427
Jinx|16.4,Jinx,16.4,16.3,True,,rank,EMERALD,4,5,0.19047619047619047,0.3125,12.202380952380953,0.21428571428571427
Jinx|16.4,Jinx,16.4,16.3,True,,rank,DIAMOND,5,2,0.23809523809523808,0.125,-11.309523809523808,0.21428571428571427
Jinx|16.4,Jinx,16.4,16.3,True,,rank,MASTER+,5,3,0.23809523809523808,0.1875,-5.059523809523808,0.21428571428571427
Jinx|16.4,Jinx,16.4,16.3,True,,role,TOP,0,1,0.0,0.0625,6.25,0.1369047619047619
Jinx|16.4,Jinx,16.4,16.3,True,,role,JUNGLE,2,2,0.09523809523809523,0.125,2.9761904761904767,0.1369047619047619
Jinx|16.4,Jinx,16.4,16.3,True,,role,MIDDLE,2,2,0.09523809523809523,0.125,2.9761904761904767,0.1369047619047619
Jinx|16.4,Jinx,16.4,16.3,True,,role,BOTTOM,16,10,0.7619047619047619,0.625,-13.690476190476186,0.1369047619047619
Jinx|16.4,Jinx,16.4,16.3,True,,role,UTILITY,1,1,0.047619047619047616,0.0625,1.4880952380952384,0.1369047619047619
Kassadin|16.4,Kassadin,16.4,16.3,True,,rank,GOLD,1,0,0.14285714285714285,0.0,-14.285714285714285,0.5714285714285714
Kassadin|16.4,Kassadin,16.4,16.3,True,,rank,PLATINUM,1,0,0.14285714285714285,0.0,-14.285714285714285,0.5714285714285714
Kassadin|16.4,Kassadin,16.4,16.3,True,,rank,EMERALD,0,1,0.0,0.5,50.0,0.5714285714285714
Kassadin|16.4,Kassadin,16.4,16.3,True,,rank,DIAMOND,2,0,0.2857142857142857,0.0,-28.57142857142857,0.5714285714285714
Kassadin|16.4,Kassadin,16.4,16.3,True,,rank,MASTER+,3,1,0.42857142857142855,0.5,7.142857142857145,0.5714285714285714
Kassadin|16.4,Kassadin,16.4,16.3,True,,role,TOP,0,0,0.0,0.0,0.0,0.8571428571428572
Kassadin|16.4,Kassadin,16.4,16.3,True,,role,JUNGLE,1,0,0.14285714285714285,0.0,-14.285714285714285,0.8571428571428572
Kassadin|16.4,Kassadin,16.4,16.3,True,,role,MIDDLE,5,0,0.7142857142857143,0.0,-71.42857142857143,0.8571428571428572
Kassadin|16.4,Kassadin,16.4,16.3,True,,role,BOTTOM,0,1,0.0,0.5,50.0,0.8571428571428572
Kassadin|16.4,Kassadin,16.4,16.3,True,,role,UTILITY,1,1,0.14285714285714285,0.5,35.714285714285715,0.8571428571428572
Kayle|16.4,Kayle,16.4,16.3,True,,rank,GOLD,6,0,0.5454545454545454,0.0,-54.54545454545454,0.6515151515151515
Kayle|16.4,Kayle,16.4,16.3,True,,rank,PLATINUM,1,3,0.09090909090909091,0.5,40.90909090909091,0.6515151515151515
Kayle|16.4,Kayle,16.4,16.3,True,,rank,EMERALD,2,1,0.18181818181818182,0.16666666666666666,-1.5151515151515165,0.6515151515151515
Kayle|16.4,Kayle,16.4,16.3,True,,rank,DIAMOND,1,0,0.09090909090909091,0.0,-9.090909090909092,0.6515151515151515
Kayle|16.4,Kayle,16.4,16.3,True,,rank,MASTER+,1,2,0.09090909090909091,0.3333333333333333,24.24242424242424,0.6515151515151515
Kayle|16.4,Kayle,16.4,16.3,True,,role,TOP,3,3,0.2727272727272727,0.5,22.72727272727273,0.3787878787878788
Kayle|16.4,Kayle,16.4,16.3,True,,role,JUNGLE,2,2,0.18181818181818182,0.3333333333333333,15.151515151515149,0.3787878787878788
Kayle|16.4,Kayle,16.4,16.3,True,,role,MIDDLE,5,1,0.45454545454545453,0.16666666666666666,-28.787878787878785,0.3787878787878788
Kayle|16.4,Kayle,16.4,16.3,True,,role,BOTTOM,0,0,0.0,0.0,0.0,0.3787878787878788
Kayle|16.4,Kayle,16.4,16.3,True,,role,UTILITY,1,0,0.09090909090909091,0.0,-9.090909090909092,0.3787878787878788
Kennen|16.4,Kennen,16.4,16.3,True,,rank,GOLD,1,0,0.2,0.0,-20.0,0.6
Kennen|16.4,Kennen,16.4,16.3,True,,rank,PLATINUM,1,1,0.2,0.5,30.0,0.6
Kennen|16.4,Kennen,16.4,16.3,True,,rank,EMERALD,0,0,0.0,0.0,0.0,0.6
Kennen|16.4,Kennen,16.4,16.3,True,,rank,DIAMOND,1,1,0.2,0.5,30.0,0.6
Kennen|16.4,Kennen,16.4,16.3,True,,rank,MASTER+,2,0,0.4,0.0,-40.0,0.6
Kennen|16.4,Kennen,16.4,16.3,True,,role,TOP,1,2,0.2,1.0,80.0,0.8
Kennen|16.4,Kennen,16.4,16.3,True,,role,JUNGLE,0,0,0.0,0.0,0.0,0.8
Kennen|16.4,Kennen,16.4,16.3,True,,role,MIDDLE,2,0,0.4,0.0,-40.0,0.8
Kennen|16.4,Kennen,16.4,16.3,True,,role,BOTTOM,1,0,0.2,0.0,-20.0,0.8
Kennen|16.4,Kennen,16.4,16.3,True,,role,UTILITY,1,0,0.2,0.0,-20.0,0.8
Lee Sin|16.4,Lee Sin,16.4,16.3,True,,rank,GOLD,0,0,,,,
Lee Sin|16.4,Lee Sin,16.4,16.3,True,,rank,PLATINUM,0,0,,,,
Lee Sin|16.4,Lee Sin,16.4,16.3,True,,rank,EMERALD,0,0,,,,
Lee Sin|16.4,Lee Sin,16.4,16.3,True,,rank,DIAMOND,0,0,,,,
Lee Sin|16.4,Lee Sin,16.4,16.3,True,,rank,MASTER+,0,0,,,,
Lee Sin|16.4,Lee Sin,16.4,16.3,True,,role,TOP,0,0,,,,
Lee Sin|16.4,Lee Sin,16.4,16.3,True,,role,JUNGLE,0,0,,,,
Lee Sin|16.4,Lee Sin,16.4,16.3,True,,role,MIDDLE,0,0,,,,
Lee Sin|16.4,Lee Sin,16.4,16.3,True,,role,BOTTOM,0,0,,,,
Lee Sin|16.4,Lee Sin,16.4,16.3,True,,role,UTILITY,0,0,,,,
Lux|16.4,Lux,16.4,16.3,True,,rank,GOLD,6,6,0.3157894736842105,0.3,-1.578947368421052,0.28421052631578947
Lux|16.4,Lux,16.4,16.3,True,,rank,PLATINUM,3,5,0.15789473684210525,0.25,9.210526315789474,0.28421052631578947
Lux|16.4,Lux,16.4,16.3,True,,rank,EMERALD,1,4,0.05263157894736842,0.2,14.73684210526316,0.28421052631578947
Lux|16.4,Lux,16.4,16.3,True,,rank,DIAMOND,2,3,0.10526315789473684,0.15,4.473684210526316,0.28421052631578947
Lux|16.4,Lux,16.4,16.3,True,,rank,MASTER+,7,2,0.3684210526315789,0.1,-26.84210526315789,0.28421052631578947
Lux|16.4,Lux,16.4,16.3,True,,role,TOP,1,1,0.05263157894736842,0.05,-0.26315789473684154,0.17894736842105263
Lux|16.4,Lux,16.4,16.3,True,,role,JUNGLE,1,2,0.05263157894736842,0.1,4.736842105263158,0.17894736842105263
Lux|16.4,Lux,16.4,16.3,True,,role,MIDDLE,6,4,0.3157894736842105,0.2,-11.57894736842105,0.17894736842105263
Lux|16.4,Lux,16.4,16.3,True,,role,BOTTOM,4,3,0.21052631578947367,0.15,-6.052631578947368,0.17894736842105263
Lux|16.4,Lux,16.4,16.3,True,,role,UTILITY,7,10,0.3684210526315789,0.5,13.157894736842108,0.17894736842105263
Maokai|16.4,Maokai,16.4,16.3,True,,rank,GOLD,0,0,0.0,0.0,0.0,0.3214285714285714
Maokai|16.4,Maokai,16.4,16.3,True,,rank,PLATINUM,2,3,0.5,0.42857142857142855,-7.142857142857145,0.3214285714285714
Maokai|16.4,Maokai,16.4,16.3,True,,rank,EMERALD,1,2,0.25,0.2857142857142857,3.57142857142857,0.3214285714285714
Maokai|16.4,Maokai,16.4,16.3,True,,rank,DIAMOND,0,2,0.0,0.2857142857142857,28.57142857142857,0.3214285714285714
Maokai|16.4,Maokai,16.4,16.3,True,,rank,MASTER+,1,0,0.25,0.0,-25.0,0.3214285714285714
Maokai|16.4,Maokai,16.4,16.3,True,,role,TOP,1,0,0.25,0.0,-25.0,0.5
Maokai|16.4,Maokai,16.4,16.3,True,,role,JUNGLE,0,1,0.0,0.14285714285714285,14.285714285714285,0.5
Maokai|16.4,Maokai,16.4,16.3,True,,role,MIDDLE,0,0,0.0,0.0,0.0,0.5
Maokai|16.4,Maokai,16.4,16.3,True,,role,BOTTOM,1,0,0.25,0.0,-25.0,0.5
Maokai|16.4,Maokai,16.4,16.3,True,,role,UTILITY,2,6,0.5,0.8571428571428571,35.71428571428571,0.5
Naafiri|16.4,Naafiri,16.4,16.3,True,,rank,GOLD,1,1,0.14285714285714285,0.14285714285714285,0.0,0.42857142857142855
Naafiri|16.4,Naafiri,16.4,16.3,True,,rank,PLATINUM,1,2,0.14285714285714285,0.2857142857142857,14.285714285714285,0.42857142857142855
Naafiri|16.4,Naafiri,16.4,16.3,True,,rank,EMERALD,3,0,0.42857142857142855,0.0,-42.857142857142854,0.42857142857142855
Naafiri|16.4,Naafiri,16.4,16.3,True,,rank,DIAMOND,1,3,0.14285714285714285,0.42857142857142855,28.57142857142857,0.42857142857142855
Naafiri|16.4,Naafiri,16.4,16.3,True,,rank,MASTER+,1,1,0.14285714285714285,0.14285714285714285,0.0,0.42857142857142855
Naafiri|16.4,Naafiri,16.4,16.3,True,,role,TOP,1,2,0.14285714285714285,0.2857142857142857,14.285714285714285,0.42857142857142855
Naafiri|16.4,Naafiri,16.4,16.3,True,,role,JUNGLE,0,1,0.0,0.14285714285714285,14.285714285714285,0.42857142857142855
Naafiri|16.4,Naafiri,16.4,16.3,True,,role,MIDDLE,4,2,0.5714285714285714,0.2857142857142857,-28.57142857142857,0.42857142857142855
Naafiri|16.4,Naafiri,16.4,16.3,True,,role,BOTTOM,2,1,0.2857142857142857,0.14285714285714285,-14.285714285714285,0.42857142857142855
Naafiri|16.4,Naafiri,16.4,16.3,True,,role,UTILITY,0,1,0.0,0.14285714285714285,14.285714285714285,0.42857142857142855
Qiyana|16.4,Qiyana,16.4,16.3,True,,rank,GOLD,0,0,0.0,0.0,0.0,0.475
Qiyana|16.4,Qiyana,16.4,16.3,True,,rank,PLATINUM,1,0,0.125,0.0,-12.5,0.475
Qiyana|16.4,Qiyana,16.4,16.3,True,,rank,EMERALD,1,3,0.125,0.6,47.5,0.475
Qiyana|16.4,Qiyana,16.4,16.3,True,,rank,DIAMOND,4,1,0.5,0.2,-30.0,0.475
Qiyana|16.4,Qiyana,16.4,16.3,True,,rank,MASTER+,2,1,0.25,0.2,-4.999999999999999,0.475
Qiyana|16.4,Qiyana,16.4,16.3,True,,role,TOP,0,0,0.0,0.0,0.0,0.3
Qiyana|16.4,Qiyana,16.4,16.3,True,,role,JUNGLE,3,3,0.375,0.6,22.499999999999996,0.3
Qiyana|16.4,Qiyana,16.4,16.3,True,,role,MIDDLE,3,1,0.375,0.2,-17.5,0.3
Qiyana|16.4,Qiyana,16.4,16.3,True,,role,BOTTOM,1,1,0.125,0.2,7.500000000000001,0.3
Qiyana|16.4,Qiyana,16.4,16.3,True,,role,UTILITY,1,0,0.125,0.0,-12.5,0.3
Rengar|16.4,Rengar,16.4,16.3,True,,rank,GOLD,2,1,0.4,0.25,-15.000000000000002,0.35
Rengar|16.4,Rengar,16.4,16.3,True,,rank,PLATINUM,0,0,0.0,0.0,0.0,0.35
Rengar|16.4,Rengar,16.4,16.3,True,,rank,EMERALD,1,1,0.2,0.25,4.999999999999999,0.35
Rengar|16.4,Rengar,16.4,16.3,True,,rank,DIAMOND,1,0,0.2,0.0,-20.0,0.35
Rengar|16.4,Rengar,16.4,16.3,True,,rank,MASTER+,1,2,0.2,0.5,30.0,0.35
Rengar|16.4,Rengar,16.4,16.3,True,,role,TOP,0,0,0.0,0.0,0.0,0.35
Rengar|16.4,Rengar,16.4,16.3,True,,role,JUNGLE,1,1,0.2,0.25,4.999999999999999,0.35
Rengar|16.4,Rengar,16.4,16.3,True,,role,MIDDLE,3,1,0.6,0.25,-35.0,0.35
Rengar|16.4,Rengar,16.4,16.3,True,,role,BOTTOM,1,2,0.2,0.5,30.0,0.35
Rengar|16.4,Rengar,16.4,16.3,True,,role,UTILITY,0,0,0.0,0.0,0.0,0.35
Rumble|16.4,Rumble,16.4,16.3,True,,rank,GOLD,0,0,0.0,0.0,0.0,0.16666666666666666
Rumble|16.4,Rumble,16.4,16.3,True,,rank,PLATINUM,0,0,0.0,0.0,0.0,0.16666666666666666
Rumble|16.4,Rumble,16.4,16.3,True,,rank,EMERALD,0,0,0.0,0.0,0.0,0.16666666666666666
Rumble|16.4,Rumble,16.4,16.3,True,,rank,DIAMOND,1,1,0.3333333333333333,0.5,16.666666666666668,0.16666666666666666
Rumble|16.4,Rumble,16.4,16.3,True,,rank,MASTER+,2,1,0.6666666666666666,0.5,-16.666666666666664,0.16666666666666666
Rumble|16.4,Rumble,16.4,16.3,True,,role,TOP,1,1,0.3333333333333333,0.5,16.666666666666668,0.33333333333333337
Rumble|16.4,Rumble,16.4,16.3,True,,role,JUNGLE,1,0,0.3333333333333333,0.0,-33.33333333333333,0.33333333333333337
Rumble|16.4,Rumble,16.4,16.3,True,,role,MIDDLE,1,1,0.3333333333333333,0.5,16.666666666666668,0.33333333333333337
Rumble|16.4,Rumble,16.4,16.3,True,,role,BOTTOM,0,0,0.0,0.0,0.0,0.33333333333333337
Rumble|16.4,Rumble,16.4,16.3,True,,role,UTILITY,0,0,0.0,0.0,0.0,0.33333333333333337
Ryze|16.4,Ryze,16.4,16.3,True,,rank,GOLD,1,0,0.09090909090909091,0.0,-9.090909090909092,0.3181818181818182
Ryze|16.4,Ryze,16.4,16.3,True,,rank,PLATINUM,1,1,0.09090909090909091,0.25,15.909090909090908,0.3181818181818182
Ryze|16.4,Ryze,16.4,16.3,True,,rank,EMERALD,1,1,0.09090909090909091,0.25,15.909090909090908,0.3181818181818182
Ryze|16.4,Ryze,16.4,16.3,True,,rank,DIAMOND,3,1,0.2727272727272727,0.25,-2.2727272727272707,0.3181818181818182
Ryze|16.4,Ryze,16.4,16.3,True,,rank,MASTER+,5,1,0.45454545454545453,0.25,-20.454545454545453,0.3181818181818182
Ryze|16.4,Ryze,16.4,16.3,True,,role,TOP,0,1,0.0,0.25,25.0,0.3181818181818182
Ryze|16.4,Ryze,16.4,16.3,True,,role,JUNGLE,0,0,0.0,0.0,0.0,0.3181818181818182
Ryze|16.4,Ryze,16.4,16.3,True,,role,MIDDLE,7,2,0.6363636363636364,0.5,-13.636363636363635,0.3181818181818182
Ryze|16.4,Ryze,16.4,16.3,True,,role,BOTTOM,2,1,0.18181818181818182,0.25,6.8181818181818175,0.3181818181818182
Ryze|16.4,Ryze,16.4,16.3,True,,role,UTILITY,2,0,0.18181818181818182,0.0,-18.181818181818183,0.3181818181818182
Samira|16.4,Samira,16.4,16.3,True,,rank,GOLD,0,2,0.0,0.5,50.0,0.75
Samira|16.4,Samira,16.4,16.3,True,,rank,PLATINUM,0,1,0.0,0.25,25.0,0.75
Samira|16.4,Samira,16.4,16.3,True,,rank,EMERALD,4,1,0.8,0.25,-55.00000000000001,0.75
Samira|16.4,Samira,16.4,16.3,True,,rank,DIAMOND,1,0,0.2,0.0,-20.0,0.75
Samira|16.4,Samira,16.4,16.3,True,,rank,MASTER+,0,0,0.0,0.0,0.0,0.75
Samira|16.4,Samira,16.4,16.3,True,,role,TOP,0,2,0.0,0.5,50.0,0.8
Samira|16.4,Samira,16.4,16.3,True,,role,JUNGLE,3,0,0.6,0.0,-60.0,0.8
Samira|16.4,Samira,16.4,16.3,True,,role,MIDDLE,1,0,0.2,0.0,-20.0,0.8
Samira|16.4,Samira,16.4,16.3,True,,role,BOTTOM,1,2,0.2,0.5,30.0,0.8
Samira|16.4,Samira,16.4,16.3,True,,role,UTILITY,0,0,0.0,0.0,0.0,0.8
Senna|16.4,Senna,16.4,16.3,True,,rank,GOLD,3,3,0.25,0.2,-4.999999999999999,0.15
Senna|16.4,Senna,16.4,16.3,True,,rank,PLATINUM,2,4,0.16666666666666666,0.26666666666666666,10.0,0.15
Senna|16.4,Senna,16.4,16.3,True,,rank,EMERALD,1,2,0.08333333333333333,0.13333333333333333,5.0,0.15
Senna|16.4,Senna,16.4,16.3,True,,rank,DIAMOND,4,5,0.3333333333333333,0.3333333333333333,0.0,0.15
Senna|16.4,Senna,16.4,16.3,True,,rank,MASTER+,2,1,0.16666666666666666,0.06666666666666667,-10.0,0.15
Senna|16.4,Senna,16.4,16.3,True,,role,TOP,1,1,0.08333333333333333,0.06666666666666667,-1.6666666666666663,0.08333333333333334
Senna|16.4,Senna,16.4,16.3,True,,role,JUNGLE,0,0,0.0,0.0,0.0,0.08333333333333334
Senna|16.4,Senna,16.4,16.3,True,,role,MIDDLE,1,2,0.08333333333333333,0.13333333333333333,5.0,0.08333333333333334
Senna|16.4,Senna,16.4,16.3,True,,role,BOTTOM,2,3,0.16666666666666666,0.2,3.3333333333333353,0.08333333333333334
Senna|16.4,Senna,16.4,16.3,True,,role,UTILITY,8,9,0.6666666666666666,0.6,-6.666666666666665,0.08333333333333334
Swain|16.4,Swain,16.4,16.3,True,,rank,GOLD,2,2,0.14285714285714285,0.16666666666666666,2.380952380952381,0.15476190476190477
Swain|16.4,Swain,16.4,16.3,True,,rank,PLATINUM,4,2,0.2857142857142857,0.16666666666666666,-11.904761904761903,0.15476190476190477
Swain|16.4,Swain,16.4,16.3,True,,rank,EMERALD,4,3,0.2857142857142857,0.25,-3.57142857142857,0.15476190476190477
Swain|16.4,Swain,16.4,16.3,True,,rank,DIAMOND,1,2,0.07142857142857142,0.16666666666666666,9.523809523809524,0.15476190476190477
Swain|16.4,Swain,16.4,16.3,True,,rank,MASTER+,3,3,0.21428571428571427,0.25,3.5714285714285725,0.15476190476190477
Swain|16.4,Swain,16.4,16.3,True,,role,TOP,4,4,0.2857142857142857,0.3333333333333333,4.761904761904762,0.2261904761904762
Swain|16.4,Swain,16.4,16.3,True,,role,JUNGLE,0,0,0.0,0.0,0.0,0.2261904761904762
Swain|16.4,Swain,16.4,16.3,True,,role,MIDDLE,4,3,0.2857142857142857,0.25,-3.57142857142857,0.2261904761904762
Swain|16.4,Swain,16.4,16.3,True,,role,BOTTOM,1,3,0.07142857142857142,0.25,17.857142857142858,0.2261904761904762
Swain|16.4,Swain,16.4,16.3,True,,role,UTILITY,5,2,0.35714285714285715,0.16666666666666666,-19.04761904761905,0.2261904761904762
Syndra|16.4,Syndra,16.4,16.3,True,,rank,GOLD,0,1,0.0,0.09090909090909091,9.090909090909092,0.36363636363636365
Syndra|16.4,Syndra,16.4,16.3,True,,rank,PLATINUM,2,3,0.18181818181818182,0.2727272727272727,9.090909090909088,0.36363636363636365
Syndra|16.4,Syndra,16.4,16.3,True,,rank,EMERALD,4,2,0.36363636363636365,0.18181818181818182,-18.181818181818183,0.36363636363636365
Syndra|16.4,Syndra,16.4,16.3,True,,rank,DIAMOND,5,3,0.45454545454545453,0.2727272727272727,-18.181818181818183,0.36363636363636365
Syndra|16.4,Syndra,16.4,16.3,True,,rank,MASTER+,0,2,0.0,0.18181818181818182,18.181818181818183,0.36363636363636365
Syndra|16.4,Syndra,16.4,16.3,True,,role,TOP,2,1,0.18181818181818182,0.09090909090909091,-9.090909090909092,0.18181818181818182
Syndra|16.4,Syndra,16.4,16.3,True,,role,JUNGLE,0,0,0.0,0.0,0.0,0.18181818181818182
Syndra|16.4,Syndra,16.4,16.3,True,,role,MIDDLE,7,7,0.6363636363636364,0.6363636363636364,0.0,0.18181818181818182
Syndra|16.4,Syndra,16.4,16.3,True,,role,BOTTOM,2,1,0.18181818181818182,0.09090909090909091,-9.090909090909092,0.18181818181818182
Syndra|16.4,Syndra,16.4,16.3,True,,role,UTILITY,0,2,0.0,0.18181818181818182,18.181818181818183,0.18181818181818182
Teemo|16.4,Teemo,16.4,16.3,True,,rank,GOLD,2,1,0.25,0.125,-12.5,0.125
Teemo|16.4,Teemo,16.4,16.3,True,,rank,PLATINUM,1,2,0.125,0.25,12.5,0.125
Teemo|16.4,Teemo,16.4,16.3,True,,rank,EMERALD,0,0,0.0,0.0,0.0,0.125
Teemo|16.4,Teemo,16.4,16.3,True,,rank,DIAMOND,3,3,0.375,0.375,0.0,0.125
Teemo|16.4,Teemo,16.4,16.3,True,,rank,MASTER+,2,2,0.25,0.25,0.0,0.125
Teemo|16.4,Teemo,16.4,16.3,True,,role,TOP,4,3,0.5,0.375,-12.5,0.25
Teemo|16.4,Teemo,16.4,16.3,True,,role,JUNGLE,2,1,0.25,0.125,-12.5,0.25
Teemo|16.4,Teemo,16.4,16.3,True,,role,MIDDLE,0,1,0.0,0.125,12.5,0.25
Teemo|16.4,Teemo,16.4,16.3,True,,role,BOTTOM,1,1,0.125,0.125,0.0,0.25
Teemo|16.4,Teemo,16.4,16.3,True,,role,UTILITY,1,2,0.125,0.25,12.5,0.25
Twitch|16.4,Twitch,16.4,16.3,True,,rank,GOLD,3,2,0.3,0.15384615384615385,-14.615384615384613,0.2692307692307693
Twitch|16.4,Twitch,16.4,16.3,True,,rank,PLATINUM,1,2,0.1,0.15384615384615385,5.384615384615385,0.2692307692307693
Twitch|16.4,Twitch,16.4,16.3,True,,rank,EMERALD,1,3,0.1,0.23076923076923078,13.076923076923078,0.2692307692307693
Twitch|16.4,Twitch,16.4,16.3,True,,rank,DIAMOND,3,5,0.3,0.38461538461538464,8.461538461538465,0.2692307692307693
Twitch|16.4,Twitch,16.4,16.3,True,,rank,MASTER+,2,1,0.2,0.07692307692307693,-12.307692307692308,0.2692307692307693
Twitch|16.4,Twitch,16.4,16.3,True,,role,TOP,1,3,0.1,0.23076923076923078,13.076923076923078,0.19230769230769232
Twitch|16.4,Twitch,16.4,16.3,True,,role,JUNGLE,2,2,0.2,0.15384615384615385,-4.615384615384616,0.19230769230769232
Twitch|16.4,Twitch,16.4,16.3,True,,role,MIDDLE,3,2,0.3,0.15384615384615385,-14.615384615384613,0.19230769230769232
Twitch|16.4,Twitch,16.4,16.3,True,,role,BOTTOM,3,4,0.3,0.3076923076923077,0.769230769230772,0.19230769230769232
Twitch|16.4,Twitch,16.4,16.3,True,,role,UTILITY,1,2,0.1,0.15384615384615385,5.384615384615385,0.19230769230769232
Udyr|16.4,Udyr,16.4,16.3,True,,rank,GOLD,1,0,0.25,0.0,-25.0,0.75
Udyr|16.4,Udyr,16.4,16.3,True,,rank,PLATINUM,1,0,0.25,0.0,-25.0,0.75
Udyr|16.4,Udyr,16.4,16.3,True,,rank,EMERALD,0,0,0.0,0.0,0.0,0.75
Udyr|16.4,Udyr,16.4,16.3,True,,rank,DIAMOND,1,2,0.25,1.0,75.0,0.75
Udyr|16.4,Udyr,16.4,16.3,True,,rank,MASTER+,1,0,0.25,0.0,-25.0,0.75
Udyr|16.4,Udyr,16.4,16.3,True,,role,TOP,2,0,0.5,0.0,-50.0,0.75
Udyr|16.4,Udyr,16.4,16.3,True,,role,JUNGLE,1,1,0.25,0.5,25.0,0.75
Udyr|16.4,Udyr,16.4,16.3,True,,role,MIDDLE,1,0,0.25,0.0,-25.0,0.75
Udyr|16.4,Udyr,16.4,16.3,True,,role,BOTTOM,0,0,0.0,0.0,0.0,0.75
Udyr|16.4,Udyr,16.4,16.3,True,,role,UTILITY,0,1,0.0,0.5,50.0,0.75
Xayah|16.4,Xayah,16.4,16.3,True,,rank,GOLD,0,0,0.0,0.0,0.0,0.12857142857142856
Xayah|16.4,Xayah,16.4,16.3,True,,rank,PLATINUM,1,2,0.14285714285714285,0.2,5.714285714285716,0.12857142857142856
Xayah|16.4,Xayah,16.4,16.3,True,,rank,EMERALD,3,5,0.42857142857142855,0.5,7.142857142857145,0.12857142857142856
Xayah|16.4,Xayah,16.4,16.3,True,,rank,DIAMOND,2,2,0.2857142857142857,0.2,-8.57142857142857,0.12857142857142856
Xayah|16.4,Xayah,16.4,16.3,True,,rank,MASTER+,1,1,0.14285714285714285,0.1,-4.285714285714285,0.12857142857142856
Xayah|16.4,Xayah,16.4,16.3,True,,role,TOP,1,2,0.14285714285714285,0.2,5.714285714285716,0.08571428571428572
Xayah|16.4,Xayah,16.4,16.3,True,,role,JUNGLE,1,1,0.14285714285714285,0.1,-4.285714285714285,0.08571428571428572
Xayah|16.4,Xayah,16.4,16.3,True,,role,MIDDLE,1,1,0.14285714285714285,0.1,-4.285714285714285,0.08571428571428572
Xayah|16.4,Xayah,16.4,16.3,True,,role,BOTTOM,4,6,0.5714285714285714,0.6,2.857142857142858,0.08571428571428572
Xayah|16.4,Xayah,16.4,16.3,True,,role,UTILITY,0,0,0.0,0.0,0.0,0.08571428571428572
Zac|16.4,Zac,16.4,16.3,True,,rank,GOLD,2,1,0.4,0.16666666666666666,-23.333333333333336,0.23333333333333334
Zac|16.4,Zac,16.4,16.3,True,,rank,PLATINUM,1,2,0.2,0.3333333333333333,13.33333333333333,0.23333333333333334
Zac|16.4,Zac,16.4,16.3,True,,rank,EMERALD,0,0,0.0,0.0,0.0,0.23333333333333334
Zac|16.4,Zac,16.4,16.3,True,,rank,DIAMOND,0,0,0.0,0.0,0.0,0.23333333333333334
Zac|16.4,Zac,16.4,16.3,True,,rank,MASTER+,2,3,0.4,0.5,9.999999999999998,0.23333333333333334
Zac|16.4,Zac,16.4,16.3,True,,role,TOP,0,0,0.0,0.0,0.0,0.33333333333333337
Zac|16.4,Zac,16.4,16.3,True,,role,JUNGLE,3,2,0.6,0.3333333333333333,-26.666666666666668,0.33333333333333337
Zac|16.4,Zac,16.4,16.3,True,,role,MIDDLE,1,1,0.2,0.16666666666666666,-3.3333333333333353,0.33333333333333337
Zac|16.4,Zac,16.4,16.3,True,,role,BOTTOM,1,1,0.2,0.16666666666666666,-3.3333333333333353,0.33333333333333337
Zac|16.4,Zac,16.4,16.3,True,,role,UTILITY,0,2,0.0,0.3333333333333333,33.33333333333333,0.33333333333333337
Akali|16.5,Akali,16.5,16.4,True,,rank,GOLD,1,1,0.0625,0.07692307692307693,1.4423076923076927,0.35096153846153844
Akali|16.5,Akali,16.5,16.4,True,,rank,PLATINUM,6,3,0.375,0.23076923076923078,-14.423076923076922,0.35096153846153844
Akali|16.5,Akali,16.5,16.4,True,,rank,EMERALD,4,1,0.25,0.07692307692307693,-17.307692307692307,0.35096153846153844
Akali|16.5,Akali,16.5,16.4,True,,rank,DIAMOND,2,6,0.125,0.46153846153846156,33.65384615384615,0.35096153846153844
Akali|16.5,Akali,16.5,16.4,True,,rank,MASTER+,3,2,0.1875,0.15384615384615385,-3.3653846153846145,0.35096153846153844
Akali|16.5,Akali,16.5,16.4,True,,role,TOP,2,3,0.125,0.23076923076923078,10.576923076923078,0.22115384615384617
Akali|16.5,Akali,16.5,16.4,True,,role,JUNGLE,2,2,0.125,0.15384615384615385,2.8846153846153855,0.22115384615384617
Akali|16.5,Akali,16.5,16.4,True,,role,MIDDLE,6,2,0.375,0.15384615384615385,-22.115384615384613,0.22115384615384617
Akali|16.5,Akali,16.5,16.4,True,,role,BOTTOM,6,5,0.375,0.38461538461538464,0.9615384615384637,0.22115384615384617
Akali|16.5,Akali,16.5,16.4,True,,role,UTILITY,0,1,0.0,0.07692307692307693,7.6923076923076925,0.22115384615384617
Azir|16.5,Azir,16.5,16.4,True,,rank,GOLD,1,0,0.5,0.0,-50.0,1.0
Azir|16.5,Azir,16.5,16.4,True,,rank,PLATINUM,1,0,0.5,0.0,-50.0,1.0
Azir|16.5,Azir,16.5,16.4,True,,rank,EMERALD,0,1,0.0,0.5,50.0,1.0
Azir|16.5,Azir,16.5,16.4,True,,rank,DIAMOND,0,0,0.0,0.0,0.0,1.0
Azir|16.5,Azir,16.5,16.4,True,,rank,MASTER+,0,1,0.0,0.5,50.0,1.0
Azir|16.5,Azir,16.5,16.4,True,,role,TOP,2,0,1.0,0.0,-100.0,1.0
Azir|16.5,Azir,16.5,16.4,True,,role,JUNGLE,0,1,0.0,0.5,50.0,1.0
Azir|16.5,Azir,16.5,16.4,True,,role,MIDDLE,0,0,0.0,0.0,0.0,1.0
Azir|16.5,Azir,16.5,16.4,True,,role,BOTTOM,0,1,0.0,0.5,50.0,1.0
Azir|16.5,Azir,16.5,16.4,True,,role,UTILITY,0,0,0.0,0.0,0.0,1.0
Garen|16.5,Garen,16.5,16.4,True,,rank,GOLD,3,7,0.3,0.35,4.999999999999999,0.09999999999999999
Garen|16.5,Garen,16.5,16.4,True,,rank,PLATINUM,2,4,0.2,0.2,0.0,0.09999999999999999
Garen|16.5,Garen,16.5,16.4,True,,rank,EMERALD,2,5,0.2,0.25,4.999999999999999,0.09999999999999999
Garen|16.5,Garen,16.5,16.4,True,,rank,DIAMOND,2,2,0.2,0.1,-10.0,0.09999999999999999
Garen|16.5,Garen,16.5,16.4,True,,rank,MASTER+,1,2,0.1,0.1,0.0,0.09999999999999999
Garen|16.5,Garen,16.5,16.4,True,,role,TOP,6,9,0.6,0.45,-14.999999999999996,0.3
Garen|16.5,Garen,16.5,16.4,True,,role,JUNGLE,1,5,0.1,0.25,15.0,0.3
Garen|16.5,Garen,16.5,16.4,True,,role,MIDDLE,1,2,0.1,0.1,0.0,0.3
Garen|16.5,Garen,16.5,16.4,True,,role,BOTTOM,0,3,0.0,0.15,15.0,0.3
Garen|16.5,Garen,16.5,16.4,True,,role,UTILITY,2,1,0.2,0.05,-15.000000000000002,0.3
Lee Sin|16.5,Lee Sin,16.5,16.4,True,,rank,GOLD,0,0,,,,
Lee Sin|16.5,Lee Sin,16.5,16.4,True,,rank,PLATINUM,0,0,,,,
Lee Sin|16.5,Lee Sin,16.5,16.4,True,,rank,EMERALD,0,0,,,,
Lee Sin|16.5,Lee Sin,16.5,16.4,True,,rank,DIAMOND,0,0,,,,
Lee Sin|16.5,Lee Sin,16.5,16.4,True,,rank,MASTER+,0,0,,,,
Lee Sin|16.5,Lee Sin,16.5,16.4,True,,role,TOP,0,0,,,,
Lee Sin|16.5,Lee Sin,16.5,16.4,True,,role,JUNGLE,0,0,,,,
Lee Sin|16.5,Lee Sin,16.5,16.4,True,,role,MIDDLE,0,0,,,,
Lee Sin|16.5,Lee Sin,16.5,16.4,True,,role,BOTTOM,0,0,,,,
Lee Sin|16.5,Lee Sin,16.5,16.4,True,,role,UTILITY,0,0,,,,
Lillia|16.5,Lillia,16.5,16.4,True,,rank,GOLD,0,0,0.0,0.0,0.0,0.10714285714285712
Lillia|16.5,Lillia,16.5,16.4,True,,rank,PLATINUM,1,2,0.25,0.2857142857142857,3.57142857142857,0.10714285714285712
Lillia|16.5,Lillia,16.5,16.4,True,,rank,EMERALD,1,2,0.25,0.2857142857142857,3.57142857142857,0.10714285714285712
Lillia|16.5,Lillia,16.5,16.4,True,,rank,DIAMOND,1,2,0.25,0.2857142857142857,3.57142857142857,0.10714285714285712
Lillia|16.5,Lillia,16.5,16.4,True,,rank,MASTER+,1,1,0.25,0.14285714285714285,-10.714285714285715,0.10714285714285712
Lillia|16.5,Lillia,16.5,16.4,True,,role,TOP,1,0,0.25,0.0,-25.0,0.5
Lillia|16.5,Lillia,16.5,16.4,True,,role,JUNGLE,2,5,0.5,0.7142857142857143,21.42857142857143,0.5
Lillia|16.5,Lillia,16.5,16.4,True,,role,MIDDLE,1,0,0.25,0.0,-25.0,0.5
Lillia|16.5,Lillia,16.5,16.4,True,,role,BOTTOM,0,1,0.0,0.14285714285714285,14.285714285714285,0.5
Lillia|16.5,Lillia,16.5,16.4,True,,role,UTILITY,0,1,0.0,0.14285714285714285,14.285714285714285,0.5
Mel|16.5,Mel,16.5,16.4,True,,rank,GOLD,1,2,0.2,0.18181818181818182,-1.8181818181818188,0.2727272727272727
Mel|16.5,Mel,16.5,16.4,True,,rank,PLATINUM,0,1,0.0,0.09090909090909091,9.090909090909092,0.2727272727272727
Mel|16.5,Mel,16.5,16.4,True,,rank,EMERALD,1,2,0.2,0.18181818181818182,-1.8181818181818188,0.2727272727272727
Mel|16.5,Mel,16.5,16.4,True,,rank,DIAMOND,0,2,0.0,0.18181818181818182,18.181818181818183,0.2727272727272727
Mel|16.5,Mel,16.5,16.4,True,,rank,MASTER+,3,4,0.6,0.36363636363636365,-23.636363636363633,0.2727272727272727
Mel|16.5,Mel,16.5,16.4,True,,role,TOP,0,0,0.0,0.0,0.0,0.34545454545454546
Mel|16.5,Mel,16.5,16.4,True,,role,JUNGLE,0,0,0.0,0.0,0.0,0.34545454545454546
Mel|16.5,Mel,16.5,16.4,True,,role,MIDDLE,1,6,0.2,0.5454545454545454,34.54545454545454,0.34545454545454546
Mel|16.5,Mel,16.5,16.4,True,,role,BOTTOM,3,3,0.6,0.2727272727272727,-32.72727272727273,0.34545454545454546
Mel|16.5,Mel,16.5,16.4,True,,role,UTILITY,1,2,0.2,0.18181818181818182,-1.8181818181818188,0.34545454545454546
Neeko|16.5,Neeko,16.5,16.4,True,,rank,GOLD,1,0,0.1,0.0,-10.0,0.4
Neeko|16.5,Neeko,16.5,16.4,True,,rank,PLATINUM,1,2,0.1,0.4,30.000000000000004,0.4
Neeko|16.5,Neeko,16.5,16.4,True,,rank,EMERALD,2,0,0.2,0.0,-20.0,0.4
Neeko|16.5,Neeko,16.5,16.4,True,,rank,DIAMOND,3,2,0.3,0.4,10.000000000000004,0.4
Neeko|16.5,Neeko,16.5,16.4,True,,rank,MASTER+,3,1,0.3,0.2,-9.999999999999998,0.4
Neeko|16.5,Neeko,16.5,16.4,True,,role,TOP,0,1,0.0,0.2,20.0,0.39999999999999997
Neeko|16.5,Neeko,16.5,16.4,True,,role,JUNGLE,1,0,0.1,0.0,-10.0,0.39999999999999997
Neeko|16.5,Neeko,16.5,16.4,True,,role,MIDDLE,2,2,0.2,0.4,20.0,0.39999999999999997
Neeko|16.5,Neeko,16.5,16.4,True,,role,BOTTOM,0,0,0.0,0.0,0.0,0.39999999999999997
Neeko|16.5,Neeko,16.5,16.4,True,,role,UTILITY,7,2,0.7,0.4,-29.999999999999993,0.39999999999999997
Nocturne|16.5,Nocturne,16.5,16.4,True,,rank,GOLD,3,3,0.75,0.3,-45.0,0.5
Nocturne|16.5,Nocturne,16.5,16.4,True,,rank,PLATINUM,0,3,0.0,0.3,30.0,0.5
Nocturne|16.5,Nocturne,16.5,16.4,True,,rank,EMERALD,0,1,0.0,0.1,10.0,0.5
Nocturne|16.5,Nocturne,16.5,16.4,True,,rank,DIAMOND,0,1,0.0,0.1,10.0,0.5
Nocturne|16.5,Nocturne,16.5,16.4,True,,rank,MASTER+,1,2,0.25,0.2,-4.999999999999999,0.5
Nocturne|16.5,Nocturne,16.5,16.4,True,,role,TOP,1,3,0.25,0.3,4.999999999999999,0.55
Nocturne|16.5,Nocturne,16.5,16.4,True,,role,JUNGLE,0,5,0.0,0.5,50.0,0.55
Nocturne|16.5,Nocturne,16.5,16.4,True,,role,MIDDLE,0,0,0.0,0.0,0.0,0.55
Nocturne|16.5,Nocturne,16.5,16.4,True,,role,BOTTOM,2,0,0.5,0.0,-50.0,0.55
Nocturne|16.5,Nocturne,16.5,16.4,True,,role,UTILITY,1,2,0.25,0.2,-4.999999999999999,0.55
Orianna|16.5,Orianna,16.5,16.4,True,,rank,GOLD,2,3,0.18181818181818182,0.2,1.8181818181818188,0.20606060606060606
Orianna|16.5,Orianna,16.5,16.4,True,,rank,PLATINUM,0,1,0.0,0.06666666666666667,6.666666666666667,0.20606060606060606
Orianna|16.5,Orianna,16.5,16.4,True,,rank,EMERALD,3,1,0.2727272727272727,0.06666666666666667,-20.606060606060606,0.20606060606060606
Orianna|16.5,Orianna,16.5,16.4,True,,rank,DIAMOND,3,5,0.2727272727272727,0.3333333333333333,6.0606060606060606,0.20606060606060606
Orianna|16.5,Orianna,16.5,16.4,True,,rank,MASTER+,3,5,0.2727272727272727,0.3333333333333333,6.0606060606060606,0.20606060606060606
Orianna|16.5,Orianna,16.5,16.4,True,,role,TOP,0,2,0.0,0.13333333333333333,13.333333333333334,0.21212121212121213
Orianna|16.5,Orianna,16.5,16.4,True,,role,JUNGLE,3,4,0.2727272727272727,0.26666666666666666,-0.6060606060606044,0.21212121212121213
Orianna|16.5,Orianna,16.5,16.4,True,,role,MIDDLE,5,8,0.45454545454545453,0.5333333333333333,7.87878787878788,0.21212121212121213
Orianna|16.5,Orianna,16.5,16.4,True,,role,BOTTOM,1,1,0.09090909090909091,0.06666666666666667,-2.4242424242424248,0.21212121212121213
Orianna|16.5,Orianna,16.5,16.4,True,,role,UTILITY,2,0,0.18181818181818182,0.0,-18.181818181818183,0.21212121212121213
Samira|16.5,Samira,16.5,16.4,True,,rank,GOLD,2,0,0.5,0.0,-50.0,0.5
Samira|16.5,Samira,16.5,16.4,True,,rank,PLATINUM,1,2,0.25,0.3333333333333333,8.333333333333332,0.5
Samira|16.5,Samira,16.5,16.4,True,,rank,EMERALD,1,3,0.25,0.5,25.0,0.5
Samira|16.5,Samira,16.5,16.4,True,,rank,DIAMOND,0,1,0.0,0.16666666666666666,16.666666666666664,0.5
Samira|16.5,Samira,16.5,16.4,True,,rank,MASTER+,0,0,0.0,0.0,0.0,0.5
Samira|16.5,Samira,16.5,16.4,True,,role,TOP,2,1,0.5,0.16666666666666666,-33.333333333333336,0.5
Samira|16.5,Samira,16.5,16.4,True,,role,JUNGLE,0,3,0.0,0.5,50.0,0.5
Samira|16.5,Samira,16.5,16.4,True,,role,MIDDLE,0,0,0.0,0.0,0.0,0.5
Samira|16.5,Samira,16.5,16.4,True,,role,BOTTOM,2,2,0.5,0.3333333333333333,-16.666666666666668,0.5
Samira|16.5,Samira,16.5,16.4,True,,role,UTILITY,0,0,0.0,0.0,0.0,0.5
Taliyah|16.5,Taliyah,16.5,16.4,True,,rank,GOLD,0,0,0.0,0.0,0.0,1.0
Taliyah|16.5,Taliyah,16.5,16.4,True,,rank,PLATINUM,0,1,0.0,0.5,50.0,1.0
Taliyah|16.5,Taliyah,16.5,16.4,True,,rank,EMERALD,1,0,0.5,0.0,-50.0,1.0
Taliyah|16.5,Taliyah,16.5,16.4,True,,rank,DIAMOND,0,1,0.0,0.5,50.0,1.0
Taliyah|16.5,Taliyah,16.5,16.4,True,,rank,MASTER+,1,0,0.5,0.0,-50.0,1.0
Taliyah|16.5,Taliyah,16.5,16.4,True,,role,TOP,0,0,0.0,0.0,0.0,0.5
Taliyah|16.5,Taliyah,16.5,16.4,True,,role,JUNGLE,0,0,0.0,0.0,0.0,0.5
Taliyah|16.5,Taliyah,16.5,16.4,True,,role,MIDDLE,1,2,0.5,1.0,50.0,0.5
Taliyah|16.5,Taliyah,16.5,16.4,True,,role,BOTTOM,0,0,0.0,0.0,0.0,0.5
Taliyah|16.5,Taliyah,16.5,16.4,True,,role,UTILITY,1,0,0.5,0.0,-50.0,0.5
Varus|16.5,Varus,16.5,16.4,True,,rank,GOLD,2,1,0.2,0.1111111111111111,-8.888888888888891,0.37777777777777777
Varus|16.5,Varus,16.5,16.4,True,,rank,PLATINUM,0,3,0.0,0.3333333333333333,33.33333333333333,0.37777777777777777
Varus|16.5,Varus,16.5,16.4,True,,rank,EMERALD,1,0,0.1,0.0,-10.0,0.37777777777777777
Varus|16.5,Varus,16.5,16.4,True,,rank,DIAMOND,3,1,0.3,0.1111111111111111,-18.88888888888889,0.37777777777777777
Varus|16.5,Varus,16.5,16.4,True,,rank,MASTER+,4,4,0.4,0.4444444444444444,4.444444444444439,0.37777777777777777
Varus|16.5,Varus,16.5,16.4,True,,role,TOP,2,3,0.2,0.3333333333333333,13.33333333333333,0.39999999999999997
Varus|16.5,Varus,16.5,16.4,True,,role,JUNGLE,1,0,0.1,0.0,-10.0,0.39999999999999997
Varus|16.5,Varus,16.5,16.4,True,,role,MIDDLE,2,0,0.2,0.0,-20.0,0.39999999999999997
Varus|16.5,Varus,16.5,16.4,True,,role,BOTTOM,4,6,0.4,0.6666666666666666,26.66666666666666,0.39999999999999997
Varus|16.5,Varus,16.5,16.4,True,,role,UTILITY,1,0,0.1,0.0,-10.0,0.39999999999999997
Volibear|16.5,Volibear,16.5,16.4,True,,rank,GOLD,1,1,0.14285714285714285,0.16666666666666666,2.380952380952381,0.3571428571428571
Volibear|16.5,Volibear,16.5,16.4,True,,rank,PLATINUM,3,2,0.42857142857142855,0.3333333333333333,-9.523809523809524,0.3571428571428571
Volibear|16.5,Volibear,16.5,16.4,True,,rank,EMERALD,2,1,0.2857142857142857,0.16666666666666666,-11.904761904761903,0.3571428571428571
Volibear|16.5,Volibear,16.5,16.4,True,,rank,DIAMOND,1,0,0.14285714285714285,0.0,-14.285714285714285,0.3571428571428571
Volibear|16.5,Volibear,16.5,16.4,True,,rank,MASTER+,0,2,0.0,0.3333333333333333,33.33333333333333,0.3571428571428571
Volibear|16.5,Volibear,16.5,16.4,True,,role,TOP,3,4,0.42857142857142855,0.6666666666666666,23.809523809523807,0.23809523809523808
Volibear|16.5,Volibear,16.5,16.4,True,,role,JUNGLE,3,2,0.42857142857142855,0.3333333333333333,-9.523809523809524,0.23809523809523808
Volibear|16.5,Volibear,16.5,16.4,True,,role,MIDDLE,0,0,0.0,0.0,0.0,0.23809523809523808
Volibear|16.5,Volibear,16.5,16.4,True,,role,BOTTOM,0,0,0.0,0.0,0.0,0.23809523809523808
Volibear|16.5,Volibear,16.5,16.4,True,,role,UTILITY,1,0,0.14285714285714285,0.0,-14.285714285714285,0.23809523809523808
Ahri|16.6,Ahri,16.6,16.5,True,,rank,GOLD,3,3,0.15,0.17647058823529413,2.6470588235294135,0.07058823529411765
Ahri|16.6,Ahri,16.6,16.5,True,,rank,PLATINUM,3,3,0.15,0.17647058823529413,2.6470588235294135,0.07058823529411765
Ahri|16.6,Ahri,16.6,16.5,True,,rank,EMERALD,2,2,0.1,0.11764705882352941,1.7647058823529405,0.07058823529411765
Ahri|16.6,Ahri,16.6,16.5,True,,rank,DIAMOND,6,4,0.3,0.23529411764705882,-6.470588235294117,0.07058823529411765
Ahri|16.6,Ahri,16.6,16.5,True,,rank,MASTER+,6,5,0.3,0.29411764705882354,-0.588235294117645,0.07058823529411765
Ahri|16.6,Ahri,16.6,16.5,True,,role,TOP,3,3,0.15,0.17647058823529413,2.6470588235294135,0.17941176470588238
Ahri|16.6,Ahri,16.6,16.5,True,,role,JUNGLE,3,3,0.15,0.17647058823529413,2.6470588235294135,0.17941176470588238
Ahri|16.6,Ahri,16.6,16.5,True,,role,MIDDLE,9,6,0.45,0.35294117647058826,-9.705882352941176,0.17941176470588238
Ahri|16.6,Ahri,16.6,16.5,True,,role,BOTTOM,4,2,0.2,0.11764705882352941,-8.23529411764706,0.17941176470588238
Ahri|16.6,Ahri,16.6,16.5,True,,role,UTILITY,1,3,0.05,0.17647058823529413,12.647058823529411,0.17941176470588238
Azir|16.6,Azir,16.6,16.5,True,,rank,GOLD,0,0,0.0,0.0,0.0,0.0
Azir|16.6,Azir,16.6,16.5,True,,rank,PLATINUM,0,0,0.0,0.0,0.0,0.0
Azir|16.6,Azir,16.6,16.5,True,,rank,EMERALD,1,1,0.5,0.5,0.0,0.0
Azir|16.6,Azir,16.6,16.5,True,,rank,DIAMOND,0,0,0.0,0.0,0.0,0.0
Azir|16.6,Azir,16.6,16.5,True,,rank,MASTER+,1,1,0.5,0.5,0.0,0.0
Azir|16.6,Azir,16.6,16.5,True,,role,TOP,0,1,0.0,0.5,50.0,0.5
Azir|16.6,Azir,16.6,16.5,True,,role,JUNGLE,1,0,0.5,0.0,-50.0,0.5
Azir|16.6,Azir,16.6,16.5,True,,role,MIDDLE,0,0,0.0,0.0,0.0,0.5
Azir|16.6,Azir,16.6,16.5,True,,role,BOTTOM,1,1,0.5,0.5,0.0,0.5
Azir|16.6,Azir,16.6,16.5,True,,role,UTILITY,0,0,0.0,0.0,0.0,0.5
Cassiopeia|16.6,Cassiopeia,16.6,16.5,True,,rank,GOLD,0,0,0.0,0.0,0.0,1.0
Cassiopeia|16.6,Cassiopeia,16.6,16.5,True,,rank,PLATINUM,0,2,0.0,1.0,100.0,1.0
Cassiopeia|16.6,Cassiopeia,16.6,16.5,True,,rank,EMERALD,0,0,0.0,0.0,0.0,1.0
Cassiopeia|16.6,Cassiopeia,16.6,16.5,True,,rank,DIAMOND,0,0,0.0,0.0,0.0,1.0
Cassiopeia|16.6,Cassiopeia,16.6,16.5,True,,rank,MASTER+,2,0,1.0,0.0,-100.0,1.0
Cassiopeia|16.6,Cassiopeia,16.6,16.5,True,,role,TOP,0,1,0.0,0.5,50.0,1.0
Cassiopeia|16.6,Cassiopeia,16.6,16.5,True,,role,JUNGLE,0,0,0.0,0.0,0.0,1.0
Cassiopeia|16.6,Cassiopeia,16.6,16.5,True,,role,MIDDLE,0,0,0.0,0.0,0.0,1.0
Cassiopeia|16.6,Cassiopeia,16.6,16.5,True,,role,BOTTOM,2,0,1.0,0.0,-100.0,1.0
Cassiopeia|16.6,Cassiopeia,16.6,16.5,True,,role,UTILITY,0,1,0.0,0.5,50.0,1.0
Lissandra|16.6,Lissandra,16.6,16.5,True,,rank,GOLD,0,1,0.0,0.14285714285714285,14.285714285714285,0.3214285714285714
Lissandra|16.6,Lissandra,16.6,16.5,True,,rank,PLATINUM,0,0,0.0,0.0,0.0,0.3214285714285714
Lissandra|16.6,Lissandra,16.6,16.5,True,,rank,EMERALD,0,0,0.0,0.0,0.0,0.3214285714285714
Lissandra|16.6,Lissandra,16.6,16.5,True,,rank,DIAMOND,3,3,0.75,0.42857142857142855,-32.142857142857146,0.3214285714285714
Lissandra|16.6,Lissandra,16.6,16.5,True,,rank,MASTER+,1,3,0.25,0.42857142857142855,17.857142857142854,0.3214285714285714
Lissandra|16.6,Lissandra,16.6,16.5,True,,role,TOP,0,4,0.0,0.5714285714285714,57.14285714285714,0.5714285714285714
Lissandra|16.6,Lissandra,16.6,16.5,True,,role,JUNGLE,1,1,0.25,0.14285714285714285,-10.714285714285715,0.5714285714285714
Lissandra|16.6,Lissandra,16.6,16.5,True,,role,MIDDLE,3,2,0.75,0.2857142857142857,-46.42857142857143,0.5714285714285714
Lissandra|16.6,Lissandra,16.6,16.5,True,,role,BOTTOM,0,0,0.0,0.0,0.0,0.5714285714285714
Lissandra|16.6,Lissandra,16.6,16.5,True,,role,UTILITY,0,0,0.0,0.0,0.0,0.5714285714285714
Olaf|16.6,Olaf,16.6,16.5,True,,rank,GOLD,0,1,0.0,0.2,20.0,0.8
Olaf|16.6,Olaf,16.6,16.5,True,,rank,PLATINUM,1,1,1.0,0.2,-80.0,0.8
Olaf|16.6,Olaf,16.6,16.5,True,,rank,EMERALD,0,0,0.0,0.0,0.0,0.8
Olaf|16.6,Olaf,16.6,16.5,True,,rank,DIAMOND,0,1,0.0,0.2,20.0,0.8
Olaf|16.6,Olaf,16.6,16.5,True,,rank,MASTER+,0,2,0.0,0.4,40.0,0.8
Olaf|16.6,Olaf,16.6,16.5,True,,role,TOP,1,4,1.0,0.8,-19.999999999999996,0.19999999999999998
Olaf|16.6,Olaf,16.6,16.5,True,,role,JUNGLE,0,1,0.0,0.2,20.0,0.19999999999999998
Olaf|16.6,Olaf,16.6,16.5,True,,role,MIDDLE,0,0,0.0,0.0,0.0,0.19999999999999998
Olaf|16.6,Olaf,16.6,16.5,True,,role,BOTTOM,0,0,0.0,0.0,0.0,0.19999999999999998
Olaf|16.6,Olaf,16.6,16.5,True,,role,UTILITY,0,0,0.0,0.0,0.0,0.19999999999999998
Pyke|16.6,Pyke,16.6,16.5,True,,rank,GOLD,0,3,0.0,0.3333333333333333,33.33333333333333,0.4444444444444444
Pyke|16.6,Pyke,16.6,16.5,True,,rank,PLATINUM,0,0,0.0,0.0,0.0,0.4444444444444444
Pyke|16.6,Pyke,16.6,16.5,True,,rank,EMERALD,0,1,0.0,0.1111111111111111,11.11111111111111,0.4444444444444444
Pyke|16.6,Pyke,16.6,16.5,True,,rank,DIAMOND,1,2,0.3333333333333333,0.2222222222222222,-11.11111111111111,0.4444444444444444
Pyke|16.6,Pyke,16.6,16.5,True,,rank,MASTER+,2,3,0.6666666666666666,0.3333333333333333,-33.33333333333333,0.4444444444444444
Pyke|16.6,Pyke,16.6,16.5,True,,role,TOP,0,1,0.0,0.1111111111111111,11.11111111111111,0.4444444444444444
Pyke|16.6,Pyke,16.6,16.5,True,,role,JUNGLE,0,1,0.0,0.1111111111111111,11.11111111111111,0.4444444444444444
Pyke|16.6,Pyke,16.6,16.5,True,,role,MIDDLE,0,2,0.0,0.2222222222222222,22.22222222222222,0.4444444444444444
Pyke|16.6,Pyke,16.6,16.5,True,,role,BOTTOM,2,3,0.6666666666666666,0.3333333333333333,-33.33333333333333,0.4444444444444444
Pyke|16.6,Pyke,16.6,16.5,True,,role,UTILITY,1,2,0.3333333333333333,0.2222222222222222,-11.11111111111111,0.4444444444444444
Shen|16.6,Shen,16.6,16.5,True,,rank,GOLD,2,5,0.13333333333333333,0.38461538461538464,25.128205128205128,0.3487179487179487
Shen|16.6,Shen,16.6,16.5,True,,rank,PLATINUM,2,3,0.13333333333333333,0.23076923076923078,9.743589743589745,0.3487179487179487
Shen|16.6,Shen,16.6,16.5,True,,rank,EMERALD,3,1,0.2,0.07692307692307693,-12.307692307692308,0.3487179487179487
Shen|16.6,Shen,16.6,16.5,True,,rank,DIAMOND,4,2,0.26666666666666666,0.15384615384615385,-11.282051282051281,0.3487179487179487
Shen|16.6,Shen,16.6,16.5,True,,rank,MASTER+,4,2,0.26666666666666666,0.15384615384615385,-11.282051282051281,0.3487179487179487
Shen|16.6,Shen,16.6,16.5,True,,role,TOP,6,5,0.4,0.38461538461538464,-1.5384615384615385,0.12820512820512822
Shen|16.6,Shen,16.6,16.5,True,,role,JUNGLE,2,2,0.13333333333333333,0.15384615384615385,2.0512820512820524,0.12820512820512822
Shen|16.6,Shen,16.6,16.5,True,,role,MIDDLE,3,2,0.2,0.15384615384615385,-4.615384615384616,0.12820512820512822
Shen|16.6,Shen,16.6,16.5,True,,role,BOTTOM,1,0,0.06666666666666667,0.0,-6.666666666666667,0.12820512820512822
Shen|16.6,Shen,16.6,16.5,True,,role,UTILITY,3,4,0.2,0.3076923076923077,10.76923076923077,0.12820512820512822
Skarner|16.6,Skarner,16.6,16.5,True,,rank,GOLD,0,0,,0.0,,
Skarner|16.6,Skarner,16.6,16.5,True,,rank,PLATINUM,0,1,,0.5,,
Skarner|16.6,Skarner,16.6,16.5,True,,rank,EMERALD,0,0,,0.0,,
Skarner|16.6,Skarner,16.6,16.5,True,,rank,DIAMOND,0,0,,0.0,,
Skarner|16.6,Skarner,16.6,16.5,True,,rank,MASTER+,0,1,,0.5,,
Skarner|16.6,Skarner,16.6,16.5,True,,role,TOP,0,0,,0.0,,
Skarner|16.6,Skarner,16.6,16.5,True,,role,JUNGLE,0,1,,0.5,,
Skarner|16.6,Skarner,16.6,16.5,True,,role,MIDDLE,0,0,,0.0,,
Skarner|16.6,Skarner,16.6,16.5,True,,role,BOTTOM,0,0,,0.0,,
Skarner|16.6,Skarner,16.6,16.5,True,,role,UTILITY,0,1,,0.5,,
Tryndamere|16.6,Tryndamere,16.6,16.5,True,,rank,GOLD,0,3,,0.42857142857142855,,
Tryndamere|16.6,Tryndamere,16.6,16.5,True,,rank,PLATINUM,0,0,,0.0,,
Tryndamere|16.6,Tryndamere,16.6,16.5,True,,rank,EMERALD,0,3,,0.42857142857142855,,
Tryndamere|16.6,Tryndamere,16.6,16.5,True,,rank,DIAMOND,0,0,,0.0,,
Tryndamere|16.6,Tryndamere,16.6,16.5,True,,rank,MASTER+,0,1,,0.14285714285714285,,
Tryndamere|16.6,Tryndamere,16.6,16.5,True,,role,TOP,0,3,,0.42857142857142855,,
Tryndamere|16.6,Tryndamere,16.6,16.5,True,,role,JUNGLE,0,1,,0.14285714285714285,,
Tryndamere|16.6,Tryndamere,16.6,16.5,True,,role,MIDDLE,0,1,,0.14285714285714285,,
Tryndamere|16.6,Tryndamere,16.6,16.5,True,,role,BOTTOM,0,1,,0.14285714285714285,,
Tryndamere|16.6,Tryndamere,16.6,16.5,True,,role,UTILITY,0,1,,0.14285714285714285,,
Zaahen|16.6,Zaahen,16.6,16.5,True,,rank,GOLD,1,2,0.06666666666666667,0.16666666666666666,10.0,0.18333333333333332
Zaahen|16.6,Zaahen,16.6,16.5,True,,rank,PLATINUM,3,3,0.2,0.25,4.999999999999999,0.18333333333333332
Zaahen|16.6,Zaahen,16.6,16.5,True,,rank,EMERALD,2,2,0.13333333333333333,0.16666666666666666,3.3333333333333326,0.18333333333333332
Zaahen|16.6,Zaahen,16.6,16.5,True,,rank,DIAMOND,5,4,0.3333333333333333,0.3333333333333333,0.0,0.18333333333333332
Zaahen|16.6,Zaahen,16.6,16.5,True,,rank,MASTER+,4,1,0.26666666666666666,0.08333333333333333,-18.333333333333336,0.18333333333333332
Zaahen|16.6,Zaahen,16.6,16.5,True,,role,TOP,5,9,0.3333333333333333,0.75,41.66666666666667,0.5
Zaahen|16.6,Zaahen,16.6,16.5,True,,role,JUNGLE,2,0,0.13333333333333333,0.0,-13.333333333333334,0.5
Zaahen|16.6,Zaahen,16.6,16.5,True,,role,MIDDLE,6,2,0.4,0.16666666666666666,-23.333333333333336,0.5
Zaahen|16.6,Zaahen,16.6,16.5,True,,role,BOTTOM,2,0,0.13333333333333333,0.0,-13.333333333333334,0.5
Zaahen|16.6,Zaahen,16.6,16.5,True,,role,UTILITY,0,1,0.0,0.08333333333333333,8.333333333333332,0.5
Cassiopeia|16.7,Cassiopeia,16.7,16.6,True,,rank,GOLD,0,0,0.0,0.0,0.0,0.5
Cassiopeia|16.7,Cassiopeia,16.7,16.6,True,,rank,PLATINUM,2,1,1.0,0.5,-50.0,0.5
Cassiopeia|16.7,Cassiopeia,16.7,16.6,True,,rank,EMERALD,0,0,0.0,0.0,0.0,0.5
Cassiopeia|16.7,Cassiopeia,16.7,16.6,True,,rank,DIAMOND,0,0,0.0,0.0,0.0,0.5
Cassiopeia|16.7,Cassiopeia,16.7,16.6,True,,rank,MASTER+,0,1,0.0,0.5,50.0,0.5
Cassiopeia|16.7,Cassiopeia,16.7,16.6,True,,role,TOP,1,0,0.5,0.0,-50.0,1.0
Cassiopeia|16.7,Cassiopeia,16.7,16.6,True,,role,JUNGLE,0,0,0.0,0.0,0.0,1.0
Cassiopeia|16.7,Cassiopeia,16.7,16.6,True,,role,MIDDLE,0,2,0.0,1.0,100.0,1.0
Cassiopeia|16.7,Cassiopeia,16.7,16.6,True,,role,BOTTOM,0,0,0.0,0.0,0.0,1.0
Cassiopeia|16.7,Cassiopeia,16.7,16.6,True,,role,UTILITY,1,0,0.5,0.0,-50.0,1.0
Graves|16.7,Graves,16.7,16.6,True,,rank,GOLD,1,0,0.08333333333333333,0.0,-8.333333333333332,0.15151515151515152
Graves|16.7,Graves,16.7,16.6,True,,rank,PLATINUM,1,1,0.08333333333333333,0.09090909090909091,0.7575757575757582,0.15151515151515152
Graves|16.7,Graves,16.7,16.6,True,,rank,EMERALD,1,1,0.08333333333333333,0.09090909090909091,0.7575757575757582,0.15151515151515152
Graves|16.7,Graves,16.7,16.6,True,,rank,DIAMOND,6,7,0.5,0.6363636363636364,13.636363636363635,0.15151515151515152
Graves|16.7,Graves,16.7,16.6,True,,rank,MASTER+,3,2,0.25,0.18181818181818182,-6.8181818181818175,0.15151515151515152
Graves|16.7,Graves,16.7,16.6,True,,role,TOP,1,2,0.08333333333333333,0.18181818181818182,9.84848484848485,0.29545454545454547
Graves|16.7,Graves,16.7,16.6,True,,role,JUNGLE,9,5,0.75,0.45454545454545453,-29.545454545454547,0.29545454545454547
Graves|16.7,Graves,16.7,16.6,True,,role,MIDDLE,1,1,0.08333333333333333,0.09090909090909091,0.7575757575757582,0.29545454545454547
Graves|16.7,Graves,16.7,16.6,True,,role,BOTTOM,0,1,0.0,0.09090909090909091,9.090909090909092,0.29545454545454547
Graves|16.7,Graves,16.7,16.6,True,,role,UTILITY,1,2,0.08333333333333333,0.18181818181818182,9.84848484848485,0.29545454545454547
Kalista|16.7,Kalista,16.7,16.6,True,,rank,GOLD,1,0,1.0,,,
Kalista|16.7,Kalista,16.7,16.6,True,,rank,PLATINUM,0,0,0.0,,,
Kalista|16.7,Kalista,16.7,16.6,True,,rank,EMERALD,0,0,0.0,,,
Kalista|16.7,Kalista,16.7,16.6,True,,rank,DIAMOND,0,0,0.0,,,
Kalista|16.7,Kalista,16.7,16.6,True,,rank,MASTER+,0,0,0.0,,,
Kalista|16.7,Kalista,16.7,16.6,True,,role,TOP,1,0,1.0,,,
Kalista|16.7,Kalista,16.7,16.6,True,,role,JUNGLE,0,0,0.0,,,
Kalista|16.7,Kalista,16.7,16.6,True,,role,MIDDLE,0,0,0.0,,,
Kalista|16.7,Kalista,16.7,16.6,True,,role,BOTTOM,0,0,0.0,,,
Kalista|16.7,Kalista,16.7,16.6,True,,role,UTILITY,0,0,0.0,,,
Karma|16.7,Karma,16.7,16.6,True,,rank,GOLD,2,1,0.09090909090909091,0.05263157894736842,-3.8277511961722492,0.18421052631578944
Karma|16.7,Karma,16.7,16.6,True,,rank,PLATINUM,3,0,0.13636363636363635,0.0,-13.636363636363635,0.18421052631578944
Karma|16.7,Karma,16.7,16.6,True,,rank,EMERALD,3,3,0.13636363636363635,0.15789473684210525,2.15311004784689,0.18421052631578944
Karma|16.7,Karma,16.7,16.6,True,,rank,DIAMOND,6,5,0.2727272727272727,0.2631578947368421,-0.9569377990430616,0.18421052631578944
Karma|16.7,Karma,16.7,16.6,True,,rank,MASTER+,8,10,0.36363636363636365,0.5263157894736842,16.267942583732054,0.18421052631578944
Karma|16.7,Karma,16.7,16.6,True,,role,TOP,0,1,0.0,0.05263157894736842,5.263157894736842,0.17224880382775118
Karma|16.7,Karma,16.7,16.6,True,,role,JUNGLE,1,2,0.045454545454545456,0.10526315789473684,5.980861244019138,0.17224880382775118
Karma|16.7,Karma,16.7,16.6,True,,role,MIDDLE,5,4,0.22727272727272727,0.21052631578947367,-1.6746411483253594,0.17224880382775118
Karma|16.7,Karma,16.7,16.6,True,,role,BOTTOM,1,2,0.045454545454545456,0.10526315789473684,5.980861244019138,0.17224880382775118
Karma|16.7,Karma,16.7,16.6,True,,role,UTILITY,15,10,0.6818181818181818,0.5263157894736842,-15.550239234449759,0.17224880382775118
Nami|16.7,Nami,16.7,16.6,True,,rank,GOLD,3,3,0.13636363636363635,0.15,1.3636363636363642,0.06818181818181818
Nami|16.7,Nami,16.7,16.6,True,,rank,PLATINUM,4,4,0.18181818181818182,0.2,1.8181818181818188,0.06818181818181818
Nami|16.7,Nami,16.7,16.6,True,,rank,EMERALD,1,1,0.045454545454545456,0.05,0.4545454545454547,0.06818181818181818
Nami|16.7,Nami,16.7,16.6,True,,rank,DIAMOND,7,7,0.3181818181818182,0.35,3.18181818181818,0.06818181818181818
Nami|16.7,Nami,16.7,16.6,True,,rank,MASTER+,7,5,0.3181818181818182,0.25,-6.8181818181818175,0.06818181818181818
Nami|16.7,Nami,16.7,16.6,True,,role,TOP,1,2,0.045454545454545456,0.1,5.454545454545455,0.0681818181818182
Nami|16.7,Nami,16.7,16.6,True,,role,JUNGLE,0,0,0.0,0.0,0.0,0.0681818181818182
Nami|16.7,Nami,16.7,16.6,True,,role,MIDDLE,2,2,0.09090909090909091,0.1,0.9090909090909094,0.0681818181818182
Nami|16.7,Nami,16.7,16.6,True,,role,BOTTOM,1,1,0.045454545454545456,0.05,0.4545454545454547,0.0681818181818182
Nami|16.7,Nami,16.7,16.6,True,,role,UTILITY,18,15,0.8181818181818182,0.75,-6.818181818181824,0.0681818181818182
Ornn|16.7,Ornn,16.7,16.6,True,,rank,GOLD,1,1,0.09090909090909091,0.09090909090909091,0.0,0.18181818181818177
Ornn|16.7,Ornn,16.7,16.6,True,,rank,PLATINUM,3,2,0.2727272727272727,0.18181818181818182,-9.090909090909088,0.18181818181818177
Ornn|16.7,Ornn,16.7,16.6,True,,rank,EMERALD,1,1,0.09090909090909091,0.09090909090909091,0.0,0.18181818181818177
Ornn|16.7,Ornn,16.7,16.6,True,,rank,DIAMOND,1,3,0.09090909090909091,0.2727272727272727,18.18181818181818,0.18181818181818177
Ornn|16.7,Ornn,16.7,16.6,True,,rank,MASTER+,5,4,0.45454545454545453,0.36363636363636365,-9.090909090909088,0.18181818181818177
Ornn|16.7,Ornn,16.7,16.6,True,,role,TOP,7,2,0.6363636363636364,0.18181818181818182,-45.45454545454545,0.45454545454545453
Ornn|16.7,Ornn,16.7,16.6,True,,role,JUNGLE,1,1,0.09090909090909091,0.09090909090909091,0.0,0.45454545454545453
Ornn|16.7,Ornn,16.7,16.6,True,,role,MIDDLE,1,4,0.09090909090909091,0.36363636363636365,27.27272727272727,0.45454545454545453
Ornn|16.7,Ornn,16.7,16.6,True,,role,BOTTOM,2,3,0.18181818181818182,0.2727272727272727,9.090909090909088,0.45454545454545453
Ornn|16.7,Ornn,16.7,16.6,True,,role,UTILITY,0,1,0.0,0.09090909090909091,9.090909090909092,0.45454545454545453
Rell|16.7,Rell,16.7,16.6,True,,rank,GOLD,0,0,0.0,0.0,0.0,0.08333333333333334
Rell|16.7,Rell,16.7,16.6,True,,rank,PLATINUM,0,0,0.0,0.0,0.0,0.08333333333333334
Rell|16.7,Rell,16.7,16.6,True,,rank,EMERALD,0,0,0.0,0.0,0.0,0.08333333333333334
Rell|16.7,Rell,16.7,16.6,True,,rank,DIAMOND,3,4,0.75,0.6666666666666666,-8.333333333333337,0.08333333333333334
Rell|16.7,Rell,16.7,16.6,True,,rank,MASTER+,1,2,0.25,0.3333333333333333,8.333333333333332,0.08333333333333334
Rell|16.7,Rell,16.7,16.6,True,,role,TOP,0,0,0.0,0.0,0.0,0.16666666666666663
Rell|16.7,Rell,16.7,16.6,True,,role,JUNGLE,0,0,0.0,0.0,0.0,0.16666666666666663
Rell|16.7,Rell,16.7,16.6,True,,role,MIDDLE,0,1,0.0,0.16666666666666666,16.666666666666664,0.16666666666666663
Rell|16.7,Rell,16.7,16.6,True,,role,BOTTOM,0,0,0.0,0.0,0.0,0.16666666666666663
Rell|16.7,Rell,16.7,16.6,True,,role,UTILITY,4,5,1.0,0.8333333333333334,-16.666666666666664,0.16666666666666663
Shyvana|16.7,Shyvana,16.7,16.6,True,,rank,GOLD,5,1,0.3333333333333333,0.25,-8.333333333333332,0.3
Shyvana|16.7,Shyvana,16.7,16.6,True,,rank,PLATINUM,3,2,0.2,0.5,30.0,0.3
Shyvana|16.7,Shyvana,16.7,16.6,True,,rank,EMERALD,2,0,0.13333333333333333,0.0,-13.333333333333334,0.3
Shyvana|16.7,Shyvana,16.7,16.6,True,,rank,DIAMOND,4,1,0.26666666666666666,0.25,-1.6666666666666663,0.3
Shyvana|16.7,Shyvana,16.7,16.6,True,,rank,MASTER+,1,0,0.06666666666666667,0.0,-6.666666666666667,0.3
Shyvana|16.7,Shyvana,16.7,16.6,True,,role,TOP,5,1,0.3333333333333333,0.25,-8.333333333333332,0.21666666666666667
Shyvana|16.7,Shyvana,16.7,16.6,True,,role,JUNGLE,8,3,0.5333333333333333,0.75,21.666666666666668,0.21666666666666667
Shyvana|16.7,Shyvana,16.7,16.6,True,,role,MIDDLE,1,0,0.06666666666666667,0.0,-6.666666666666667,0.21666666666666667
Shyvana|16.7,Shyvana,16.7,16.6,True,,role,BOTTOM,1,0,0.06666666666666667,0.0,-6.666666666666667,0.21666666666666667
Shyvana|16.7,Shyvana,16.7,16.6,True,,role,UTILITY,0,0,0.0,0.0,0.0,0.21666666666666667
Singed|16.7,Singed,16.7,16.6,True,,rank,GOLD,6,2,0.6666666666666666,0.5,-16.666666666666664,0.38888888888888884
Singed|16.7,Singed,16.7,16.6,True,,rank,PLATINUM,1,0,0.1111111111111111,0.0,-11.11111111111111,0.38888888888888884
Singed|16.7,Singed,16.7,16.6,True,,rank,EMERALD,0,0,0.0,0.0,0.0,0.38888888888888884
Singed|16.7,Singed,16.7,16.6,True,,rank,DIAMOND,1,2,0.1111111111111111,0.5,38.88888888888889,0.38888888888888884
Singed|16.7,Singed,16.7,16.6,True,,rank,MASTER+,1,0,0.1111111111111111,0.0,-11.11111111111111,0.38888888888888884
Singed|16.7,Singed,16.7,16.6,True,,role,TOP,4,2,0.4444444444444444,0.5,5.555555555555558,0.08333333333333334
Singed|16.7,Singed,16.7,16.6,True,,role,JUNGLE,2,1,0.2222222222222222,0.25,2.777777777777779,0.08333333333333334
Singed|16.7,Singed,16.7,16.6,True,,role,MIDDLE,0,0,0.0,0.0,0.0,0.08333333333333334
Singed|16.7,Singed,16.7,16.6,True,,role,BOTTOM,0,0,0.0,0.0,0.0,0.08333333333333334
Singed|16.7,Singed,16.7,16.6,True,,role,UTILITY,3,1,0.3333333333333333,0.25,-8.333333333333332,0.08333333333333334
Veigar|16.7,Veigar,16.7,16.6,True,,rank,GOLD,2,1,0.16666666666666666,0.09090909090909091,-7.575757575757574,0.12878787878787878
Veigar|16.7,Veigar,16.7,16.6,True,,rank,PLATINUM,2,3,0.16666666666666666,0.2727272727272727,10.606060606060606,0.12878787878787878
Veigar|16.7,Veigar,16.7,16.6,True,,rank,EMERALD,3,3,0.25,0.2727272727272727,2.2727272727272707,0.12878787878787878
Veigar|16.7,Veigar,16.7,16.6,True,,rank,DIAMOND,5,4,0.4166666666666667,0.36363636363636365,-5.303030303030304,0.12878787878787878
Veigar|16.7,Veigar,16.7,16.6,True,,rank,MASTER+,0,0,0.0,0.0,0.0,0.12878787878787878
Veigar|16.7,Veigar,16.7,16.6,True,,role,TOP,0,1,0.0,0.09090909090909091,9.090909090909092,0.22727272727272724
Veigar|16.7,Veigar,16.7,16.6,True,,role,JUNGLE,2,1,0.16666666666666666,0.09090909090909091,-7.575757575757574,0.22727272727272724
Veigar|16.7,Veigar,16.7,16.6,True,,role,MIDDLE,3,4,0.25,0.36363636363636365,11.363636363636365,0.22727272727272724
Veigar|16.7,Veigar,16.7,16.6,True,,role,BOTTOM,3,3,0.25,0.2727272727272727,2.2727272727272707,0.22727272727272724
Veigar|16.7,Veigar,16.7,16.6,True,,role,UTILITY,4,2,0.3333333333333333,0.18181818181818182,-15.151515151515149,0.22727272727272724
Dr. Mundo|16.8,Dr. Mundo,16.8,16.7,True,,rank,GOLD,0,0,,,,
Dr. Mundo|16.8,Dr. Mundo,16.8,16.7,True,,rank,PLATINUM,0,0,,,,
Dr. Mundo|16.8,Dr. Mundo,16.8,16.7,True,,rank,EMERALD,0,0,,,,
Dr. Mundo|16.8,Dr. Mundo,16.8,16.7,True,,rank,DIAMOND,0,0,,,,
Dr. Mundo|16.8,Dr. Mundo,16.8,16.7,True,,rank,MASTER+,0,0,,,,
Dr. Mundo|16.8,Dr. Mundo,16.8,16.7,True,,role,TOP,0,0,,,,
Dr. Mundo|16.8,Dr. Mundo,16.8,16.7,True,,role,JUNGLE,0,0,,,,
Dr. Mundo|16.8,Dr. Mundo,16.8,16.7,True,,role,MIDDLE,0,0,,,,
Dr. Mundo|16.8,Dr. Mundo,16.8,16.7,True,,role,BOTTOM,0,0,,,,
Dr. Mundo|16.8,Dr. Mundo,16.8,16.7,True,,role,UTILITY,0,0,,,,
Hwei|16.8,Hwei,16.8,16.7,True,,rank,GOLD,0,0,0.0,0.0,0.0,0.12698412698412698
Hwei|16.8,Hwei,16.8,16.7,True,,rank,PLATINUM,1,0,0.1111111111111111,0.0,-11.11111111111111,0.12698412698412698
Hwei|16.8,Hwei,16.8,16.7,True,,rank,EMERALD,0,0,0.0,0.0,0.0,0.12698412698412698
Hwei|16.8,Hwei,16.8,16.7,True,,rank,DIAMOND,4,3,0.4444444444444444,0.42857142857142855,-1.5873015873015872,0.12698412698412698
Hwei|16.8,Hwei,16.8,16.7,True,,rank,MASTER+,4,4,0.4444444444444444,0.5714285714285714,12.698412698412698,0.12698412698412698
Hwei|16.8,Hwei,16.8,16.7,True,,role,TOP,0,0,0.0,0.0,0.0,0.2222222222222222
Hwei|16.8,Hwei,16.8,16.7,True,,role,JUNGLE,0,0,0.0,0.0,0.0,0.2222222222222222
Hwei|16.8,Hwei,16.8,16.7,True,,role,MIDDLE,5,5,0.5555555555555556,0.7142857142857143,15.873015873015872,0.2222222222222222
Hwei|16.8,Hwei,16.8,16.7,True,,role,BOTTOM,2,2,0.2222222222222222,0.2857142857142857,6.349206349206349,0.2222222222222222
Hwei|16.8,Hwei,16.8,16.7,True,,role,UTILITY,2,0,0.2222222222222222,0.0,-22.22222222222222,0.2222222222222222
Karma|16.8,Karma,16.8,16.7,True,,rank,GOLD,1,1,0.05263157894736842,0.08333333333333333,3.070175438596491,0.2763157894736842
Karma|16.8,Karma,16.8,16.7,True,,rank,PLATINUM,0,2,0.0,0.16666666666666666,16.666666666666664,0.2763157894736842
Karma|16.8,Karma,16.8,16.7,True,,rank,EMERALD,3,2,0.15789473684210525,0.16666666666666666,0.8771929824561403,0.2763157894736842
Karma|16.8,Karma,16.8,16.7,True,,rank,DIAMOND,5,4,0.2631578947368421,0.3333333333333333,7.017543859649122,0.2763157894736842
Karma|16.8,Karma,16.8,16.7,True,,rank,MASTER+,10,3,0.5263157894736842,0.25,-27.631578947368418,0.2763157894736842
Karma|16.8,Karma,16.8,16.7,True,,role,TOP,1,0,0.05263157894736842,0.0,-5.263157894736842,0.39035087719298245
Karma|16.8,Karma,16.8,16.7,True,,role,JUNGLE,2,0,0.10526315789473684,0.0,-10.526315789473683,0.39035087719298245
Karma|16.8,Karma,16.8,16.7,True,,role,MIDDLE,4,0,0.21052631578947367,0.0,-21.052631578947366,0.39035087719298245
Karma|16.8,Karma,16.8,16.7,True,,role,BOTTOM,2,1,0.10526315789473684,0.08333333333333333,-2.1929824561403506,0.39035087719298245
Karma|16.8,Karma,16.8,16.7,True,,role,UTILITY,10,11,0.5263157894736842,0.9166666666666666,39.03508771929825,0.39035087719298245
Lillia|16.8,Lillia,16.8,16.7,True,,rank,GOLD,1,1,0.2,0.14285714285714285,-5.714285714285716,0.5142857142857142
Lillia|16.8,Lillia,16.8,16.7,True,,rank,PLATINUM,1,3,0.2,0.42857142857142855,22.857142857142854,0.5142857142857142
Lillia|16.8,Lillia,16.8,16.7,True,,rank,EMERALD,1,1,0.2,0.14285714285714285,-5.714285714285716,0.5142857142857142
Lillia|16.8,Lillia,16.8,16.7,True,,rank,DIAMOND,2,0,0.4,0.0,-40.0,0.5142857142857142
Lillia|16.8,Lillia,16.8,16.7,True,,rank,MASTER+,0,2,0.0,0.2857142857142857,28.57142857142857,0.5142857142857142
Lillia|16.8,Lillia,16.8,16.7,True,,role,TOP,0,0,0.0,0.0,0.0,0.2285714285714286
Lillia|16.8,Lillia,16.8,16.7,True,,role,JUNGLE,4,4,0.8,0.5714285714285714,-22.857142857142865,0.2285714285714286
Lillia|16.8,Lillia,16.8,16.7,True,,role,MIDDLE,0,1,0.0,0.14285714285714285,14.285714285714285,0.2285714285714286
Lillia|16.8,Lillia,16.8,16.7,True,,role,BOTTOM,1,2,0.2,0.2857142857142857,8.57142857142857,0.2285714285714286
Lillia|16.8,Lillia,16.8,16.7,True,,role,UTILITY,0,0,0.0,0.0,0.0,0.2285714285714286
Lucian|16.8,Lucian,16.8,16.7,True,,rank,GOLD,1,3,0.125,0.25,12.5,0.25
Lucian|16.8,Lucian,16.8,16.7,True,,rank,PLATINUM,1,1,0.125,0.08333333333333333,-4.166666666666667,0.25
Lucian|16.8,Lucian,16.8,16.7,True,,rank,EMERALD,3,2,0.375,0.16666666666666666,-20.833333333333336,0.25
Lucian|16.8,Lucian,16.8,16.7,True,,rank,DIAMOND,2,3,0.25,0.25,0.0,0.25
Lucian|16.8,Lucian,16.8,16.7,True,,rank,MASTER+,1,3,0.125,0.25,12.5,0.25
Lucian|16.8,Lucian,16.8,16.7,True,,role,TOP,0,1,0.0,0.08333333333333333,8.333333333333332,0.2916666666666667
Lucian|16.8,Lucian,16.8,16.7,True,,role,JUNGLE,1,4,0.125,0.3333333333333333,20.833333333333332,0.2916666666666667
Lucian|16.8,Lucian,16.8,16.7,True,,role,MIDDLE,2,3,0.25,0.25,0.0,0.2916666666666667
Lucian|16.8,Lucian,16.8,16.7,True,,role,BOTTOM,3,3,0.375,0.25,-12.5,0.2916666666666667
Lucian|16.8,Lucian,16.8,16.7,True,,role,UTILITY,2,1,0.25,0.08333333333333333,-16.666666666666668,0.2916666666666667
Mel|16.8,Mel,16.8,16.7,True,,rank,GOLD,3,3,0.23076923076923078,0.2727272727272727,4.195804195804192,0.11188811188811189
Mel|16.8,Mel,16.8,16.7,True,,rank,PLATINUM,5,3,0.38461538461538464,0.2727272727272727,-11.188811188811194,0.11188811188811189
Mel|16.8,Mel,16.8,16.7,True,,rank,EMERALD,1,1,0.07692307692307693,0.09090909090909091,1.3986013986013983,0.11188811188811189
Mel|16.8,Mel,16.8,16.7,True,,rank,DIAMOND,2,2,0.15384615384615385,0.18181818181818182,2.7972027972027966,0.11188811188811189
Mel|16.8,Mel,16.8,16.7,True,,rank,MASTER+,2,2,0.15384615384615385,0.18181818181818182,2.7972027972027966,0.11188811188811189
Mel|16.8,Mel,16.8,16.7,True,,role,TOP,0,0,0.0,0.0,0.0,0.26573426573426573
Mel|16.8,Mel,16.8,16.7,True,,role,JUNGLE,3,1,0.23076923076923078,0.09090909090909091,-13.986013986013987,0.26573426573426573
Mel|16.8,Mel,16.8,16.7,True,,role,MIDDLE,5,6,0.38461538461538464,0.5454545454545454,16.083916083916076,0.26573426573426573
Mel|16.8,Mel,16.8,16.7,True,,role,BOTTOM,1,2,0.07692307692307693,0.18181818181818182,10.48951048951049,0.26573426573426573
Mel|16.8,Mel,16.8,16.7,True,,role,UTILITY,4,2,0.3076923076923077,0.18181818181818182,-12.587412587412588,0.26573426573426573
Tahm Kench|16.8,Tahm Kench,16.8,16.7,True,,rank,GOLD,0,0,,,,
Tahm Kench|16.8,Tahm Kench,16.8,16.7,True,,rank,PLATINUM,0,0,,,,
Tahm Kench|16.8,Tahm Kench,16.8,16.7,True,,rank,EMERALD,0,0,,,,
Tahm Kench|16.8,Tahm Kench,16.8,16.7,True,,rank,DIAMOND,0,0,,,,
Tahm Kench|16.8,Tahm Kench,16.8,16.7,True,,rank,MASTER+,0,0,,,,
Tahm Kench|16.8,Tahm Kench,16.8,16.7,True,,role,TOP,0,0,,,,
Tahm Kench|16.8,Tahm Kench,16.8,16.7,True,,role,JUNGLE,0,0,,,,
Tahm Kench|16.8,Tahm Kench,16.8,16.7,True,,role,MIDDLE,0,0,,,,
Tahm Kench|16.8,Tahm Kench,16.8,16.7,True,,role,BOTTOM,0,0,,,,
Tahm Kench|16.8,Tahm Kench,16.8,16.7,True,,role,UTILITY,0,0,,,,
Yuumi|16.8,Yuumi,16.8,16.7,True,,rank,GOLD,1,0,0.25,0.0,-25.0,0.5
Yuumi|16.8,Yuumi,16.8,16.7,True,,rank,PLATINUM,0,1,0.0,0.3333333333333333,33.33333333333333,0.5
Yuumi|16.8,Yuumi,16.8,16.7,True,,rank,EMERALD,1,0,0.25,0.0,-25.0,0.5
Yuumi|16.8,Yuumi,16.8,16.7,True,,rank,DIAMOND,2,2,0.5,0.6666666666666666,16.666666666666664,0.5
Yuumi|16.8,Yuumi,16.8,16.7,True,,rank,MASTER+,0,0,0.0,0.0,0.0,0.5
Yuumi|16.8,Yuumi,16.8,16.7,True,,role,TOP,0,1,0.0,0.3333333333333333,33.33333333333333,0.33333333333333337
Yuumi|16.8,Yuumi,16.8,16.7,True,,role,JUNGLE,0,0,0.0,0.0,0.0,0.33333333333333337
Yuumi|16.8,Yuumi,16.8,16.7,True,,role,MIDDLE,0,0,0.0,0.0,0.0,0.33333333333333337
Yuumi|16.8,Yuumi,16.8,16.7,True,,role,BOTTOM,0,0,0.0,0.0,0.0,0.33333333333333337
Yuumi|16.8,Yuumi,16.8,16.7,True,,role,UTILITY,4,2,1.0,0.6666666666666666,-33.333333333333336,0.33333333333333337
Zilean|16.8,Zilean,16.8,16.7,True,,rank,GOLD,0,0,0.0,0.0,0.0,0.16666666666666666
Zilean|16.8,Zilean,16.8,16.7,True,,rank,PLATINUM,2,2,0.3333333333333333,0.3333333333333333,0.0,0.16666666666666666
Zilean|16.8,Zilean,16.8,16.7,True,,rank,EMERALD,1,0,0.16666666666666666,0.0,-16.666666666666664,0.16666666666666666
Zilean|16.8,Zilean,16.8,16.7,True,,rank,DIAMOND,2,2,0.3333333333333333,0.3333333333333333,0.0,0.16666666666666666
Zilean|16.8,Zilean,16.8,16.7,True,,rank,MASTER+,1,2,0.16666666666666666,0.3333333333333333,16.666666666666664,0.16666666666666666
Zilean|16.8,Zilean,16.8,16.7,True,,role,TOP,1,0,0.16666666666666666,0.0,-16.666666666666664,0.16666666666666666
Zilean|16.8,Zilean,16.8,16.7,True,,role,JUNGLE,0,0,0.0,0.0,0.0,0.16666666666666666
Zilean|16.8,Zilean,16.8,16.7,True,,role,MIDDLE,0,1,0.0,0.16666666666666666,16.666666666666664,0.16666666666666666
Zilean|16.8,Zilean,16.8,16.7,True,,role,BOTTOM,0,0,0.0,0.0,0.0,0.16666666666666666
Zilean|16.8,Zilean,16.8,16.7,True,,role,UTILITY,5,5,0.8333333333333334,0.8333333333333334,0.0,0.16666666666666666
Zyra|16.8,Zyra,16.8,16.7,True,,rank,GOLD,1,1,0.16666666666666666,0.25,8.333333333333334,0.4166666666666667
Zyra|16.8,Zyra,16.8,16.7,True,,rank,PLATINUM,3,1,0.5,0.25,-25.0,0.4166666666666667
Zyra|16.8,Zyra,16.8,16.7,True,,rank,EMERALD,0,0,0.0,0.0,0.0,0.4166666666666667
Zyra|16.8,Zyra,16.8,16.7,True,,rank,DIAMOND,1,0,0.16666666666666666,0.0,-16.666666666666664,0.4166666666666667
Zyra|16.8,Zyra,16.8,16.7,True,,rank,MASTER+,1,2,0.16666666666666666,0.5,33.333333333333336,0.4166666666666667
Zyra|16.8,Zyra,16.8,16.7,True,,role,TOP,0,0,0.0,0.0,0.0,0.25
Zyra|16.8,Zyra,16.8,16.7,True,,role,JUNGLE,1,0,0.16666666666666666,0.0,-16.666666666666664,0.25
Zyra|16.8,Zyra,16.8,16.7,True,,role,MIDDLE,0,1,0.0,0.25,25.0,0.25
Zyra|16.8,Zyra,16.8,16.7,True,,role,BOTTOM,0,0,0.0,0.0,0.0,0.25
Zyra|16.8,Zyra,16.8,16.7,True,,role,UTILITY,5,3,0.8333333333333334,0.75,-8.333333333333337,0.25
Ambessa|16.9,Ambessa,16.9,16.8,True,,rank,GOLD,1,0,0.07692307692307693,0.0,-7.6923076923076925,0.22307692307692312
Ambessa|16.9,Ambessa,16.9,16.8,True,,rank,PLATINUM,1,3,0.07692307692307693,0.3,22.307692307692307,0.22307692307692312
Ambessa|16.9,Ambessa,16.9,16.8,True,,rank,EMERALD,2,1,0.15384615384615385,0.1,-5.384615384615385,0.22307692307692312
Ambessa|16.9,Ambessa,16.9,16.8,True,,rank,DIAMOND,5,3,0.38461538461538464,0.3,-8.461538461538465,0.22307692307692312
Ambessa|16.9,Ambessa,16.9,16.8,True,,rank,MASTER+,4,3,0.3076923076923077,0.3,-0.769230769230772,0.22307692307692312
Ambessa|16.9,Ambessa,16.9,16.8,True,,role,TOP,2,7,0.15384615384615385,0.7,54.61538461538461,0.5692307692307692
Ambessa|16.9,Ambessa,16.9,16.8,True,,role,JUNGLE,8,2,0.6153846153846154,0.2,-41.53846153846154,0.5692307692307692
Ambessa|16.9,Ambessa,16.9,16.8,True,,role,MIDDLE,1,1,0.07692307692307693,0.1,2.307692307692308,0.5692307692307692
Ambessa|16.9,Ambessa,16.9,16.8,True,,role,BOTTOM,2,0,0.15384615384615385,0.0,-15.384615384615385,0.5692307692307692
Ambessa|16.9,Ambessa,16.9,16.8,True,,role,UTILITY,0,0,0.0,0.0,0.0,0.5692307692307692
Briar|16.9,Briar,16.9,16.8,True,,rank,GOLD,1,1,0.5,0.25,-25.0,0.5
Briar|16.9,Briar,16.9,16.8,True,,rank,PLATINUM,1,1,0.5,0.25,-25.0,0.5
Briar|16.9,Briar,16.9,16.8,True,,rank,EMERALD,0,2,0.0,0.5,50.0,0.5
Briar|16.9,Briar,16.9,16.8,True,,rank,DIAMOND,0,0,0.0,0.0,0.0,0.5
Briar|16.9,Briar,16.9,16.8,True,,rank,MASTER+,0,0,0.0,0.0,0.0,0.5
Briar|16.9,Briar,16.9,16.8,True,,role,TOP,1,2,0.5,0.5,0.0,0.5
Briar|16.9,Briar,16.9,16.8,True,,role,JUNGLE,0,2,0.0,0.5,50.0,0.5
Briar|16.9,Briar,16.9,16.8,True,,role,MIDDLE,0,0,0.0,0.0,0.0,0.5
Briar|16.9,Briar,16.9,16.8,True,,role,BOTTOM,1,0,0.5,0.0,-50.0,0.5
Briar|16.9,Briar,16.9,16.8,True,,role,UTILITY,0,0,0.0,0.0,0.0,0.5
Ezreal|16.9,Ezreal,16.9,16.8,True,,rank,GOLD,1,0,0.047619047619047616,0.0,-4.761904761904762,0.1575091575091575
Ezreal|16.9,Ezreal,16.9,16.8,True,,rank,PLATINUM,2,4,0.09523809523809523,0.15384615384615385,5.860805860805862,0.1575091575091575
Ezreal|16.9,Ezreal,16.9,16.8,True,,rank,EMERALD,6,10,0.2857142857142857,0.38461538461538464,9.890109890109894,0.1575091575091575
Ezreal|16.9,Ezreal,16.9,16.8,True,,rank,DIAMOND,5,5,0.23809523809523808,0.19230769230769232,-4.578754578754577,0.1575091575091575
Ezreal|16.9,Ezreal,16.9,16.8,True,,rank,MASTER+,7,7,0.3333333333333333,0.2692307692307692,-6.41025641025641,0.1575091575091575
Ezreal|16.9,Ezreal,16.9,16.8,True,,role,TOP,3,1,0.14285714285714285,0.038461538461538464,-10.439560439560438,0.16483516483516486
Ezreal|16.9,Ezreal,16.9,16.8,True,,role,JUNGLE,2,2,0.09523809523809523,0.07692307692307693,-1.8315018315018305,0.16483516483516486
Ezreal|16.9,Ezreal,16.9,16.8,True,,role,MIDDLE,3,5,0.14285714285714285,0.19230769230769232,4.945054945054947,0.16483516483516486
Ezreal|16.9,Ezreal,16.9,16.8,True,,role,BOTTOM,13,15,0.6190476190476191,0.5769230769230769,-4.21245421245422,0.16483516483516486
Ezreal|16.9,Ezreal,16.9,16.8,True,,role,UTILITY,0,3,0.0,0.11538461538461539,11.538461538461538,0.16483516483516486
Gragas|16.9,Gragas,16.9,16.8,True,,rank,GOLD,1,0,0.25,0.0,-25.0,0.4
Gragas|16.9,Gragas,16.9,16.8,True,,rank,PLATINUM,1,1,0.25,0.2,-4.999999999999999,0.4
Gragas|16.9,Gragas,16.9,16.8,True,,rank,EMERALD,0,2,0.0,0.4,40.0,0.4
Gragas|16.9,Gragas,16.9,16.8,True,,rank,DIAMOND,1,1,0.25,0.2,-4.999999999999999,0.4
Gragas|16.9,Gragas,16.9,16.8,True,,rank,MASTER+,1,1,0.25,0.2,-4.999999999999999,0.4
Gragas|16.9,Gragas,16.9,16.8,True,,role,TOP,1,3,0.25,0.6,35.0,0.35
Gragas|16.9,Gragas,16.9,16.8,True,,role,JUNGLE,1,1,0.25,0.2,-4.999999999999999,0.35
Gragas|16.9,Gragas,16.9,16.8,True,,role,MIDDLE,1,0,0.25,0.0,-25.0,0.35
Gragas|16.9,Gragas,16.9,16.8,True,,role,BOTTOM,0,0,0.0,0.0,0.0,0.35
Gragas|16.9,Gragas,16.9,16.8,True,,role,UTILITY,1,1,0.25,0.2,-4.999999999999999,0.35
Kennen|16.9,Kennen,16.9,16.8,True,,rank,GOLD,0,1,0.0,0.25,25.0,0.35
Kennen|16.9,Kennen,16.9,16.8,True,,rank,PLATINUM,1,1,0.2,0.25,4.999999999999999,0.35
Kennen|16.9,Kennen,16.9,16.8,True,,rank,EMERALD,2,1,0.4,0.25,-15.000000000000002,0.35
Kennen|16.9,Kennen,16.9,16.8,True,,rank,DIAMOND,1,1,0.2,0.25,4.999999999999999,0.35
Kennen|16.9,Kennen,16.9,16.8,True,,rank,MASTER+,1,0,0.2,0.0,-20.0,0.35
Kennen|16.9,Kennen,16.9,16.8,True,,role,TOP,4,2,0.8,0.5,-30.000000000000004,0.30000000000000004
Kennen|16.9,Kennen,16.9,16.8,True,,role,JUNGLE,0,0,0.0,0.0,0.0,0.30000000000000004
Kennen|16.9,Kennen,16.9,16.8,True,,role,MIDDLE,1,2,0.2,0.5,30.0,0.30000000000000004
Kennen|16.9,Kennen,16.9,16.8,True,,role,BOTTOM,0,0,0.0,0.0,0.0,0.30000000000000004
Kennen|16.9,Kennen,16.9,16.8,True,,role,UTILITY,0,0,0.0,0.0,0.0,0.30000000000000004
Shyvana|16.9,Shyvana,16.9,16.8,True,,rank,GOLD,4,3,0.5714285714285714,0.5,-7.14285714285714,0.49999999999999994
Shyvana|16.9,Shyvana,16.9,16.8,True,,rank,PLATINUM,1,0,0.14285714285714285,0.0,-14.285714285714285,0.49999999999999994
Shyvana|16.9,Shyvana,16.9,16.8,True,,rank,EMERALD,0,1,0.0,0.16666666666666666,16.666666666666664,0.49999999999999994
Shyvana|16.9,Shyvana,16.9,16.8,True,,rank,DIAMOND,2,0,0.2857142857142857,0.0,-28.57142857142857,0.49999999999999994
Shyvana|16.9,Shyvana,16.9,16.8,True,,rank,MASTER+,0,2,0.0,0.3333333333333333,33.33333333333333,0.49999999999999994
Shyvana|16.9,Shyvana,16.9,16.8,True,,role,TOP,1,0,0.14285714285714285,0.0,-14.285714285714285,0.35714285714285715
Shyvana|16.9,Shyvana,16.9,16.8,True,,role,JUNGLE,5,3,0.7142857142857143,0.5,-21.42857142857143,0.35714285714285715
Shyvana|16.9,Shyvana,16.9,16.8,True,,role,MIDDLE,0,1,0.0,0.16666666666666666,16.666666666666664,0.35714285714285715
Shyvana|16.9,Shyvana,16.9,16.8,True,,role,BOTTOM,1,2,0.14285714285714285,0.3333333333333333,19.047619047619047,0.35714285714285715
Shyvana|16.9,Shyvana,16.9,16.8,True,,role,UTILITY,0,0,0.0,0.0,0.0,0.35714285714285715
Tahm Kench|16.9,Tahm Kench,16.9,16.8,True,,rank,GOLD,0,0,,,,
Tahm Kench|16.9,Tahm Kench,16.9,16.8,True,,rank,PLATINUM,0,0,,,,
Tahm Kench|16.9,Tahm Kench,16.9,16.8,True,,rank,EMERALD,0,0,,,,
Tahm Kench|16.9,Tahm Kench,16.9,16.8,True,,rank,DIAMOND,0,0,,,,
Tahm Kench|16.9,Tahm Kench,16.9,16.8,True,,rank,MASTER+,0,0,,,,
Tahm Kench|16.9,Tahm Kench,16.9,16.8,True,,role,TOP,0,0,,,,
Tahm Kench|16.9,Tahm Kench,16.9,16.8,True,,role,JUNGLE,0,0,,,,
Tahm Kench|16.9,Tahm Kench,16.9,16.8,True,,role,MIDDLE,0,0,,,,
Tahm Kench|16.9,Tahm Kench,16.9,16.8,True,,role,BOTTOM,0,0,,,,
Tahm Kench|16.9,Tahm Kench,16.9,16.8,True,,role,UTILITY,0,0,,,,
Taliyah|16.9,Taliyah,16.9,16.8,True,,rank,GOLD,0,0,0.0,0.0,0.0,0.5
Taliyah|16.9,Taliyah,16.9,16.8,True,,rank,PLATINUM,1,0,0.25,0.0,-25.0,0.5
Taliyah|16.9,Taliyah,16.9,16.8,True,,rank,EMERALD,1,0,0.25,0.0,-25.0,0.5
Taliyah|16.9,Taliyah,16.9,16.8,True,,rank,DIAMOND,1,3,0.25,0.6,35.0,0.5
Taliyah|16.9,Taliyah,16.9,16.8,True,,rank,MASTER+,1,2,0.25,0.4,15.000000000000002,0.5
Taliyah|16.9,Taliyah,16.9,16.8,True,,role,TOP,0,0,0.0,0.0,0.0,0.05000000000000002
Taliyah|16.9,Taliyah,16.9,16.8,True,,role,JUNGLE,0,0,0.0,0.0,0.0,0.05000000000000002
Taliyah|16.9,Taliyah,16.9,16.8,True,,role,MIDDLE,3,4,0.75,0.8,5.000000000000004,0.05000000000000002
Taliyah|16.9,Taliyah,16.9,16.8,True,,role,BOTTOM,1,1,0.25,0.2,-4.999999999999999,0.05000000000000002
Taliyah|16.9,Taliyah,16.9,16.8,True,,role,UTILITY,0,0,0.0,0.0,0.0,0.05000000000000002
Teemo|16.9,Teemo,16.9,16.8,True,,rank,GOLD,2,5,0.4,0.20833333333333334,-19.166666666666668,0.26666666666666666
Teemo|16.9,Teemo,16.9,16.8,True,,rank,PLATINUM,1,9,0.2,0.375,17.5,0.26666666666666666
Teemo|16.9,Teemo,16.9,16.8,True,,rank,EMERALD,0,2,0.0,0.08333333333333333,8.333333333333332,0.26666666666666666
Teemo|16.9,Teemo,16.9,16.8,True,,rank,DIAMOND,1,3,0.2,0.125,-7.500000000000001,0.26666666666666666
Teemo|16.9,Teemo,16.9,16.8,True,,rank,MASTER+,1,5,0.2,0.20833333333333334,0.8333333333333331,0.26666666666666666
Teemo|16.9,Teemo,16.9,16.8,True,,role,TOP,2,10,0.4,0.4166666666666667,1.6666666666666663,0.1416666666666667
Teemo|16.9,Teemo,16.9,16.8,True,,role,JUNGLE,1,4,0.2,0.16666666666666666,-3.3333333333333353,0.1416666666666667
Teemo|16.9,Teemo,16.9,16.8,True,,role,MIDDLE,0,3,0.0,0.125,12.5,0.1416666666666667
Teemo|16.9,Teemo,16.9,16.8,True,,role,BOTTOM,1,3,0.2,0.125,-7.500000000000001,0.1416666666666667
Teemo|16.9,Teemo,16.9,16.8,True,,role,UTILITY,1,4,0.2,0.16666666666666666,-3.3333333333333353,0.1416666666666667
Udyr|16.9,Udyr,16.9,16.8,True,,rank,GOLD,0,1,0.0,0.25,25.0,0.25
Udyr|16.9,Udyr,16.9,16.8,True,,rank,PLATINUM,1,0,0.25,0.0,-25.0,0.25
Udyr|16.9,Udyr,16.9,16.8,True,,rank,EMERALD,1,1,0.25,0.25,0.0,0.25
Udyr|16.9,Udyr,16.9,16.8,True,,rank,DIAMOND,1,1,0.25,0.25,0.0,0.25
Udyr|16.9,Udyr,16.9,16.8,True,,rank,MASTER+,1,1,0.25,0.25,0.0,0.25
Udyr|16.9,Udyr,16.9,16.8,True,,role,TOP,1,1,0.25,0.25,0.0,0.25
Udyr|16.9,Udyr,16.9,16.8,True,,role,JUNGLE,2,3,0.5,0.75,25.0,0.25
Udyr|16.9,Udyr,16.9,16.8,True,,role,MIDDLE,0,0,0.0,0.0,0.0,0.25
Udyr|16.9,Udyr,16.9,16.8,True,,role,BOTTOM,0,0,0.0,0.0,0.0,0.25
Udyr|16.9,Udyr,16.9,16.8,True,,role,UTILITY,1,0,0.25,0.0,-25.0,0.25
Warwick|16.9,Warwick,16.9,16.8,True,,rank,GOLD,1,2,0.2,0.18181818181818182,-1.8181818181818188,0.6363636363636364
Warwick|16.9,Warwick,16.9,16.8,True,,rank,PLATINUM,4,2,0.8,0.18181818181818182,-61.81818181818181,0.6363636363636364
Warwick|16.9,Warwick,16.9,16.8,True,,rank,EMERALD,0,2,0.0,0.18181818181818182,18.181818181818183,0.6363636363636364
Warwick|16.9,Warwick,16.9,16.8,True,,rank,DIAMOND,0,3,0.0,0.2727272727272727,27.27272727272727,0.6363636363636364
Warwick|16.9,Warwick,16.9,16.8,True,,rank,MASTER+,0,2,0.0,0.18181818181818182,18.181818181818183,0.6363636363636364
Warwick|16.9,Warwick,16.9,16.8,True,,role,TOP,1,4,0.2,0.36363636363636365,16.363636363636363,0.32727272727272727
Warwick|16.9,Warwick,16.9,16.8,True,,role,JUNGLE,1,4,0.2,0.36363636363636365,16.363636363636363,0.32727272727272727
Warwick|16.9,Warwick,16.9,16.8,True,,role,MIDDLE,1,1,0.2,0.09090909090909091,-10.90909090909091,0.32727272727272727
Warwick|16.9,Warwick,16.9,16.8,True,,role,BOTTOM,1,1,0.2,0.09090909090909091,-10.90909090909091,0.32727272727272727
Warwick|16.9,Warwick,16.9,16.8,True,,role,UTILITY,1,1,0.2,0.09090909090909091,-10.90909090909091,0.32727272727272727
Xin Zhao|16.9,Xin Zhao,16.9,16.8,True,,rank,GOLD,0,0,,,,
Xin Zhao|16.9,Xin Zhao,16.9,16.8,True,,rank,PLATINUM,0,0,,,,
Xin Zhao|16.9,Xin Zhao,16.9,16.8,True,,rank,EMERALD,0,0,,,,
Xin Zhao|16.9,Xin Zhao,16.9,16.8,True,,rank,DIAMOND,0,0,,,,
Xin Zhao|16.9,Xin Zhao,16.9,16.8,True,,rank,MASTER+,0,0,,,,
Xin Zhao|16.9,Xin Zhao,16.9,16.8,True,,role,TOP,0,0,,,,
Xin Zhao|16.9,Xin Zhao,16.9,16.8,True,,role,JUNGLE,0,0,,,,
Xin Zhao|16.9,Xin Zhao,16.9,16.8,True,,role,MIDDLE,0,0,,,,
Xin Zhao|16.9,Xin Zhao,16.9,16.8,True,,role,BOTTOM,0,0,,,,
Xin Zhao|16.9,Xin Zhao,16.9,16.8,True,,role,UTILITY,0,0,,,,
Zeri|16.9,Zeri,16.9,16.8,True,,rank,GOLD,2,1,0.4,0.2,-20.0,0.6000000000000001
Zeri|16.9,Zeri,16.9,16.8,True,,rank,PLATINUM,1,0,0.2,0.0,-20.0,0.6000000000000001
Zeri|16.9,Zeri,16.9,16.8,True,,rank,EMERALD,0,2,0.0,0.4,40.0,0.6000000000000001
Zeri|16.9,Zeri,16.9,16.8,True,,rank,DIAMOND,2,1,0.4,0.2,-20.0,0.6000000000000001
Zeri|16.9,Zeri,16.9,16.8,True,,rank,MASTER+,0,1,0.0,0.2,20.0,0.6000000000000001
Zeri|16.9,Zeri,16.9,16.8,True,,role,TOP,0,1,0.0,0.2,20.0,0.4
Zeri|16.9,Zeri,16.9,16.8,True,,role,JUNGLE,0,1,0.0,0.2,20.0,0.4
Zeri|16.9,Zeri,16.9,16.8,True,,role,MIDDLE,1,1,0.2,0.2,0.0,0.4
Zeri|16.9,Zeri,16.9,16.8,True,,role,BOTTOM,4,2,0.8,0.4,-40.0,0.4
Zeri|16.9,Zeri,16.9,16.8,True,,role,UTILITY,0,0,0.0,0.0,0.0,0.4
Zoe|16.9,Zoe,16.9,16.8,True,,rank,GOLD,0,0,0.0,0.0,0.0,1.0
Zoe|16.9,Zoe,16.9,16.8,True,,rank,PLATINUM,0,0,0.0,0.0,0.0,1.0
Zoe|16.9,Zoe,16.9,16.8,True,,rank,EMERALD,0,1,0.0,1.0,100.0,1.0
Zoe|16.9,Zoe,16.9,16.8,True,,rank,DIAMOND,1,0,0.3333333333333333,0.0,-33.33333333333333,1.0
Zoe|16.9,Zoe,16.9,16.8,True,,rank,MASTER+,2,0,0.6666666666666666,0.0,-66.66666666666666,1.0
Zoe|16.9,Zoe,16.9,16.8,True,,role,TOP,0,0,0.0,0.0,0.0,1.0
Zoe|16.9,Zoe,16.9,16.8,True,,role,JUNGLE,0,0,0.0,0.0,0.0,1.0
Zoe|16.9,Zoe,16.9,16.8,True,,role,MIDDLE,0,1,0.0,1.0,100.0,1.0
Zoe|16.9,Zoe,16.9,16.8,True,,role,BOTTOM,2,0,0.6666666666666666,0.0,-66.66666666666666,1.0
Zoe|16.9,Zoe,16.9,16.8,True,,role,UTILITY,1,0,0.3333333333333333,0.0,-33.33333333333333,1.0
Ambessa|16.10,Ambessa,16.10,16.9,True,,rank,GOLD,0,0,0.0,0.0,0.0,0.3
Ambessa|16.10,Ambessa,16.10,16.9,True,,rank,PLATINUM,3,2,0.3,0.2,-9.999999999999998,0.3
Ambessa|16.10,Ambessa,16.10,16.9,True,,rank,EMERALD,1,4,0.1,0.4,30.000000000000004,0.3
Ambessa|16.10,Ambessa,16.10,16.9,True,,rank,DIAMOND,3,1,0.3,0.1,-20.0,0.3
Ambessa|16.10,Ambessa,16.10,16.9,True,,rank,MASTER+,3,3,0.3,0.3,0.0,0.3
Ambessa|16.10,Ambessa,16.10,16.9,True,,role,TOP,7,2,0.7,0.2,-49.99999999999999,0.5
Ambessa|16.10,Ambessa,16.10,16.9,True,,role,JUNGLE,2,3,0.2,0.3,9.999999999999998,0.5
Ambessa|16.10,Ambessa,16.10,16.9,True,,role,MIDDLE,1,2,0.1,0.2,10.0,0.5
Ambessa|16.10,Ambessa,16.10,16.9,True,,role,BOTTOM,0,2,0.0,0.2,20.0,0.5
Ambessa|16.10,Ambessa,16.10,16.9,True,,role,UTILITY,0,1,0.0,0.1,10.0,0.5
Anivia|16.10,Anivia,16.10,16.9,True,,rank,GOLD,2,2,0.2,0.18181818181818182,-1.8181818181818188,0.2272727272727273
Anivia|16.10,Anivia,16.10,16.9,True,,rank,PLATINUM,1,2,0.1,0.18181818181818182,8.181818181818182,0.2272727272727273
Anivia|16.10,Anivia,16.10,16.9,True,,rank,EMERALD,3,1,0.3,0.09090909090909091,-20.909090909090907,0.2272727272727273
Anivia|16.10,Anivia,16.10,16.9,True,,rank,DIAMOND,3,4,0.3,0.36363636363636365,6.363636363636366,0.2272727272727273
Anivia|16.10,Anivia,16.10,16.9,True,,rank,MASTER+,1,2,0.1,0.18181818181818182,8.181818181818182,0.2272727272727273
Anivia|16.10,Anivia,16.10,16.9,True,,role,TOP,0,3,0.0,0.2727272727272727,27.27272727272727,0.33636363636363636
Anivia|16.10,Anivia,16.10,16.9,True,,role,JUNGLE,1,1,0.1,0.09090909090909091,-0.9090909090909094,0.33636363636363636
Anivia|16.10,Anivia,16.10,16.9,True,,role,MIDDLE,3,4,0.3,0.36363636363636365,6.363636363636366,0.33636363636363636
Anivia|16.10,Anivia,16.10,16.9,True,,role,BOTTOM,2,1,0.2,0.09090909090909091,-10.90909090909091,0.33636363636363636
Anivia|16.10,Anivia,16.10,16.9,True,,role,UTILITY,4,2,0.4,0.18181818181818182,-21.81818181818182,0.33636363636363636
Ashe|16.10,Ashe,16.10,16.9,True,,rank,GOLD,3,4,0.13043478260869565,0.12903225806451613,-0.1402524544179523,0.19915848527349228
Ashe|16.10,Ashe,16.10,16.9,True,,rank,PLATINUM,4,6,0.17391304347826086,0.1935483870967742,1.9635343618513323,0.19915848527349228
Ashe|16.10,Ashe,16.10,16.9,True,,rank,EMERALD,9,6,0.391304347826087,0.1935483870967742,-19.77559607293128,0.19915848527349228
Ashe|16.10,Ashe,16.10,16.9,True,,rank,DIAMOND,4,7,0.17391304347826086,0.22580645161290322,5.189340813464235,0.19915848527349228
Ashe|16.10,Ashe,16.10,16.9,True,,rank,MASTER+,3,8,0.13043478260869565,0.25806451612903225,12.76297335203366,0.19915848527349228
Ashe|16.10,Ashe,16.10,16.9,True,,role,TOP,2,1,0.08695652173913043,0.03225806451612903,-5.46984572230014,0.14866760168302942
Ashe|16.10,Ashe,16.10,16.9,True,,role,JUNGLE,0,2,0.0,0.06451612903225806,6.451612903225806,0.14866760168302942
Ashe|16.10,Ashe,16.10,16.9,True,,role,MIDDLE,4,8,0.17391304347826086,0.25806451612903225,8.415147265077138,0.14866760168302942
Ashe|16.10,Ashe,16.10,16.9,True,,role,BOTTOM,13,15,0.5652173913043478,0.4838709677419355,-8.134642356241228,0.14866760168302942
Ashe|16.10,Ashe,16.10,16.9,True,,role,UTILITY,4,5,0.17391304347826086,0.16129032258064516,-1.262272089761571,0.14866760168302942
Galio|16.10,Galio,16.10,16.9,True,,rank,GOLD,2,2,0.13333333333333333,0.1,-3.3333333333333326,0.13333333333333336
Galio|16.10,Galio,16.10,16.9,True,,rank,PLATINUM,6,6,0.4,0.3,-10.000000000000004,0.13333333333333336
Galio|16.10,Galio,16.10,16.9,True,,rank,EMERALD,2,3,0.13333333333333333,0.15,1.6666666666666663,0.13333333333333336
Galio|16.10,Galio,16.10,16.9,True,,rank,DIAMOND,2,5,0.13333333333333333,0.25,11.666666666666666,0.13333333333333336
Galio|16.10,Galio,16.10,16.9,True,,rank,MASTER+,3,4,0.2,0.2,0.0,0.13333333333333336
Galio|16.10,Galio,16.10,16.9,True,,role,TOP,5,3,0.3333333333333333,0.15,-18.333333333333332,0.2
Galio|16.10,Galio,16.10,16.9,True,,role,JUNGLE,1,1,0.06666666666666667,0.05,-1.6666666666666663,0.2
Galio|16.10,Galio,16.10,16.9,True,,role,MIDDLE,4,9,0.26666666666666666,0.45,18.333333333333336,0.2
Galio|16.10,Galio,16.10,16.9,True,,role,BOTTOM,2,3,0.13333333333333333,0.15,1.6666666666666663,0.2
Galio|16.10,Galio,16.10,16.9,True,,role,UTILITY,3,4,0.2,0.2,0.0,0.2
Lee Sin|16.10,Lee Sin,16.10,16.9,True,,rank,GOLD,0,0,,,,
Lee Sin|16.10,Lee Sin,16.10,16.9,True,,rank,PLATINUM,0,0,,,,
Lee Sin|16.10,Lee Sin,16.10,16.9,True,,rank,EMERALD,0,0,,,,
Lee Sin|16.10,Lee Sin,16.10,16.9,True,,rank,DIAMOND,0,0,,,,
Lee Sin|16.10,Lee Sin,16.10,16.9,True,,rank,MASTER+,0,0,,,,
Lee Sin|16.10,Lee Sin,16.10,16.9,True,,role,TOP,0,0,,,,
Lee Sin|16.10,Lee Sin,16.10,16.9,True,,role,JUNGLE,0,0,,,,
Lee Sin|16.10,Lee Sin,16.10,16.9,True,,role,MIDDLE,0,0,,,,
Lee Sin|16.10,Lee Sin,16.10,16.9,True,,role,BOTTOM,0,0,,,,
Lee Sin|16.10,Lee Sin,16.10,16.9,True,,role,UTILITY,0,0,,,,
Naafiri|16.10,Naafiri,16.10,16.9,True,,rank,GOLD,2,0,0.16666666666666666,0.0,-16.666666666666664,0.16666666666666669
Naafiri|16.10,Naafiri,16.10,16.9,True,,rank,PLATINUM,3,2,0.25,0.25,0.0,0.16666666666666669
Naafiri|16.10,Naafiri,16.10,16.9,True,,rank,EMERALD,4,3,0.3333333333333333,0.375,4.166666666666669,0.16666666666666669
Naafiri|16.10,Naafiri,16.10,16.9,True,,rank,DIAMOND,1,1,0.08333333333333333,0.125,4.166666666666667,0.16666666666666669
Naafiri|16.10,Naafiri,16.10,16.9,True,,rank,MASTER+,2,2,0.16666666666666666,0.25,8.333333333333334,0.16666666666666669
Naafiri|16.10,Naafiri,16.10,16.9,True,,role,TOP,2,0,0.16666666666666666,0.0,-16.666666666666664,0.4583333333333333
Naafiri|16.10,Naafiri,16.10,16.9,True,,role,JUNGLE,6,2,0.5,0.25,-25.0,0.4583333333333333
Naafiri|16.10,Naafiri,16.10,16.9,True,,role,MIDDLE,2,1,0.16666666666666666,0.125,-4.166666666666666,0.4583333333333333
Naafiri|16.10,Naafiri,16.10,16.9,True,,role,BOTTOM,1,1,0.08333333333333333,0.125,4.166666666666667,0.4583333333333333
Naafiri|16.10,Naafiri,16.10,16.9,True,,role,UTILITY,1,4,0.08333333333333333,0.5,41.66666666666667,0.4583333333333333
Quinn|16.10,Quinn,16.10,16.9,True,,rank,GOLD,0,1,0.0,0.25,25.0,0.41666666666666663
Quinn|16.10,Quinn,16.10,16.9,True,,rank,PLATINUM,0,0,0.0,0.0,0.0,0.41666666666666663
Quinn|16.10,Quinn,16.10,16.9,True,,rank,EMERALD,0,0,0.0,0.0,0.0,0.41666666666666663
Quinn|16.10,Quinn,16.10,16.9,True,,rank,DIAMOND,1,2,0.3333333333333333,0.5,16.666666666666668,0.41666666666666663
Quinn|16.10,Quinn,16.10,16.9,True,,rank,MASTER+,2,1,0.6666666666666666,0.25,-41.666666666666664,0.41666666666666663
Quinn|16.10,Quinn,16.10,16.9,True,,role,TOP,2,2,0.6666666666666666,0.5,-16.666666666666664,0.5
Quinn|16.10,Quinn,16.10,16.9,True,,role,JUNGLE,0,0,0.0,0.0,0.0,0.5
Quinn|16.10,Quinn,16.10,16.9,True,,role,MIDDLE,0,1,0.0,0.25,25.0,0.5
Quinn|16.10,Quinn,16.10,16.9,True,,role,BOTTOM,0,1,0.0,0.25,25.0,0.5
Quinn|16.10,Quinn,16.10,16.9,True,,role,UTILITY,1,0,0.3333333333333333,0.0,-33.33333333333333,0.5
Shyvana|16.10,Shyvana,16.10,16.9,True,,rank,GOLD,3,1,0.5,0.1,-40.0,0.5333333333333333
Shyvana|16.10,Shyvana,16.10,16.9,True,,rank,PLATINUM,0,2,0.0,0.2,20.0,0.5333333333333333
Shyvana|16.10,Shyvana,16.10,16.9,True,,rank,EMERALD,1,2,0.16666666666666666,0.2,3.3333333333333353,0.5333333333333333
Shyvana|16.10,Shyvana,16.10,16.9,True,,rank,DIAMOND,0,3,0.0,0.3,30.0,0.5333333333333333
Shyvana|16.10,Shyvana,16.10,16.9,True,,rank,MASTER+,2,2,0.3333333333333333,0.2,-13.33333333333333,0.5333333333333333
Shyvana|16.10,Shyvana,16.10,16.9,True,,role,TOP,0,3,0.0,0.3,30.0,0.43333333333333335
Shyvana|16.10,Shyvana,16.10,16.9,True,,role,JUNGLE,3,2,0.5,0.2,-30.0,0.43333333333333335
Shyvana|16.10,Shyvana,16.10,16.9,True,,role,MIDDLE,1,2,0.16666666666666666,0.2,3.3333333333333353,0.43333333333333335
Shyvana|16.10,Shyvana,16.10,16.9,True,,role,BOTTOM,2,2,0.3333333333333333,0.2,-13.33333333333333,0.43333333333333335
Shyvana|16.10,Shyvana,16.10,16.9,True,,role,UTILITY,0,1,0.0,0.1,10.0,0.43333333333333335
Wukong|16.10,Wukong,16.10,16.9,True,,rank,GOLD,0,0,,,,
Wukong|16.10,Wukong,16.10,16.9,True,,rank,PLATINUM,0,0,,,,
Wukong|16.10,Wukong,16.10,16.9,True,,rank,EMERALD,0,0,,,,
Wukong|16.10,Wukong,16.10,16.9,True,,rank,DIAMOND,0,0,,,,
Wukong|16.10,Wukong,16.10,16.9,True,,rank,MASTER+,0,0,,,,
Wukong|16.10,Wukong,16.10,16.9,True,,role,TOP,0,0,,,,
Wukong|16.10,Wukong,16.10,16.9,True,,role,JUNGLE,0,0,,,,
Wukong|16.10,Wukong,16.10,16.9,True,,role,MIDDLE,0,0,,,,
Wukong|16.10,Wukong,16.10,16.9,True,,role,BOTTOM,0,0,,,,
Wukong|16.10,Wukong,16.10,16.9,True,,role,UTILITY,0,0,,,,
Zed|16.10,Zed,16.10,16.9,True,,rank,GOLD,1,1,0.08333333333333333,0.07142857142857142,-1.1904761904761905,0.14285714285714285
Zed|16.10,Zed,16.10,16.9,True,,rank,PLATINUM,2,2,0.16666666666666666,0.14285714285714285,-2.380952380952381,0.14285714285714285
Zed|16.10,Zed,16.10,16.9,True,,rank,EMERALD,2,3,0.16666666666666666,0.21428571428571427,4.761904761904762,0.14285714285714285
Zed|16.10,Zed,16.10,16.9,True,,rank,DIAMOND,4,6,0.3333333333333333,0.42857142857142855,9.523809523809524,0.14285714285714285
Zed|16.10,Zed,16.10,16.9,True,,rank,MASTER+,3,2,0.25,0.14285714285714285,-10.714285714285715,0.14285714285714285
Zed|16.10,Zed,16.10,16.9,True,,role,TOP,0,2,0.0,0.14285714285714285,14.285714285714285,0.33333333333333337
Zed|16.10,Zed,16.10,16.9,True,,role,JUNGLE,1,2,0.08333333333333333,0.14285714285714285,5.952380952380952,0.33333333333333337
Zed|16.10,Zed,16.10,16.9,True,,role,MIDDLE,10,7,0.8333333333333334,0.5,-33.333333333333336,0.33333333333333337
Zed|16.10,Zed,16.10,16.9,True,,role,BOTTOM,1,2,0.08333333333333333,0.14285714285714285,5.952380952380952,0.33333333333333337
Zed|16.10,Zed,16.10,16.9,True,,role,UTILITY,0,1,0.0,0.07142857142857142,7.142857142857142,0.33333333333333337
Zeri|16.10,Zeri,16.10,16.9,True,,rank,GOLD,1,0,0.2,0.0,-20.0,0.6
Zeri|16.10,Zeri,16.10,16.9,True,,rank,PLATINUM,0,0,0.0,0.0,0.0,0.6
Zeri|16.10,Zeri,16.10,16.9,True,,rank,EMERALD,2,5,0.4,1.0,60.0,0.6
Zeri|16.10,Zeri,16.10,16.9,True,,rank,DIAMOND,1,0,0.2,0.0,-20.0,0.6
Zeri|16.10,Zeri,16.10,16.9,True,,rank,MASTER+,1,0,0.2,0.0,-20.0,0.6
Zeri|16.10,Zeri,16.10,16.9,True,,role,TOP,1,1,0.2,0.2,0.0,0.19999999999999998
Zeri|16.10,Zeri,16.10,16.9,True,,role,JUNGLE,1,0,0.2,0.0,-20.0,0.19999999999999998
Zeri|16.10,Zeri,16.10,16.9,True,,role,MIDDLE,1,1,0.2,0.2,0.0,0.19999999999999998
Zeri|16.10,Zeri,16.10,16.9,True,,role,BOTTOM,2,3,0.4,0.6,19.999999999999996,0.19999999999999998
Zeri|16.10,Zeri,16.10,16.9,True,,role,UTILITY,0,0,0.0,0.0,0.0,0.19999999999999998
Brand|16.11,Brand,16.11,16.10,True,,rank,GOLD,5,4,0.21739130434782608,0.25,3.260869565217392,0.20380434782608697
Brand|16.11,Brand,16.11,16.10,True,,rank,PLATINUM,6,5,0.2608695652173913,0.3125,5.16304347826087,0.20380434782608697
Brand|16.11,Brand,16.11,16.10,True,,rank,EMERALD,4,1,0.17391304347826086,0.0625,-11.141304347826086,0.20380434782608697
Brand|16.11,Brand,16.11,16.10,True,,rank,DIAMOND,5,2,0.21739130434782608,0.125,-9.239130434782608,0.20380434782608697
Brand|16.11,Brand,16.11,16.10,True,,rank,MASTER+,3,4,0.13043478260869565,0.25,11.956521739130435,0.20380434782608697
Brand|16.11,Brand,16.11,16.10,True,,role,TOP,2,4,0.08695652173913043,0.25,16.304347826086957,0.1956521739130435
Brand|16.11,Brand,16.11,16.10,True,,role,JUNGLE,3,1,0.13043478260869565,0.0625,-6.7934782608695645,0.1956521739130435
Brand|16.11,Brand,16.11,16.10,True,,role,MIDDLE,6,4,0.2608695652173913,0.25,-1.0869565217391297,0.1956521739130435
Brand|16.11,Brand,16.11,16.10,True,,role,BOTTOM,5,4,0.21739130434782608,0.25,3.260869565217392,0.1956521739130435
Brand|16.11,Brand,16.11,16.10,True,,role,UTILITY,7,3,0.30434782608695654,0.1875,-11.684782608695654,0.1956521739130435
Diana|16.11,Diana,16.11,16.10,True,,rank,GOLD,5,6,0.38461538461538464,0.3157894736842105,-6.882591093117413,0.1376518218623482
Diana|16.11,Diana,16.11,16.10,True,,rank,PLATINUM,2,3,0.15384615384615385,0.15789473684210525,0.40485829959513997,0.1376518218623482
Diana|16.11,Diana,16.11,16.10,True,,rank,EMERALD,2,2,0.15384615384615385,0.10526315789473684,-4.858299595141702,0.1376518218623482
Diana|16.11,Diana,16.11,16.10,True,,rank,DIAMOND,1,4,0.07692307692307693,0.21052631578947367,13.360323886639675,0.1376518218623482
Diana|16.11,Diana,16.11,16.10,True,,rank,MASTER+,3,4,0.23076923076923078,0.21052631578947367,-2.024291497975711,0.1376518218623482
Diana|16.11,Diana,16.11,16.10,True,,role,TOP,1,1,0.07692307692307693,0.05263157894736842,-2.429149797570851,0.1255060728744939
Diana|16.11,Diana,16.11,16.10,True,,role,JUNGLE,6,9,0.46153846153846156,0.47368421052631576,1.21457489878542,0.1255060728744939
Diana|16.11,Diana,16.11,16.10,True,,role,MIDDLE,4,8,0.3076923076923077,0.42105263157894735,11.336032388663963,0.1255060728744939
Diana|16.11,Diana,16.11,16.10,True,,role,BOTTOM,0,0,0.0,0.0,0.0,0.1255060728744939
Diana|16.11,Diana,16.11,16.10,True,,role,UTILITY,2,1,0.15384615384615385,0.05263157894736842,-10.121457489878544,0.1255060728744939
Ekko|16.11,Ekko,16.11,16.10,True,,rank,GOLD,1,1,0.1111111111111111,0.0625,-4.861111111111111,0.22916666666666666
Ekko|16.11,Ekko,16.11,16.10,True,,rank,PLATINUM,3,3,0.3333333333333333,0.1875,-14.583333333333332,0.22916666666666666
Ekko|16.11,Ekko,16.11,16.10,True,,rank,EMERALD,0,3,0.0,0.1875,18.75,0.22916666666666666
Ekko|16.11,Ekko,16.11,16.10,True,,rank,DIAMOND,2,3,0.2222222222222222,0.1875,-3.472222222222221,0.22916666666666666
Ekko|16.11,Ekko,16.11,16.10,True,,rank,MASTER+,3,6,0.3333333333333333,0.375,4.166666666666669,0.22916666666666666
Ekko|16.11,Ekko,16.11,16.10,True,,role,TOP,1,0,0.1111111111111111,0.0,-11.11111111111111,0.29166666666666663
Ekko|16.11,Ekko,16.11,16.10,True,,role,JUNGLE,2,8,0.2222222222222222,0.5,27.77777777777778,0.29166666666666663
Ekko|16.11,Ekko,16.11,16.10,True,,role,MIDDLE,4,5,0.4444444444444444,0.3125,-13.194444444444443,0.29166666666666663
Ekko|16.11,Ekko,16.11,16.10,True,,role,BOTTOM,1,1,0.1111111111111111,0.0625,-4.861111111111111,0.29166666666666663
Ekko|16.11,Ekko,16.11,16.10,True,,role,UTILITY,1,2,0.1111111111111111,0.125,1.3888888888888895,0.29166666666666663
Heimerdinger|16.11,Heimerdinger,16.11,16.10,True,,rank,GOLD,2,1,0.3333333333333333,0.14285714285714285,-19.047619047619047,0.38095238095238093
Heimerdinger|16.11,Heimerdinger,16.11,16.10,True,,rank,PLATINUM,0,0,0.0,0.0,0.0,0.38095238095238093
Heimerdinger|16.11,Heimerdinger,16.11,16.10,True,,rank,EMERALD,0,2,0.0,0.2857142857142857,28.57142857142857,0.38095238095238093
Heimerdinger|16.11,Heimerdinger,16.11,16.10,True,,rank,DIAMOND,2,1,0.3333333333333333,0.14285714285714285,-19.047619047619047,0.38095238095238093
Heimerdinger|16.11,Heimerdinger,16.11,16.10,True,,rank,MASTER+,2,3,0.3333333333333333,0.42857142857142855,9.523809523809524,0.38095238095238093
Heimerdinger|16.11,Heimerdinger,16.11,16.10,True,,role,TOP,2,3,0.3333333333333333,0.42857142857142855,9.523809523809524,0.21428571428571427
Heimerdinger|16.11,Heimerdinger,16.11,16.10,True,,role,JUNGLE,2,1,0.3333333333333333,0.14285714285714285,-19.047619047619047,0.21428571428571427
Heimerdinger|16.11,Heimerdinger,16.11,16.10,True,,role,MIDDLE,1,1,0.16666666666666666,0.14285714285714285,-2.380952380952381,0.21428571428571427
Heimerdinger|16.11,Heimerdinger,16.11,16.10,True,,role,BOTTOM,0,0,0.0,0.0,0.0,0.21428571428571427
Heimerdinger|16.11,Heimerdinger,16.11,16.10,True,,role,UTILITY,1,2,0.16666666666666666,0.2857142857142857,11.904761904761903,0.21428571428571427
Kassadin|16.11,Kassadin,16.11,16.10,True,,rank,GOLD,0,1,0.0,0.25,25.0,0.75
Kassadin|16.11,Kassadin,16.11,16.10,True,,rank,PLATINUM,1,1,0.25,0.25,0.0,0.75
Kassadin|16.11,Kassadin,16.11,16.10,True,,rank,EMERALD,1,0,0.25,0.0,-25.0,0.75
Kassadin|16.11,Kassadin,16.11,16.10,True,,rank,DIAMOND,2,0,0.5,0.0,-50.0,0.75
Kassadin|16.11,Kassadin,16.11,16.10,True,,rank,MASTER+,0,2,0.0,0.5,50.0,0.75
Kassadin|16.11,Kassadin,16.11,16.10,True,,role,TOP,0,1,0.0,0.25,25.0,0.5
Kassadin|16.11,Kassadin,16.11,16.10,True,,role,JUNGLE,0,1,0.0,0.25,25.0,0.5
Kassadin|16.11,Kassadin,16.11,16.10,True,,role,MIDDLE,2,1,0.5,0.25,-25.0,0.5
Kassadin|16.11,Kassadin,16.11,16.10,True,,role,BOTTOM,1,0,0.25,0.0,-25.0,0.5
Kassadin|16.11,Kassadin,16.11,16.10,True,,role,UTILITY,1,1,0.25,0.25,0.0,0.5
Quinn|16.11,Quinn,16.11,16.10,True,,rank,GOLD,1,1,0.25,0.5,25.0,0.25
Quinn|16.11,Quinn,16.11,16.10,True,,rank,PLATINUM,0,0,0.0,0.0,0.0,0.25
Quinn|16.11,Quinn,16.11,16.10,True,,rank,EMERALD,0,0,0.0,0.0,0.0,0.25
Quinn|16.11,Quinn,16.11,16.10,True,,rank,DIAMOND,2,1,0.5,0.5,0.0,0.25
Quinn|16.11,Quinn,16.11,16.10,True,,rank,MASTER+,1,0,0.25,0.0,-25.0,0.25
Quinn|16.11,Quinn,16.11,16.10,True,,role,TOP,2,0,0.5,0.0,-50.0,0.5
Quinn|16.11,Quinn,16.11,16.10,True,,role,JUNGLE,0,0,0.0,0.0,0.0,0.5
Quinn|16.11,Quinn,16.11,16.10,True,,role,MIDDLE,1,1,0.25,0.5,25.0,0.5
Quinn|16.11,Quinn,16.11,16.10,True,,role,BOTTOM,1,1,0.25,0.5,25.0,0.5
Quinn|16.11,Quinn,16.11,16.10,True,,role,UTILITY,0,0,0.0,0.0,0.0,0.5
Smolder|16.11,Smolder,16.11,16.10,True,,rank,GOLD,4,5,0.08888888888888889,0.19230769230769232,10.341880341880342,0.23333333333333334
Smolder|16.11,Smolder,16.11,16.10,True,,rank,PLATINUM,12,4,0.26666666666666666,0.15384615384615385,-11.282051282051281,0.23333333333333334
Smolder|16.11,Smolder,16.11,16.10,True,,rank,EMERALD,12,4,0.26666666666666666,0.15384615384615385,-11.282051282051281,0.23333333333333334
Smolder|16.11,Smolder,16.11,16.10,True,,rank,DIAMOND,9,5,0.2,0.19230769230769232,-0.7692307692307693,0.23333333333333334
Smolder|16.11,Smolder,16.11,16.10,True,,rank,MASTER+,8,8,0.17777777777777778,0.3076923076923077,12.991452991452993,0.23333333333333334
Smolder|16.11,Smolder,16.11,16.10,True,,role,TOP,5,1,0.1111111111111111,0.038461538461538464,-7.264957264957264,0.21965811965811965
Smolder|16.11,Smolder,16.11,16.10,True,,role,JUNGLE,4,5,0.08888888888888889,0.19230769230769232,10.341880341880342,0.21965811965811965
Smolder|16.11,Smolder,16.11,16.10,True,,role,MIDDLE,17,6,0.37777777777777777,0.23076923076923078,-14.700854700854698,0.21965811965811965
Smolder|16.11,Smolder,16.11,16.10,True,,role,BOTTOM,16,12,0.35555555555555557,0.46153846153846156,10.5982905982906,0.21965811965811965
Smolder|16.11,Smolder,16.11,16.10,True,,role,UTILITY,3,2,0.06666666666666667,0.07692307692307693,1.0256410256410262,0.21965811965811965
Teemo|16.11,Teemo,16.11,16.10,True,,rank,GOLD,3,3,0.14285714285714285,0.15789473684210525,1.5037593984962405,0.15538847117794485
Teemo|16.11,Teemo,16.11,16.10,True,,rank,PLATINUM,7,4,0.3333333333333333,0.21052631578947367,-12.280701754385964,0.15538847117794485
Teemo|16.11,Teemo,16.11,16.10,True,,rank,EMERALD,3,4,0.14285714285714285,0.21052631578947367,6.7669172932330826,0.15538847117794485
Teemo|16.11,Teemo,16.11,16.10,True,,rank,DIAMOND,4,5,0.19047619047619047,0.2631578947368421,7.268170426065162,0.15538847117794485
Teemo|16.11,Teemo,16.11,16.10,True,,rank,MASTER+,4,3,0.19047619047619047,0.15789473684210525,-3.258145363408521,0.15538847117794485
Teemo|16.11,Teemo,16.11,16.10,True,,role,TOP,10,5,0.47619047619047616,0.2631578947368421,-21.303258145363408,0.24561403508771928
Teemo|16.11,Teemo,16.11,16.10,True,,role,JUNGLE,2,4,0.09523809523809523,0.21052631578947367,11.528822055137844,0.24561403508771928
Teemo|16.11,Teemo,16.11,16.10,True,,role,MIDDLE,4,3,0.19047619047619047,0.15789473684210525,-3.258145363408521,0.24561403508771928
Teemo|16.11,Teemo,16.11,16.10,True,,role,BOTTOM,2,4,0.09523809523809523,0.21052631578947367,11.528822055137844,0.24561403508771928
Teemo|16.11,Teemo,16.11,16.10,True,,role,UTILITY,3,3,0.14285714285714285,0.15789473684210525,1.5037593984962405,0.24561403508771928
Xin Zhao|16.11,Xin Zhao,16.11,16.10,True,,rank,GOLD,0,0,,,,
Xin Zhao|16.11,Xin Zhao,16.11,16.10,True,,rank,PLATINUM,0,0,,,,
Xin Zhao|16.11,Xin Zhao,16.11,16.10,True,,rank,EMERALD,0,0,,,,
Xin Zhao|16.11,Xin Zhao,16.11,16.10,True,,rank,DIAMOND,0,0,,,,
Xin Zhao|16.11,Xin Zhao,16.11,16.10,True,,rank,MASTER+,0,0,,,,
Xin Zhao|16.11,Xin Zhao,16.11,16.10,True,,role,TOP,0,0,,,,
Xin Zhao|16.11,Xin Zhao,16.11,16.10,True,,role,JUNGLE,0,0,,,,
Xin Zhao|16.11,Xin Zhao,16.11,16.10,True,,role,MIDDLE,0,0,,,,
Xin Zhao|16.11,Xin Zhao,16.11,16.10,True,,role,BOTTOM,0,0,,,,
Xin Zhao|16.11,Xin Zhao,16.11,16.10,True,,role,UTILITY,0,0,,,,
Aatrox|16.12,Aatrox,16.12,16.11,True,,rank,GOLD,1,2,0.07142857142857142,0.15384615384615385,8.241758241758243,0.17582417582417584
Aatrox|16.12,Aatrox,16.12,16.11,True,,rank,PLATINUM,5,4,0.35714285714285715,0.3076923076923077,-4.945054945054944,0.17582417582417584
Aatrox|16.12,Aatrox,16.12,16.11,True,,rank,EMERALD,2,3,0.14285714285714285,0.23076923076923078,8.791208791208794,0.17582417582417584
Aatrox|16.12,Aatrox,16.12,16.11,True,,rank,DIAMOND,1,1,0.07142857142857142,0.07692307692307693,0.5494505494505503,0.17582417582417584
Aatrox|16.12,Aatrox,16.12,16.11,True,,rank,MASTER+,5,3,0.35714285714285715,0.23076923076923078,-12.637362637362637,0.17582417582417584
Aatrox|16.12,Aatrox,16.12,16.11,True,,role,TOP,6,5,0.42857142857142855,0.38461538461538464,-4.395604395604391,0.1758241758241758
Aatrox|16.12,Aatrox,16.12,16.11,True,,role,JUNGLE,4,2,0.2857142857142857,0.15384615384615385,-13.186813186813184,0.1758241758241758
Aatrox|16.12,Aatrox,16.12,16.11,True,,role,MIDDLE,2,3,0.14285714285714285,0.23076923076923078,8.791208791208794,0.1758241758241758
Aatrox|16.12,Aatrox,16.12,16.11,True,,role,BOTTOM,2,2,0.14285714285714285,0.15384615384615385,1.0989010989011005,0.1758241758241758
Aatrox|16.12,Aatrox,16.12,16.11,True,,role,UTILITY,0,1,0.0,0.07692307692307693,7.6923076923076925,0.1758241758241758
Gwen|16.12,Gwen,16.12,16.11,True,,rank,GOLD,1,0,0.125,0.0,-12.5,0.225
Gwen|16.12,Gwen,16.12,16.11,True,,rank,PLATINUM,0,1,0.0,0.2,20.0,0.225
Gwen|16.12,Gwen,16.12,16.11,True,,rank,EMERALD,2,1,0.25,0.2,-4.999999999999999,0.225
Gwen|16.12,Gwen,16.12,16.11,True,,rank,DIAMOND,2,1,0.25,0.2,-4.999999999999999,0.225
Gwen|16.12,Gwen,16.12,16.11,True,,rank,MASTER+,3,2,0.375,0.4,2.500000000000002,0.225
Gwen|16.12,Gwen,16.12,16.11,True,,role,TOP,2,2,0.25,0.4,15.000000000000002,0.225
Gwen|16.12,Gwen,16.12,16.11,True,,role,JUNGLE,2,1,0.25,0.2,-4.999999999999999,0.225
Gwen|16.12,Gwen,16.12,16.11,True,,role,MIDDLE,1,0,0.125,0.0,-12.5,0.225
Gwen|16.12,Gwen,16.12,16.11,True,,role,BOTTOM,1,1,0.125,0.2,7.500000000000001,0.225
Gwen|16.12,Gwen,16.12,16.11,True,,role,UTILITY,2,1,0.25,0.2,-4.999999999999999,0.225
Hwei|16.12,Hwei,16.12,16.11,True,,rank,GOLD,0,0,0.0,0.0,0.0,0.1111111111111111
Hwei|16.12,Hwei,16.12,16.11,True,,rank,PLATINUM,2,2,0.2222222222222222,0.16666666666666666,-5.555555555555555,0.1111111111111111
Hwei|16.12,Hwei,16.12,16.11,True,,rank,EMERALD,0,1,0.0,0.08333333333333333,8.333333333333332,0.1111111111111111
Hwei|16.12,Hwei,16.12,16.11,True,,rank,DIAMOND,2,2,0.2222222222222222,0.16666666666666666,-5.555555555555555,0.1111111111111111
Hwei|16.12,Hwei,16.12,16.11,True,,rank,MASTER+,5,7,0.5555555555555556,0.5833333333333334,2.777777777777779,0.1111111111111111
Hwei|16.12,Hwei,16.12,16.11,True,,role,TOP,1,1,0.1111111111111111,0.08333333333333333,-2.7777777777777777,0.19444444444444445
Hwei|16.12,Hwei,16.12,16.11,True,,role,JUNGLE,0,1,0.0,0.08333333333333333,8.333333333333332,0.19444444444444445
Hwei|16.12,Hwei,16.12,16.11,True,,role,MIDDLE,4,6,0.4444444444444444,0.5,5.555555555555558,0.19444444444444445
Hwei|16.12,Hwei,16.12,16.11,True,,role,BOTTOM,1,2,0.1111111111111111,0.16666666666666666,5.555555555555555,0.19444444444444445
Hwei|16.12,Hwei,16.12,16.11,True,,role,UTILITY,3,2,0.3333333333333333,0.16666666666666666,-16.666666666666664,0.19444444444444445
Jax|16.12,Jax,16.12,16.11,True,,rank,GOLD,2,4,0.13333333333333333,0.3333333333333333,20.0,0.39999999999999997
Jax|16.12,Jax,16.12,16.11,True,,rank,PLATINUM,2,4,0.13333333333333333,0.3333333333333333,20.0,0.39999999999999997
Jax|16.12,Jax,16.12,16.11,True,,rank,EMERALD,2,1,0.13333333333333333,0.08333333333333333,-5.0,0.39999999999999997
Jax|16.12,Jax,16.12,16.11,True,,rank,DIAMOND,5,2,0.3333333333333333,0.16666666666666666,-16.666666666666664,0.39999999999999997
Jax|16.12,Jax,16.12,16.11,True,,rank,MASTER+,4,1,0.26666666666666666,0.08333333333333333,-18.333333333333336,0.39999999999999997
Jax|16.12,Jax,16.12,16.11,True,,role,TOP,8,6,0.5333333333333333,0.5,-3.3333333333333326,0.15
Jax|16.12,Jax,16.12,16.11,True,,role,JUNGLE,2,2,0.13333333333333333,0.16666666666666666,3.3333333333333326,0.15
Jax|16.12,Jax,16.12,16.11,True,,role,MIDDLE,2,2,0.13333333333333333,0.16666666666666666,3.3333333333333326,0.15
Jax|16.12,Jax,16.12,16.11,True,,role,BOTTOM,0,1,0.0,0.08333333333333333,8.333333333333332,0.15
Jax|16.12,Jax,16.12,16.11,True,,role,UTILITY,3,1,0.2,0.08333333333333333,-11.666666666666668,0.15
Lee Sin|16.12,Lee Sin,16.12,16.11,True,,rank,GOLD,0,0,,,,
Lee Sin|16.12,Lee Sin,16.12,16.11,True,,rank,PLATINUM,0,0,,,,
Lee Sin|16.12,Lee Sin,16.12,16.11,True,,rank,EMERALD,0,0,,,,
Lee Sin|16.12,Lee Sin,16.12,16.11,True,,rank,DIAMOND,0,0,,,,
Lee Sin|16.12,Lee Sin,16.12,16.11,True,,rank,MASTER+,0,0,,,,
Lee Sin|16.12,Lee Sin,16.12,16.11,True,,role,TOP,0,0,,,,
Lee Sin|16.12,Lee Sin,16.12,16.11,True,,role,JUNGLE,0,0,,,,
Lee Sin|16.12,Lee Sin,16.12,16.11,True,,role,MIDDLE,0,0,,,,
Lee Sin|16.12,Lee Sin,16.12,16.11,True,,role,BOTTOM,0,0,,,,
Lee Sin|16.12,Lee Sin,16.12,16.11,True,,role,UTILITY,0,0,,,,
Nocturne|16.12,Nocturne,16.12,16.11,True,,rank,GOLD,3,4,0.23076923076923078,0.3333333333333333,10.256410256410254,0.2115384615384615
Nocturne|16.12,Nocturne,16.12,16.11,True,,rank,PLATINUM,1,1,0.07692307692307693,0.08333333333333333,0.6410256410256401,0.2115384615384615
Nocturne|16.12,Nocturne,16.12,16.11,True,,rank,EMERALD,3,4,0.23076923076923078,0.3333333333333333,10.256410256410254,0.2115384615384615
Nocturne|16.12,Nocturne,16.12,16.11,True,,rank,DIAMOND,2,1,0.15384615384615385,0.08333333333333333,-7.051282051282053,0.2115384615384615
Nocturne|16.12,Nocturne,16.12,16.11,True,,rank,MASTER+,4,2,0.3076923076923077,0.16666666666666666,-14.102564102564106,0.2115384615384615
Nocturne|16.12,Nocturne,16.12,16.11,True,,role,TOP,3,0,0.23076923076923078,0.0,-23.076923076923077,0.3076923076923077
Nocturne|16.12,Nocturne,16.12,16.11,True,,role,JUNGLE,4,6,0.3076923076923077,0.5,19.23076923076923,0.3076923076923077
Nocturne|16.12,Nocturne,16.12,16.11,True,,role,MIDDLE,2,3,0.15384615384615385,0.25,9.615384615384615,0.3076923076923077
Nocturne|16.12,Nocturne,16.12,16.11,True,,role,BOTTOM,1,0,0.07692307692307693,0.0,-7.6923076923076925,0.3076923076923077
Nocturne|16.12,Nocturne,16.12,16.11,True,,role,UTILITY,3,3,0.23076923076923078,0.25,1.9230769230769218,0.3076923076923077
Orianna|16.12,Orianna,16.12,16.11,True,,rank,GOLD,1,1,0.08333333333333333,0.08333333333333333,0.0,0.16666666666666669
Orianna|16.12,Orianna,16.12,16.11,True,,rank,PLATINUM,2,1,0.16666666666666666,0.08333333333333333,-8.333333333333332,0.16666666666666669
Orianna|16.12,Orianna,16.12,16.11,True,,rank,EMERALD,2,2,0.16666666666666666,0.16666666666666666,0.0,0.16666666666666669
Orianna|16.12,Orianna,16.12,16.11,True,,rank,DIAMOND,2,4,0.16666666666666666,0.3333333333333333,16.666666666666664,0.16666666666666669
Orianna|16.12,Orianna,16.12,16.11,True,,rank,MASTER+,5,4,0.4166666666666667,0.3333333333333333,-8.333333333333337,0.16666666666666669
Orianna|16.12,Orianna,16.12,16.11,True,,role,TOP,1,0,0.08333333333333333,0.0,-8.333333333333332,0.25
Orianna|16.12,Orianna,16.12,16.11,True,,role,JUNGLE,2,0,0.16666666666666666,0.0,-16.666666666666664,0.25
Orianna|16.12,Orianna,16.12,16.11,True,,role,MIDDLE,6,7,0.5,0.5833333333333334,8.333333333333337,0.25
Orianna|16.12,Orianna,16.12,16.11,True,,role,BOTTOM,1,1,0.08333333333333333,0.08333333333333333,0.0,0.25
Orianna|16.12,Orianna,16.12,16.11,True,,role,UTILITY,2,4,0.16666666666666666,0.3333333333333333,16.666666666666664,0.25
Ryze|16.12,Ryze,16.12,16.11,True,,rank,GOLD,1,0,0.5,0.0,-50.0,0.6666666666666666
Ryze|16.12,Ryze,16.12,16.11,True,,rank,PLATINUM,0,1,0.0,0.1111111111111111,11.11111111111111,0.6666666666666666
Ryze|16.12,Ryze,16.12,16.11,True,,rank,EMERALD,0,3,0.0,0.3333333333333333,33.33333333333333,0.6666666666666666
Ryze|16.12,Ryze,16.12,16.11,True,,rank,DIAMOND,1,3,0.5,0.3333333333333333,-16.666666666666668,0.6666666666666666
Ryze|16.12,Ryze,16.12,16.11,True,,rank,MASTER+,0,2,0.0,0.2222222222222222,22.22222222222222,0.6666666666666666
Ryze|16.12,Ryze,16.12,16.11,True,,role,TOP,0,2,0.0,0.2222222222222222,22.22222222222222,0.4444444444444444
Ryze|16.12,Ryze,16.12,16.11,True,,role,JUNGLE,0,0,0.0,0.0,0.0,0.4444444444444444
Ryze|16.12,Ryze,16.12,16.11,True,,role,MIDDLE,2,5,1.0,0.5555555555555556,-44.44444444444444,0.4444444444444444
Ryze|16.12,Ryze,16.12,16.11,True,,role,BOTTOM,0,0,0.0,0.0,0.0,0.4444444444444444
Ryze|16.12,Ryze,16.12,16.11,True,,role,UTILITY,0,2,0.0,0.2222222222222222,22.22222222222222,0.4444444444444444
Sylas|16.12,Sylas,16.12,16.11,True,,rank,GOLD,2,2,0.13333333333333333,0.07142857142857142,-6.190476190476191,0.2523809523809524
Sylas|16.12,Sylas,16.12,16.11,True,,rank,PLATINUM,0,1,0.0,0.03571428571428571,3.571428571428571,0.2523809523809524
Sylas|16.12,Sylas,16.12,16.11,True,,rank,EMERALD,4,10,0.26666666666666666,0.35714285714285715,9.04761904761905,0.2523809523809524
Sylas|16.12,Sylas,16.12,16.11,True,,rank,DIAMOND,5,4,0.3333333333333333,0.14285714285714285,-19.047619047619047,0.2523809523809524
Sylas|16.12,Sylas,16.12,16.11,True,,rank,MASTER+,4,11,0.26666666666666666,0.39285714285714285,12.619047619047619,0.2523809523809524
Sylas|16.12,Sylas,16.12,16.11,True,,role,TOP,1,3,0.06666666666666667,0.10714285714285714,4.0476190476190474,0.21904761904761905
Sylas|16.12,Sylas,16.12,16.11,True,,role,JUNGLE,5,7,0.3333333333333333,0.25,-8.333333333333332,0.21904761904761905
Sylas|16.12,Sylas,16.12,16.11,True,,role,MIDDLE,7,10,0.4666666666666667,0.35714285714285715,-10.952380952380953,0.21904761904761905
Sylas|16.12,Sylas,16.12,16.11,True,,role,BOTTOM,0,5,0.0,0.17857142857142858,17.857142857142858,0.21904761904761905
Sylas|16.12,Sylas,16.12,16.11,True,,role,UTILITY,2,3,0.13333333333333333,0.10714285714285714,-2.6190476190476195,0.21904761904761905
Syndra|16.12,Syndra,16.12,16.11,True,,rank,GOLD,0,1,0.0,0.07142857142857142,7.142857142857142,0.373015873015873
Syndra|16.12,Syndra,16.12,16.11,True,,rank,PLATINUM,1,2,0.1111111111111111,0.14285714285714285,3.1746031746031744,0.373015873015873
Syndra|16.12,Syndra,16.12,16.11,True,,rank,EMERALD,3,6,0.3333333333333333,0.42857142857142855,9.523809523809524,0.373015873015873
Syndra|16.12,Syndra,16.12,16.11,True,,rank,DIAMOND,4,1,0.4444444444444444,0.07142857142857142,-37.301587301587304,0.373015873015873
Syndra|16.12,Syndra,16.12,16.11,True,,rank,MASTER+,1,4,0.1111111111111111,0.2857142857142857,17.46031746031746,0.373015873015873
Syndra|16.12,Syndra,16.12,16.11,True,,role,TOP,1,1,0.1111111111111111,0.07142857142857142,-3.968253968253968,0.11904761904761907
Syndra|16.12,Syndra,16.12,16.11,True,,role,JUNGLE,0,1,0.0,0.07142857142857142,7.142857142857142,0.11904761904761907
Syndra|16.12,Syndra,16.12,16.11,True,,role,MIDDLE,6,10,0.6666666666666666,0.7142857142857143,4.761904761904767,0.11904761904761907
Syndra|16.12,Syndra,16.12,16.11,True,,role,BOTTOM,2,2,0.2222222222222222,0.14285714285714285,-7.936507936507936,0.11904761904761907
Syndra|16.12,Syndra,16.12,16.11,True,,role,UTILITY,0,0,0.0,0.0,0.0,0.11904761904761907
Tristana|16.12,Tristana,16.12,16.11,True,,rank,GOLD,1,2,0.16666666666666666,0.16666666666666666,0.0,0.41666666666666663
Tristana|16.12,Tristana,16.12,16.11,True,,rank,PLATINUM,2,1,0.3333333333333333,0.08333333333333333,-25.0,0.41666666666666663
Tristana|16.12,Tristana,16.12,16.11,True,,rank,EMERALD,2,2,0.3333333333333333,0.16666666666666666,-16.666666666666664,0.41666666666666663
Tristana|16.12,Tristana,16.12,16.11,True,,rank,DIAMOND,0,2,0.0,0.16666666666666666,16.666666666666664,0.41666666666666663
Tristana|16.12,Tristana,16.12,16.11,True,,rank,MASTER+,1,5,0.16666666666666666,0.4166666666666667,25.0,0.41666666666666663
Tristana|16.12,Tristana,16.12,16.11,True,,role,TOP,3,2,0.5,0.16666666666666666,-33.333333333333336,0.4166666666666667
Tristana|16.12,Tristana,16.12,16.11,True,,role,JUNGLE,0,1,0.0,0.08333333333333333,8.333333333333332,0.4166666666666667
Tristana|16.12,Tristana,16.12,16.11,True,,role,MIDDLE,1,2,0.16666666666666666,0.16666666666666666,0.0,0.4166666666666667
Tristana|16.12,Tristana,16.12,16.11,True,,role,BOTTOM,1,6,0.16666666666666666,0.5,33.333333333333336,0.4166666666666667
Tristana|16.12,Tristana,16.12,16.11,True,,role,UTILITY,1,1,0.16666666666666666,0.08333333333333333,-8.333333333333332,0.4166666666666667
Varus|16.12,Varus,16.12,16.11,True,,rank,GOLD,0,0,0.0,0.0,0.0,0.23214285714285712
Varus|16.12,Varus,16.12,16.11,True,,rank,PLATINUM,1,0,0.125,0.0,-12.5,0.23214285714285712
Varus|16.12,Varus,16.12,16.11,True,,rank,EMERALD,3,4,0.375,0.5714285714285714,19.64285714285714,0.23214285714285712
Varus|16.12,Varus,16.12,16.11,True,,rank,DIAMOND,2,1,0.25,0.14285714285714285,-10.714285714285715,0.23214285714285712
Varus|16.12,Varus,16.12,16.11,True,,rank,MASTER+,2,2,0.25,0.2857142857142857,3.57142857142857,0.23214285714285712
Varus|16.12,Varus,16.12,16.11,True,,role,TOP,1,1,0.125,0.14285714285714285,1.785714285714285,0.10714285714285712
Varus|16.12,Varus,16.12,16.11,True,,role,JUNGLE,1,1,0.125,0.14285714285714285,1.785714285714285,0.10714285714285712
Varus|16.12,Varus,16.12,16.11,True,,role,MIDDLE,2,1,0.25,0.14285714285714285,-10.714285714285715,0.10714285714285712
Varus|16.12,Varus,16.12,16.11,True,,role,BOTTOM,3,3,0.375,0.42857142857142855,5.357142857142855,0.10714285714285712
Varus|16.12,Varus,16.12,16.11,True,,role,UTILITY,1,1,0.125,0.14285714285714285,1.785714285714285,0.10714285714285712
Xin Zhao|16.12,Xin Zhao,16.12,16.11,True,,rank,GOLD,0,0,,,,
Xin Zhao|16.12,Xin Zhao,16.12,16.11,True,,rank,PLATINUM,0,0,,,,
Xin Zhao|16.12,Xin Zhao,16.12,16.11,True,,rank,EMERALD,0,0,,,,
Xin Zhao|16.12,Xin Zhao,16.12,16.11,True,,rank,DIAMOND,0,0,,,,
Xin Zhao|16.12,Xin Zhao,16.12,16.11,True,,rank,MASTER+,0,0,,,,
Xin Zhao|16.12,Xin Zhao,16.12,16.11,True,,role,TOP,0,0,,,,
Xin Zhao|16.12,Xin Zhao,16.12,16.11,True,,role,JUNGLE,0,0,,,,
Xin Zhao|16.12,Xin Zhao,16.12,16.11,True,,role,MIDDLE,0,0,,,,
Xin Zhao|16.12,Xin Zhao,16.12,16.11,True,,role,BOTTOM,0,0,,,,
Xin Zhao|16.12,Xin Zhao,16.12,16.11,True,,role,UTILITY,0,0,,,,
Yuumi|16.12,Yuumi,16.12,16.11,True,,rank,GOLD,1,0,0.2,0.0,-20.0,0.475
Yuumi|16.12,Yuumi,16.12,16.11,True,,rank,PLATINUM,2,1,0.4,0.125,-27.500000000000004,0.475
Yuumi|16.12,Yuumi,16.12,16.11,True,,rank,EMERALD,0,2,0.0,0.25,25.0,0.475
Yuumi|16.12,Yuumi,16.12,16.11,True,,rank,DIAMOND,0,1,0.0,0.125,12.5,0.475
Yuumi|16.12,Yuumi,16.12,16.11,True,,rank,MASTER+,2,4,0.4,0.5,9.999999999999998,0.475
Yuumi|16.12,Yuumi,16.12,16.11,True,,role,TOP,0,1,0.0,0.125,12.5,0.275
Yuumi|16.12,Yuumi,16.12,16.11,True,,role,JUNGLE,1,0,0.2,0.0,-20.0,0.275
Yuumi|16.12,Yuumi,16.12,16.11,True,,role,MIDDLE,0,1,0.0,0.125,12.5,0.275
Yuumi|16.12,Yuumi,16.12,16.11,True,,role,BOTTOM,1,1,0.2,0.125,-7.500000000000001,0.275
Yuumi|16.12,Yuumi,16.12,16.11,True,,role,UTILITY,3,5,0.6,0.625,2.500000000000002,0.275
Aphelios|16.13,Aphelios,16.13,16.12,True,,rank,GOLD,1,0,0.125,0.0,-12.5,0.375
Aphelios|16.13,Aphelios,16.13,16.12,True,,rank,PLATINUM,2,1,0.25,0.1,-15.0,0.375
Aphelios|16.13,Aphelios,16.13,16.12,True,,rank,EMERALD,1,1,0.125,0.1,-2.4999999999999996,0.375
Aphelios|16.13,Aphelios,16.13,16.12,True,,rank,DIAMOND,1,5,0.125,0.5,37.5,0.375
Aphelios|16.13,Aphelios,16.13,16.12,True,,rank,MASTER+,3,3,0.375,0.3,-7.500000000000001,0.375
Aphelios|16.13,Aphelios,16.13,16.12,True,,role,TOP,0,0,0.0,0.0,0.0,0.15000000000000002
Aphelios|16.13,Aphelios,16.13,16.12,True,,role,JUNGLE,0,0,0.0,0.0,0.0,0.15000000000000002
Aphelios|16.13,Aphelios,16.13,16.12,True,,role,MIDDLE,1,0,0.125,0.0,-12.5,0.15000000000000002
Aphelios|16.13,Aphelios,16.13,16.12,True,,role,BOTTOM,6,9,0.75,0.9,15.000000000000002,0.15000000000000002
Aphelios|16.13,Aphelios,16.13,16.12,True,,role,UTILITY,1,1,0.125,0.1,-2.4999999999999996,0.15000000000000002
Bard|16.13,Bard,16.13,16.12,True,,rank,GOLD,1,1,0.1,0.07142857142857142,-2.857142857142858,0.2142857142857143
Bard|16.13,Bard,16.13,16.12,True,,rank,PLATINUM,0,1,0.0,0.07142857142857142,7.142857142857142,0.2142857142857143
Bard|16.13,Bard,16.13,16.12,True,,rank,EMERALD,3,5,0.3,0.35714285714285715,5.714285714285716,0.2142857142857143
Bard|16.13,Bard,16.13,16.12,True,,rank,DIAMOND,4,3,0.4,0.21428571428571427,-18.571428571428577,0.2142857142857143
Bard|16.13,Bard,16.13,16.12,True,,rank,MASTER+,2,4,0.2,0.2857142857142857,8.57142857142857,0.2142857142857143
Bard|16.13,Bard,16.13,16.12,True,,role,TOP,1,3,0.1,0.21428571428571427,11.428571428571427,0.19999999999999996
Bard|16.13,Bard,16.13,16.12,True,,role,JUNGLE,0,0,0.0,0.0,0.0,0.19999999999999996
Bard|16.13,Bard,16.13,16.12,True,,role,MIDDLE,2,4,0.2,0.2857142857142857,8.57142857142857,0.19999999999999996
Bard|16.13,Bard,16.13,16.12,True,,role,BOTTOM,1,0,0.1,0.0,-10.0,0.19999999999999996
Bard|16.13,Bard,16.13,16.12,True,,role,UTILITY,6,7,0.6,0.5,-9.999999999999998,0.19999999999999996
Brand|16.13,Brand,16.13,16.12,True,,rank,GOLD,7,3,0.30434782608695654,0.12,-18.434782608695656,0.2956521739130435
Brand|16.13,Brand,16.13,16.12,True,,rank,PLATINUM,3,6,0.13043478260869565,0.24,10.956521739130434,0.2956521739130435
Brand|16.13,Brand,16.13,16.12,True,,rank,EMERALD,2,4,0.08695652173913043,0.16,7.304347826086957,0.2956521739130435
Brand|16.13,Brand,16.13,16.12,True,,rank,DIAMOND,2,5,0.08695652173913043,0.2,11.304347826086957,0.2956521739130435
Brand|16.13,Brand,16.13,16.12,True,,rank,MASTER+,9,7,0.391304347826087,0.28,-11.130434782608695,0.2956521739130435
Brand|16.13,Brand,16.13,16.12,True,,role,TOP,4,3,0.17391304347826086,0.12,-5.391304347826087,0.1617391304347826
Brand|16.13,Brand,16.13,16.12,True,,role,JUNGLE,2,4,0.08695652173913043,0.16,7.304347826086957,0.1617391304347826
Brand|16.13,Brand,16.13,16.12,True,,role,MIDDLE,3,4,0.13043478260869565,0.16,2.9565217391304355,0.1617391304347826
Brand|16.13,Brand,16.13,16.12,True,,role,BOTTOM,6,8,0.2608695652173913,0.32,5.913043478260871,0.1617391304347826
Brand|16.13,Brand,16.13,16.12,True,,role,UTILITY,8,6,0.34782608695652173,0.24,-10.782608695652174,0.1617391304347826
Cassiopeia|16.13,Cassiopeia,16.13,16.12,True,,rank,GOLD,0,0,0.0,0.0,0.0,0.6
Cassiopeia|16.13,Cassiopeia,16.13,16.12,True,,rank,PLATINUM,1,1,0.2,0.5,30.0,0.6
Cassiopeia|16.13,Cassiopeia,16.13,16.12,True,,rank,EMERALD,2,0,0.4,0.0,-40.0,0.6
Cassiopeia|16.13,Cassiopeia,16.13,16.12,True,,rank,DIAMOND,1,0,0.2,0.0,-20.0,0.6
Cassiopeia|16.13,Cassiopeia,16.13,16.12,True,,rank,MASTER+,1,1,0.2,0.5,30.0,0.6
Cassiopeia|16.13,Cassiopeia,16.13,16.12,True,,role,TOP,0,0,0.0,0.0,0.0,0.19999999999999998
Cassiopeia|16.13,Cassiopeia,16.13,16.12,True,,role,JUNGLE,0,0,0.0,0.0,0.0,0.19999999999999998
Cassiopeia|16.13,Cassiopeia,16.13,16.12,True,,role,MIDDLE,4,2,0.8,1.0,19.999999999999996,0.19999999999999998
Cassiopeia|16.13,Cassiopeia,16.13,16.12,True,,role,BOTTOM,0,0,0.0,0.0,0.0,0.19999999999999998
Cassiopeia|16.13,Cassiopeia,16.13,16.12,True,,role,UTILITY,1,0,0.2,0.0,-20.0,0.19999999999999998
Draven|16.13,Draven,16.13,16.12,True,,rank,GOLD,0,2,0.0,0.11764705882352941,11.76470588235294,0.11764705882352938
Draven|16.13,Draven,16.13,16.12,True,,rank,PLATINUM,1,2,0.125,0.11764705882352941,-0.735294117647059,0.11764705882352938
Draven|16.13,Draven,16.13,16.12,True,,rank,EMERALD,1,1,0.125,0.058823529411764705,-6.61764705882353,0.11764705882352938
Draven|16.13,Draven,16.13,16.12,True,,rank,DIAMOND,3,6,0.375,0.35294117647058826,-2.205882352941174,0.11764705882352938
Draven|16.13,Draven,16.13,16.12,True,,rank,MASTER+,3,6,0.375,0.35294117647058826,-2.205882352941174,0.11764705882352938
Draven|16.13,Draven,16.13,16.12,True,,role,TOP,0,3,0.0,0.17647058823529413,17.647058823529413,0.4117647058823529
Draven|16.13,Draven,16.13,16.12,True,,role,JUNGLE,1,1,0.125,0.058823529411764705,-6.61764705882353,0.4117647058823529
Draven|16.13,Draven,16.13,16.12,True,,role,MIDDLE,0,4,0.0,0.23529411764705882,23.52941176470588,0.4117647058823529
Draven|16.13,Draven,16.13,16.12,True,,role,BOTTOM,6,8,0.75,0.47058823529411764,-27.941176470588236,0.4117647058823529
Draven|16.13,Draven,16.13,16.12,True,,role,UTILITY,1,1,0.125,0.058823529411764705,-6.61764705882353,0.4117647058823529
K'Sante|16.13,K'Sante,16.13,16.12,True,,rank,GOLD,0,0,,,,
K'Sante|16.13,K'Sante,16.13,16.12,True,,rank,PLATINUM,0,0,,,,
K'Sante|16.13,K'Sante,16.13,16.12,True,,rank,EMERALD,0,0,,,,
K'Sante|16.13,K'Sante,16.13,16.12,True,,rank,DIAMOND,0,0,,,,
K'Sante|16.13,K'Sante,16.13,16.12,True,,rank,MASTER+,0,0,,,,
K'Sante|16.13,K'Sante,16.13,16.12,True,,role,TOP,0,0,,,,
K'Sante|16.13,K'Sante,16.13,16.12,True,,role,JUNGLE,0,0,,,,
K'Sante|16.13,K'Sante,16.13,16.12,True,,role,MIDDLE,0,0,,,,
K'Sante|16.13,K'Sante,16.13,16.12,True,,role,BOTTOM,0,0,,,,
K'Sante|16.13,K'Sante,16.13,16.12,True,,role,UTILITY,0,0,,,,
Kai'Sa|16.13,Kai'Sa,16.13,16.12,True,,rank,GOLD,0,0,,,,
Kai'Sa|16.13,Kai'Sa,16.13,16.12,True,,rank,PLATINUM,0,0,,,,
Kai'Sa|16.13,Kai'Sa,16.13,16.12,True,,rank,EMERALD,0,0,,,,
Kai'Sa|16.13,Kai'Sa,16.13,16.12,True,,rank,DIAMOND,0,0,,,,
Kai'Sa|16.13,Kai'Sa,16.13,16.12,True,,rank,MASTER+,0,0,,,,
Kai'Sa|16.13,Kai'Sa,16.13,16.12,True,,role,TOP,0,0,,,,
Kai'Sa|16.13,Kai'Sa,16.13,16.12,True,,role,JUNGLE,0,0,,,,
Kai'Sa|16.13,Kai'Sa,16.13,16.12,True,,role,MIDDLE,0,0,,,,
Kai'Sa|16.13,Kai'Sa,16.13,16.12,True,,role,BOTTOM,0,0,,,,
Kai'Sa|16.13,Kai'Sa,16.13,16.12,True,,role,UTILITY,0,0,,,,
LeBlanc|16.13,LeBlanc,16.13,16.12,True,,rank,GOLD,0,0,,,,
LeBlanc|16.13,LeBlanc,16.13,16.12,True,,rank,PLATINUM,0,0,,,,
LeBlanc|16.13,LeBlanc,16.13,16.12,True,,rank,EMERALD,0,0,,,,
LeBlanc|16.13,LeBlanc,16.13,16.12,True,,rank,DIAMOND,0,0,,,,
LeBlanc|16.13,LeBlanc,16.13,16.12,True,,rank,MASTER+,0,0,,,,
LeBlanc|16.13,LeBlanc,16.13,16.12,True,,role,TOP,0,0,,,,
LeBlanc|16.13,LeBlanc,16.13,16.12,True,,role,JUNGLE,0,0,,,,
LeBlanc|16.13,LeBlanc,16.13,16.12,True,,role,MIDDLE,0,0,,,,
LeBlanc|16.13,LeBlanc,16.13,16.12,True,,role,BOTTOM,0,0,,,,
LeBlanc|16.13,LeBlanc,16.13,16.12,True,,role,UTILITY,0,0,,,,
Olaf|16.13,Olaf,16.13,16.12,True,,rank,GOLD,2,1,0.2857142857142857,0.1111111111111111,-17.46031746031746,0.38095238095238093
Olaf|16.13,Olaf,16.13,16.12,True,,rank,PLATINUM,1,1,0.14285714285714285,0.1111111111111111,-3.1746031746031744,0.38095238095238093
Olaf|16.13,Olaf,16.13,16.12,True,,rank,EMERALD,0,3,0.0,0.3333333333333333,33.33333333333333,0.38095238095238093
Olaf|16.13,Olaf,16.13,16.12,True,,rank,DIAMOND,2,1,0.2857142857142857,0.1111111111111111,-17.46031746031746,0.38095238095238093
Olaf|16.13,Olaf,16.13,16.12,True,,rank,MASTER+,2,3,0.2857142857142857,0.3333333333333333,4.761904761904762,0.38095238095238093
Olaf|16.13,Olaf,16.13,16.12,True,,role,TOP,6,4,0.8571428571428571,0.4444444444444444,-41.269841269841265,0.4126984126984127
Olaf|16.13,Olaf,16.13,16.12,True,,role,JUNGLE,0,1,0.0,0.1111111111111111,11.11111111111111,0.4126984126984127
Olaf|16.13,Olaf,16.13,16.12,True,,role,MIDDLE,1,3,0.14285714285714285,0.3333333333333333,19.047619047619047,0.4126984126984127
Olaf|16.13,Olaf,16.13,16.12,True,,role,BOTTOM,0,0,0.0,0.0,0.0,0.4126984126984127
Olaf|16.13,Olaf,16.13,16.12,True,,role,UTILITY,0,1,0.0,0.1111111111111111,11.11111111111111,0.4126984126984127
Poppy|16.13,Poppy,16.13,16.12,True,,rank,GOLD,0,2,0.0,0.1,10.0,0.25
Poppy|16.13,Poppy,16.13,16.12,True,,rank,PLATINUM,1,4,0.2,0.2,0.0,0.25
Poppy|16.13,Poppy,16.13,16.12,True,,rank,EMERALD,1,4,0.2,0.2,0.0,0.25
Poppy|16.13,Poppy,16.13,16.12,True,,rank,DIAMOND,0,3,0.0,0.15,15.0,0.25
Poppy|16.13,Poppy,16.13,16.12,True,,rank,MASTER+,3,7,0.6,0.35,-25.0,0.25
Poppy|16.13,Poppy,16.13,16.12,True,,role,TOP,0,5,0.0,0.25,25.0,0.45
Poppy|16.13,Poppy,16.13,16.12,True,,role,JUNGLE,0,2,0.0,0.1,10.0,0.45
Poppy|16.13,Poppy,16.13,16.12,True,,role,MIDDLE,1,6,0.2,0.3,9.999999999999998,0.45
Poppy|16.13,Poppy,16.13,16.12,True,,role,BOTTOM,1,1,0.2,0.05,-15.000000000000002,0.45
Poppy|16.13,Poppy,16.13,16.12,True,,role,UTILITY,3,6,0.6,0.3,-30.0,0.45
Qiyana|16.13,Qiyana,16.13,16.12,True,,rank,GOLD,0,0,0.0,0.0,0.0,0.3
Qiyana|16.13,Qiyana,16.13,16.12,True,,rank,PLATINUM,1,0,0.16666666666666666,0.0,-16.666666666666664,0.3
Qiyana|16.13,Qiyana,16.13,16.12,True,,rank,EMERALD,2,1,0.3333333333333333,0.2,-13.33333333333333,0.3
Qiyana|16.13,Qiyana,16.13,16.12,True,,rank,DIAMOND,1,1,0.16666666666666666,0.2,3.3333333333333353,0.3
Qiyana|16.13,Qiyana,16.13,16.12,True,,rank,MASTER+,2,3,0.3333333333333333,0.6,26.666666666666668,0.3
Qiyana|16.13,Qiyana,16.13,16.12,True,,role,TOP,0,0,0.0,0.0,0.0,0.4666666666666667
Qiyana|16.13,Qiyana,16.13,16.12,True,,role,JUNGLE,3,1,0.5,0.2,-30.0,0.4666666666666667
Qiyana|16.13,Qiyana,16.13,16.12,True,,role,MIDDLE,2,4,0.3333333333333333,0.8,46.66666666666667,0.4666666666666667
Qiyana|16.13,Qiyana,16.13,16.12,True,,role,BOTTOM,0,0,0.0,0.0,0.0,0.4666666666666667
Qiyana|16.13,Qiyana,16.13,16.12,True,,role,UTILITY,1,0,0.16666666666666666,0.0,-16.666666666666664,0.4666666666666667
Rek'Sai|16.13,Rek'Sai,16.13,16.12,True,,rank,GOLD,0,0,,,,
Rek'Sai|16.13,Rek'Sai,16.13,16.12,True,,rank,PLATINUM,0,0,,,,
Rek'Sai|16.13,Rek'Sai,16.13,16.12,True,,rank,EMERALD,0,0,,,,
Rek'Sai|16.13,Rek'Sai,16.13,16.12,True,,rank,DIAMOND,0,0,,,,
Rek'Sai|16.13,Rek'Sai,16.13,16.12,True,,rank,MASTER+,0,0,,,,
Rek'Sai|16.13,Rek'Sai,16.13,16.12,True,,role,TOP,0,0,,,,
Rek'Sai|16.13,Rek'Sai,16.13,16.12,True,,role,JUNGLE,0,0,,,,
Rek'Sai|16.13,Rek'Sai,16.13,16.12,True,,role,MIDDLE,0,0,,,,
Rek'Sai|16.13,Rek'Sai,16.13,16.12,True,,role,BOTTOM,0,0,,,,
Rek'Sai|16.13,Rek'Sai,16.13,16.12,True,,role,UTILITY,0,0,,,,
Rumble|16.13,Rumble,16.13,16.12,True,,rank,GOLD,1,1,0.16666666666666666,0.125,-4.166666666666666,0.25
Rumble|16.13,Rumble,16.13,16.12,True,,rank,PLATINUM,1,0,0.16666666666666666,0.0,-16.666666666666664,0.25
Rumble|16.13,Rumble,16.13,16.12,True,,rank,EMERALD,1,1,0.16666666666666666,0.125,-4.166666666666666,0.25
Rumble|16.13,Rumble,16.13,16.12,True,,rank,DIAMOND,0,2,0.0,0.25,25.0,0.25
Rumble|16.13,Rumble,16.13,16.12,True,,rank,MASTER+,3,4,0.5,0.5,0.0,0.25
Rumble|16.13,Rumble,16.13,16.12,True,,role,TOP,3,3,0.5,0.375,-12.5,0.16666666666666669
Rumble|16.13,Rumble,16.13,16.12,True,,role,JUNGLE,1,2,0.16666666666666666,0.25,8.333333333333334,0.16666666666666669
Rumble|16.13,Rumble,16.13,16.12,True,,role,MIDDLE,1,2,0.16666666666666666,0.25,8.333333333333334,0.16666666666666669
Rumble|16.13,Rumble,16.13,16.12,True,,role,BOTTOM,0,0,0.0,0.0,0.0,0.16666666666666669
Rumble|16.13,Rumble,16.13,16.12,True,,role,UTILITY,1,1,0.16666666666666666,0.125,-4.166666666666666,0.16666666666666669
Senna|16.13,Senna,16.13,16.12,True,,rank,GOLD,3,3,0.08823529411764706,0.06976744186046512,-1.846785225718195,0.16963064295485636
Senna|16.13,Senna,16.13,16.12,True,,rank,PLATINUM,10,9,0.29411764705882354,0.20930232558139536,-8.481532147742818,0.16963064295485636
Senna|16.13,Senna,16.13,16.12,True,,rank,EMERALD,7,6,0.20588235294117646,0.13953488372093023,-6.634746922024623,0.16963064295485636
Senna|16.13,Senna,16.13,16.12,True,,rank,DIAMOND,5,13,0.14705882352941177,0.3023255813953488,15.526675786593705,0.16963064295485636
Senna|16.13,Senna,16.13,16.12,True,,rank,MASTER+,9,12,0.2647058823529412,0.27906976744186046,1.4363885088919282,0.16963064295485636
Senna|16.13,Senna,16.13,16.12,True,,role,TOP,4,4,0.11764705882352941,0.09302325581395349,-2.462380300957592,0.2079343365253078
Senna|16.13,Senna,16.13,16.12,True,,role,JUNGLE,4,5,0.11764705882352941,0.11627906976744186,-0.13679890560875513,0.2079343365253078
Senna|16.13,Senna,16.13,16.12,True,,role,MIDDLE,7,7,0.20588235294117646,0.16279069767441862,-4.309165526675784,0.2079343365253078
Senna|16.13,Senna,16.13,16.12,True,,role,BOTTOM,15,13,0.4411764705882353,0.3023255813953488,-13.885088919288647,0.2079343365253078
Senna|16.13,Senna,16.13,16.12,True,,role,UTILITY,4,14,0.11764705882352941,0.32558139534883723,20.793433652530783,0.2079343365253078
Sion|16.13,Sion,16.13,16.12,True,,rank,GOLD,2,2,0.15384615384615385,0.14285714285714285,-1.0989010989011005,0.2692307692307693
Sion|16.13,Sion,16.13,16.12,True,,rank,PLATINUM,2,1,0.15384615384615385,0.07142857142857142,-8.241758241758243,0.2692307692307693
Sion|16.13,Sion,16.13,16.12,True,,rank,EMERALD,2,3,0.15384615384615385,0.21428571428571427,6.043956043956042,0.2692307692307693
Sion|16.13,Sion,16.13,16.12,True,,rank,DIAMOND,1,4,0.07692307692307693,0.2857142857142857,20.879120879120876,0.2692307692307693
Sion|16.13,Sion,16.13,16.12,True,,rank,MASTER+,6,4,0.46153846153846156,0.2857142857142857,-17.582417582417587,0.2692307692307693
Sion|16.13,Sion,16.13,16.12,True,,role,TOP,3,6,0.23076923076923078,0.42857142857142855,19.780219780219777,0.3131868131868132
Sion|16.13,Sion,16.13,16.12,True,,role,JUNGLE,1,1,0.07692307692307693,0.07142857142857142,-0.5494505494505503,0.3131868131868132
Sion|16.13,Sion,16.13,16.12,True,,role,MIDDLE,2,3,0.15384615384615385,0.21428571428571427,6.043956043956042,0.3131868131868132
Sion|16.13,Sion,16.13,16.12,True,,role,BOTTOM,4,0,0.3076923076923077,0.0,-30.76923076923077,0.3131868131868132
Sion|16.13,Sion,16.13,16.12,True,,role,UTILITY,3,4,0.23076923076923078,0.2857142857142857,5.494505494505492,0.3131868131868132
Vex|16.13,Vex,16.13,16.12,True,,rank,GOLD,0,0,0.0,0.0,0.0,0.11428571428571427
Vex|16.13,Vex,16.13,16.12,True,,rank,PLATINUM,1,1,0.2,0.14285714285714285,-5.714285714285716,0.11428571428571427
Vex|16.13,Vex,16.13,16.12,True,,rank,EMERALD,1,1,0.2,0.14285714285714285,-5.714285714285716,0.11428571428571427
Vex|16.13,Vex,16.13,16.12,True,,rank,DIAMOND,2,3,0.4,0.42857142857142855,2.8571428571428523,0.11428571428571427
Vex|16.13,Vex,16.13,16.12,True,,rank,MASTER+,1,2,0.2,0.2857142857142857,8.57142857142857,0.11428571428571427
Vex|16.13,Vex,16.13,16.12,True,,role,TOP,1,1,0.2,0.14285714285714285,-5.714285714285716,0.11428571428571432
Vex|16.13,Vex,16.13,16.12,True,,role,JUNGLE,1,1,0.2,0.14285714285714285,-5.714285714285716,0.11428571428571432
Vex|16.13,Vex,16.13,16.12,True,,role,MIDDLE,3,5,0.6,0.7142857142857143,11.428571428571432,0.11428571428571432
Vex|16.13,Vex,16.13,16.12,True,,role,BOTTOM,0,0,0.0,0.0,0.0,0.11428571428571432
Vex|16.13,Vex,16.13,16.12,True,,role,UTILITY,0,0,0.0,0.0,0.0,0.11428571428571432
Zaahen|16.13,Zaahen,16.13,16.12,True,,rank,GOLD,1,2,0.125,0.2857142857142857,16.07142857142857,0.3214285714285714
Zaahen|16.13,Zaahen,16.13,16.12,True,,rank,PLATINUM,3,2,0.375,0.2857142857142857,-8.92857142857143,0.3214285714285714
Zaahen|16.13,Zaahen,16.13,16.12,True,,rank,EMERALD,1,1,0.125,0.14285714285714285,1.785714285714285,0.3214285714285714
Zaahen|16.13,Zaahen,16.13,16.12,True,,rank,DIAMOND,0,1,0.0,0.14285714285714285,14.285714285714285,0.3214285714285714
Zaahen|16.13,Zaahen,16.13,16.12,True,,rank,MASTER+,3,1,0.375,0.14285714285714285,-23.214285714285715,0.3214285714285714
Zaahen|16.13,Zaahen,16.13,16.12,True,,role,TOP,3,3,0.375,0.42857142857142855,5.357142857142855,0.5
Zaahen|16.13,Zaahen,16.13,16.12,True,,role,JUNGLE,1,2,0.125,0.2857142857142857,16.07142857142857,0.5
Zaahen|16.13,Zaahen,16.13,16.12,True,,role,MIDDLE,4,0,0.5,0.0,-50.0,0.5
Zaahen|16.13,Zaahen,16.13,16.12,True,,role,BOTTOM,0,1,0.0,0.14285714285714285,14.285714285714285,0.5
Zaahen|16.13,Zaahen,16.13,16.12,True,,role,UTILITY,0,1,0.0,0.14285714285714285,14.285714285714285,0.5
Azir|16.14,Azir,16.14,16.13,True,,rank,GOLD,1,1,0.16666666666666666,0.14285714285714285,-2.380952380952381,0.21428571428571425
Azir|16.14,Azir,16.14,16.13,True,,rank,PLATINUM,1,0,0.16666666666666666,0.0,-16.666666666666664,0.21428571428571425
Azir|16.14,Azir,16.14,16.13,True,,rank,EMERALD,1,1,0.16666666666666666,0.14285714285714285,-2.380952380952381,0.21428571428571425
Azir|16.14,Azir,16.14,16.13,True,,rank,DIAMOND,0,1,0.0,0.14285714285714285,14.285714285714285,0.21428571428571425
Azir|16.14,Azir,16.14,16.13,True,,rank,MASTER+,3,4,0.5,0.5714285714285714,7.14285714285714,0.21428571428571425
Azir|16.14,Azir,16.14,16.13,True,,role,TOP,1,0,0.16666666666666666,0.0,-16.666666666666664,0.2857142857142857
Azir|16.14,Azir,16.14,16.13,True,,role,JUNGLE,0,2,0.0,0.2857142857142857,28.57142857142857,0.2857142857142857
Azir|16.14,Azir,16.14,16.13,True,,role,MIDDLE,3,3,0.5,0.42857142857142855,-7.142857142857145,0.2857142857142857
Azir|16.14,Azir,16.14,16.13,True,,role,BOTTOM,1,1,0.16666666666666666,0.14285714285714285,-2.380952380952381,0.2857142857142857
Azir|16.14,Azir,16.14,16.13,True,,role,UTILITY,1,1,0.16666666666666666,0.14285714285714285,-2.380952380952381,0.2857142857142857
Corki|16.14,Corki,16.14,16.13,True,,rank,GOLD,0,0,0.0,0.0,0.0,0.5142857142857142
Corki|16.14,Corki,16.14,16.13,True,,rank,PLATINUM,2,1,0.4,0.14285714285714285,-25.71428571428572,0.5142857142857142
Corki|16.14,Corki,16.14,16.13,True,,rank,EMERALD,2,1,0.4,0.14285714285714285,-25.71428571428572,0.5142857142857142
Corki|16.14,Corki,16.14,16.13,True,,rank,DIAMOND,0,1,0.0,0.14285714285714285,14.285714285714285,0.5142857142857142
Corki|16.14,Corki,16.14,16.13,True,,rank,MASTER+,1,4,0.2,0.5714285714285714,37.14285714285714,0.5142857142857142
Corki|16.14,Corki,16.14,16.13,True,,role,TOP,0,1,0.0,0.14285714285714285,14.285714285714285,0.4
Corki|16.14,Corki,16.14,16.13,True,,role,JUNGLE,1,0,0.2,0.0,-20.0,0.4
Corki|16.14,Corki,16.14,16.13,True,,role,MIDDLE,1,0,0.2,0.0,-20.0,0.4
Corki|16.14,Corki,16.14,16.13,True,,role,BOTTOM,3,6,0.6,0.8571428571428571,25.71428571428571,0.4
Corki|16.14,Corki,16.14,16.13,True,,role,UTILITY,0,0,0.0,0.0,0.0,0.4
Garen|16.14,Garen,16.14,16.13,True,,rank,GOLD,9,5,0.2903225806451613,0.3333333333333333,4.3010752688172005,0.21720430107526878
Garen|16.14,Garen,16.14,16.13,True,,rank,PLATINUM,4,4,0.12903225806451613,0.26666666666666666,13.763440860215054,0.21720430107526878
Garen|16.14,Garen,16.14,16.13,True,,rank,EMERALD,3,2,0.0967741935483871,0.13333333333333333,3.655913978494624,0.21720430107526878
Garen|16.14,Garen,16.14,16.13,True,,rank,DIAMOND,5,0,0.16129032258064516,0.0,-16.129032258064516,0.21720430107526878
Garen|16.14,Garen,16.14,16.13,True,,rank,MASTER+,10,4,0.3225806451612903,0.26666666666666666,-5.591397849462365,0.21720430107526878
Garen|16.14,Garen,16.14,16.13,True,,role,TOP,12,7,0.3870967741935484,0.4666666666666667,7.95698924731183,0.12258064516129033
Garen|16.14,Garen,16.14,16.13,True,,role,JUNGLE,3,1,0.0967741935483871,0.06666666666666667,-3.010752688172043,0.12258064516129033
Garen|16.14,Garen,16.14,16.13,True,,role,MIDDLE,7,2,0.22580645161290322,0.13333333333333333,-9.247311827956988,0.12258064516129033
Garen|16.14,Garen,16.14,16.13,True,,role,BOTTOM,3,2,0.0967741935483871,0.13333333333333333,3.655913978494624,0.12258064516129033
Garen|16.14,Garen,16.14,16.13,True,,role,UTILITY,6,3,0.1935483870967742,0.2,0.6451612903225823,0.12258064516129033
Jayce|16.14,Jayce,16.14,16.13,True,,rank,GOLD,0,0,0.0,0.0,0.0,0.23636363636363633
Jayce|16.14,Jayce,16.14,16.13,True,,rank,PLATINUM,2,1,0.18181818181818182,0.06666666666666667,-11.515151515151516,0.23636363636363633
Jayce|16.14,Jayce,16.14,16.13,True,,rank,EMERALD,2,2,0.18181818181818182,0.13333333333333333,-4.8484848484848495,0.23636363636363633
Jayce|16.14,Jayce,16.14,16.13,True,,rank,DIAMOND,3,3,0.2727272727272727,0.2,-7.27272727272727,0.23636363636363633
Jayce|16.14,Jayce,16.14,16.13,True,,rank,MASTER+,4,9,0.36363636363636365,0.6,23.636363636363633,0.23636363636363633
Jayce|16.14,Jayce,16.14,16.13,True,,role,TOP,2,5,0.18181818181818182,0.3333333333333333,15.151515151515149,0.1939393939393939
Jayce|16.14,Jayce,16.14,16.13,True,,role,JUNGLE,2,1,0.18181818181818182,0.06666666666666667,-11.515151515151516,0.1939393939393939
Jayce|16.14,Jayce,16.14,16.13,True,,role,MIDDLE,5,6,0.45454545454545453,0.4,-5.454545454545451,0.1939393939393939
Jayce|16.14,Jayce,16.14,16.13,True,,role,BOTTOM,1,1,0.09090909090909091,0.06666666666666667,-2.4242424242424248,0.1939393939393939
Jayce|16.14,Jayce,16.14,16.13,True,,role,UTILITY,1,2,0.09090909090909091,0.13333333333333333,4.242424242424242,0.1939393939393939
Locke|16.14,Locke,16.14,16.13,True,,rank,GOLD,5,3,0.16129032258064516,0.15,-1.1290322580645162,0.10483870967741936
Locke|16.14,Locke,16.14,16.13,True,,rank,PLATINUM,6,2,0.1935483870967742,0.1,-9.354838709677418,0.10483870967741936
Locke|16.14,Locke,16.14,16.13,True,,rank,EMERALD,3,3,0.0967741935483871,0.15,5.32258064516129,0.10483870967741936
Locke|16.14,Locke,16.14,16.13,True,,rank,DIAMOND,6,4,0.1935483870967742,0.2,0.6451612903225823,0.10483870967741936
Locke|16.14,Locke,16.14,16.13,True,,rank,MASTER+,11,8,0.3548387096774194,0.4,4.516129032258065,0.10483870967741936
Locke|16.14,Locke,16.14,16.13,True,,role,TOP,4,2,0.12903225806451613,0.1,-2.903225806451612,0.18387096774193545
Locke|16.14,Locke,16.14,16.13,True,,role,JUNGLE,4,2,0.12903225806451613,0.1,-2.903225806451612,0.18387096774193545
Locke|16.14,Locke,16.14,16.13,True,,role,MIDDLE,16,14,0.5161290322580645,0.7,18.387096774193544,0.18387096774193545
Locke|16.14,Locke,16.14,16.13,True,,role,BOTTOM,5,2,0.16129032258064516,0.1,-6.129032258064515,0.18387096774193545
Locke|16.14,Locke,16.14,16.13,True,,role,UTILITY,2,0,0.06451612903225806,0.0,-6.451612903225806,0.18387096774193545
Mordekaiser|16.14,Mordekaiser,16.14,16.13,True,,rank,GOLD,2,3,0.125,0.10344827586206896,-2.1551724137931036,0.35775862068965514
Mordekaiser|16.14,Mordekaiser,16.14,16.13,True,,rank,PLATINUM,7,7,0.4375,0.2413793103448276,-19.612068965517242,0.35775862068965514
Mordekaiser|16.14,Mordekaiser,16.14,16.13,True,,rank,EMERALD,5,5,0.3125,0.1724137931034483,-14.00862068965517,0.35775862068965514
Mordekaiser|16.14,Mordekaiser,16.14,16.13,True,,rank,DIAMOND,1,3,0.0625,0.10344827586206896,4.094827586206897,0.35775862068965514
Mordekaiser|16.14,Mordekaiser,16.14,16.13,True,,rank,MASTER+,1,11,0.0625,0.3793103448275862,31.68103448275862,0.35775862068965514
Mordekaiser|16.14,Mordekaiser,16.14,16.13,True,,role,TOP,11,15,0.6875,0.5172413793103449,-17.025862068965512,0.1918103448275862
Mordekaiser|16.14,Mordekaiser,16.14,16.13,True,,role,JUNGLE,1,2,0.0625,0.06896551724137931,0.6465517241379309,0.1918103448275862
Mordekaiser|16.14,Mordekaiser,16.14,16.13,True,,role,MIDDLE,1,5,0.0625,0.1724137931034483,10.99137931034483,0.1918103448275862
Mordekaiser|16.14,Mordekaiser,16.14,16.13,True,,role,BOTTOM,1,4,0.0625,0.13793103448275862,7.543103448275862,0.1918103448275862
Mordekaiser|16.14,Mordekaiser,16.14,16.13,True,,role,UTILITY,2,3,0.125,0.10344827586206896,-2.1551724137931036,0.1918103448275862
Nami|16.14,Nami,16.14,16.13,True,,rank,GOLD,1,1,0.058823529411764705,0.07692307692307693,1.8099547511312222,0.29411764705882354
Nami|16.14,Nami,16.14,16.13,True,,rank,PLATINUM,5,0,0.29411764705882354,0.0,-29.411764705882355,0.29411764705882354
Nami|16.14,Nami,16.14,16.13,True,,rank,EMERALD,1,2,0.058823529411764705,0.15384615384615385,9.502262443438916,0.29411764705882354
Nami|16.14,Nami,16.14,16.13,True,,rank,DIAMOND,5,5,0.29411764705882354,0.38461538461538464,9.04977375565611,0.29411764705882354
Nami|16.14,Nami,16.14,16.13,True,,rank,MASTER+,5,5,0.29411764705882354,0.38461538461538464,9.04977375565611,0.29411764705882354
Nami|16.14,Nami,16.14,16.13,True,,role,TOP,1,1,0.058823529411764705,0.07692307692307693,1.8099547511312222,0.17647058823529416
Nami|16.14,Nami,16.14,16.13,True,,role,JUNGLE,0,0,0.0,0.0,0.0,0.17647058823529416
Nami|16.14,Nami,16.14,16.13,True,,role,MIDDLE,2,0,0.11764705882352941,0.0,-11.76470588235294,0.17647058823529416
Nami|16.14,Nami,16.14,16.13,True,,role,BOTTOM,1,0,0.058823529411764705,0.0,-5.88235294117647,0.17647058823529416
Nami|16.14,Nami,16.14,16.13,True,,role,UTILITY,13,12,0.7647058823529411,0.9230769230769231,15.837104072398201,0.17647058823529416
Senna|16.14,Senna,16.14,16.13,True,,rank,GOLD,3,3,0.06976744186046512,0.1111111111111111,4.134366925064599,0.11714039621016362
Senna|16.14,Senna,16.14,16.13,True,,rank,PLATINUM,9,6,0.20930232558139536,0.2222222222222222,1.291989664082685,0.11714039621016362
Senna|16.14,Senna,16.14,16.13,True,,rank,EMERALD,6,4,0.13953488372093023,0.14814814814814814,0.8613264427217909,0.11714039621016362
Senna|16.14,Senna,16.14,16.13,True,,rank,DIAMOND,13,5,0.3023255813953488,0.18518518518518517,-11.714039621016365,0.11714039621016362
Senna|16.14,Senna,16.14,16.13,True,,rank,MASTER+,12,9,0.27906976744186046,0.3333333333333333,5.426356589147286,0.11714039621016362
Senna|16.14,Senna,16.14,16.13,True,,role,TOP,4,1,0.09302325581395349,0.037037037037037035,-5.598621877691645,0.18690783807062875
Senna|16.14,Senna,16.14,16.13,True,,role,JUNGLE,5,0,0.11627906976744186,0.0,-11.627906976744185,0.18690783807062875
Senna|16.14,Senna,16.14,16.13,True,,role,MIDDLE,7,4,0.16279069767441862,0.14814814814814814,-1.4642549526270476,0.18690783807062875
Senna|16.14,Senna,16.14,16.13,True,,role,BOTTOM,13,12,0.3023255813953488,0.4444444444444444,14.21188630490956,0.18690783807062875
Senna|16.14,Senna,16.14,16.13,True,,role,UTILITY,14,10,0.32558139534883723,0.37037037037037035,4.478897502153312,0.18690783807062875
Seraphine|16.14,Seraphine,16.14,16.13,True,,rank,GOLD,7,2,0.14583333333333334,0.06896551724137931,-7.686781609195403,0.09410919540229887
Seraphine|16.14,Seraphine,16.14,16.13,True,,rank,PLATINUM,5,4,0.10416666666666667,0.13793103448275862,3.3764367816091947,0.09410919540229887
Seraphine|16.14,Seraphine,16.14,16.13,True,,rank,EMERALD,7,4,0.14583333333333334,0.13793103448275862,-0.7902298850574724,0.09410919540229887
Seraphine|16.14,Seraphine,16.14,16.13,True,,rank,DIAMOND,12,9,0.25,0.3103448275862069,6.03448275862069,0.09410919540229887
Seraphine|16.14,Seraphine,16.14,16.13,True,,rank,MASTER+,17,10,0.3541666666666667,0.3448275862068966,-0.933908045977011,0.09410919540229887
Seraphine|16.14,Seraphine,16.14,16.13,True,,role,TOP,0,0,0.0,0.0,0.0,0.07112068965517243
Seraphine|16.14,Seraphine,16.14,16.13,True,,role,JUNGLE,3,1,0.0625,0.034482758620689655,-2.8017241379310347,0.07112068965517243
Seraphine|16.14,Seraphine,16.14,16.13,True,,role,MIDDLE,9,7,0.1875,0.2413793103448276,5.38793103448276,0.07112068965517243
Seraphine|16.14,Seraphine,16.14,16.13,True,,role,BOTTOM,12,6,0.25,0.20689655172413793,-4.310344827586207,0.07112068965517243
Seraphine|16.14,Seraphine,16.14,16.13,True,,role,UTILITY,24,15,0.5,0.5172413793103449,1.7241379310344862,0.07112068965517243
Yunara|16.14,Yunara,16.14,16.13,True,,rank,GOLD,1,2,0.06666666666666667,0.14285714285714285,7.619047619047619,0.2523809523809524
Yunara|16.14,Yunara,16.14,16.13,True,,rank,PLATINUM,3,1,0.2,0.07142857142857142,-12.85714285714286,0.2523809523809524
Yunara|16.14,Yunara,16.14,16.13,True,,rank,EMERALD,1,3,0.06666666666666667,0.21428571428571427,14.76190476190476,0.2523809523809524
Yunara|16.14,Yunara,16.14,16.13,True,,rank,DIAMOND,4,2,0.26666666666666666,0.14285714285714285,-12.380952380952381,0.2523809523809524
Yunara|16.14,Yunara,16.14,16.13,True,,rank,MASTER+,6,6,0.4,0.42857142857142855,2.8571428571428523,0.2523809523809524
Yunara|16.14,Yunara,16.14,16.13,True,,role,TOP,1,1,0.06666666666666667,0.07142857142857142,0.4761904761904759,0.1285714285714286
Yunara|16.14,Yunara,16.14,16.13,True,,role,JUNGLE,2,1,0.13333333333333333,0.07142857142857142,-6.190476190476191,0.1285714285714286
Yunara|16.14,Yunara,16.14,16.13,True,,role,MIDDLE,1,2,0.06666666666666667,0.14285714285714285,7.619047619047619,0.1285714285714286
Yunara|16.14,Yunara,16.14,16.13,True,,role,BOTTOM,10,10,0.6666666666666666,0.7142857142857143,4.761904761904767,0.1285714285714286
Yunara|16.14,Yunara,16.14,16.13,True,,role,UTILITY,1,0,0.06666666666666667,0.0,-6.666666666666667,0.1285714285714286
Alistar|16.15,Alistar,16.15,16.14,True,,rank,GOLD,2,3,0.2,0.25,4.999999999999999,0.25
Alistar|16.15,Alistar,16.15,16.14,True,,rank,PLATINUM,0,0,0.0,0.0,0.0,0.25
Alistar|16.15,Alistar,16.15,16.14,True,,rank,EMERALD,2,0,0.2,0.0,-20.0,0.25
Alistar|16.15,Alistar,16.15,16.14,True,,rank,DIAMOND,3,3,0.3,0.25,-4.999999999999999,0.25
Alistar|16.15,Alistar,16.15,16.14,True,,rank,MASTER+,3,6,0.3,0.5,20.0,0.25
Alistar|16.15,Alistar,16.15,16.14,True,,role,TOP,1,1,0.1,0.08333333333333333,-1.6666666666666676,0.31666666666666665
Alistar|16.15,Alistar,16.15,16.14,True,,role,JUNGLE,0,3,0.0,0.25,25.0,0.31666666666666665
Alistar|16.15,Alistar,16.15,16.14,True,,role,MIDDLE,1,0,0.1,0.0,-10.0,0.31666666666666665
Alistar|16.15,Alistar,16.15,16.14,True,,role,BOTTOM,1,2,0.1,0.16666666666666666,6.666666666666665,0.31666666666666665
Alistar|16.15,Alistar,16.15,16.14,True,,role,UTILITY,7,6,0.7,0.5,-19.999999999999996,0.31666666666666665
Bel'Veth|16.15,Bel'Veth,16.15,16.14,True,,rank,GOLD,0,0,,,,
Bel'Veth|16.15,Bel'Veth,16.15,16.14,True,,rank,PLATINUM,0,0,,,,
Bel'Veth|16.15,Bel'Veth,16.15,16.14,True,,rank,EMERALD,0,0,,,,
Bel'Veth|16.15,Bel'Veth,16.15,16.14,True,,rank,DIAMOND,0,0,,,,
Bel'Veth|16.15,Bel'Veth,16.15,16.14,True,,rank,MASTER+,0,0,,,,
Bel'Veth|16.15,Bel'Veth,16.15,16.14,True,,role,TOP,0,0,,,,
Bel'Veth|16.15,Bel'Veth,16.15,16.14,True,,role,JUNGLE,0,0,,,,
Bel'Veth|16.15,Bel'Veth,16.15,16.14,True,,role,MIDDLE,0,0,,,,
Bel'Veth|16.15,Bel'Veth,16.15,16.14,True,,role,BOTTOM,0,0,,,,
Bel'Veth|16.15,Bel'Veth,16.15,16.14,True,,role,UTILITY,0,0,,,,
Kai'Sa|16.15,Kai'Sa,16.15,16.14,True,,rank,GOLD,0,0,,,,
Kai'Sa|16.15,Kai'Sa,16.15,16.14,True,,rank,PLATINUM,0,0,,,,
Kai'Sa|16.15,Kai'Sa,16.15,16.14,True,,rank,EMERALD,0,0,,,,
Kai'Sa|16.15,Kai'Sa,16.15,16.14,True,,rank,DIAMOND,0,0,,,,
Kai'Sa|16.15,Kai'Sa,16.15,16.14,True,,rank,MASTER+,0,0,,,,
Kai'Sa|16.15,Kai'Sa,16.15,16.14,True,,role,TOP,0,0,,,,
Kai'Sa|16.15,Kai'Sa,16.15,16.14,True,,role,JUNGLE,0,0,,,,
Kai'Sa|16.15,Kai'Sa,16.15,16.14,True,,role,MIDDLE,0,0,,,,
Kai'Sa|16.15,Kai'Sa,16.15,16.14,True,,role,BOTTOM,0,0,,,,
Kai'Sa|16.15,Kai'Sa,16.15,16.14,True,,role,UTILITY,0,0,,,,
Locke|16.15,Locke,16.15,16.14,True,,rank,GOLD,3,4,0.15,0.23529411764705882,8.529411764705882,0.22058823529411764
Locke|16.15,Locke,16.15,16.14,True,,rank,PLATINUM,2,4,0.1,0.23529411764705882,13.529411764705882,0.22058823529411764
Locke|16.15,Locke,16.15,16.14,True,,rank,EMERALD,3,2,0.15,0.11764705882352941,-3.2352941176470584,0.22058823529411764
Locke|16.15,Locke,16.15,16.14,True,,rank,DIAMOND,4,1,0.2,0.058823529411764705,-14.117647058823529,0.22058823529411764
Locke|16.15,Locke,16.15,16.14,True,,rank,MASTER+,8,6,0.4,0.35294117647058826,-4.705882352941177,0.22058823529411764
Locke|16.15,Locke,16.15,16.14,True,,role,TOP,2,1,0.1,0.058823529411764705,-4.11764705882353,0.1941176470588235
Locke|16.15,Locke,16.15,16.14,True,,role,JUNGLE,2,4,0.1,0.23529411764705882,13.529411764705882,0.1941176470588235
Locke|16.15,Locke,16.15,16.14,True,,role,MIDDLE,14,10,0.7,0.5882352941176471,-11.176470588235288,0.1941176470588235
Locke|16.15,Locke,16.15,16.14,True,,role,BOTTOM,2,1,0.1,0.058823529411764705,-4.11764705882353,0.1941176470588235
Locke|16.15,Locke,16.15,16.14,True,,role,UTILITY,0,1,0.0,0.058823529411764705,5.88235294117647,0.1941176470588235
Maokai|16.15,Maokai,16.15,16.14,True,,rank,GOLD,0,0,0.0,0.0,0.0,0.625
Maokai|16.15,Maokai,16.15,16.14,True,,rank,PLATINUM,3,1,0.75,0.125,-62.5,0.625
Maokai|16.15,Maokai,16.15,16.14,True,,rank,EMERALD,1,2,0.25,0.25,0.0,0.625
Maokai|16.15,Maokai,16.15,16.14,True,,rank,DIAMOND,0,0,0.0,0.0,0.0,0.625
Maokai|16.15,Maokai,16.15,16.14,True,,rank,MASTER+,0,5,0.0,0.625,62.5,0.625
Maokai|16.15,Maokai,16.15,16.14,True,,role,TOP,2,4,0.5,0.5,0.0,0.375
Maokai|16.15,Maokai,16.15,16.14,True,,role,JUNGLE,0,2,0.0,0.25,25.0,0.375
Maokai|16.15,Maokai,16.15,16.14,True,,role,MIDDLE,0,0,0.0,0.0,0.0,0.375
Maokai|16.15,Maokai,16.15,16.14,True,,role,BOTTOM,0,1,0.0,0.125,12.5,0.375
Maokai|16.15,Maokai,16.15,16.14,True,,role,UTILITY,2,1,0.5,0.125,-37.5,0.375
Mordekaiser|16.15,Mordekaiser,16.15,16.14,True,,rank,GOLD,3,3,0.10344827586206896,0.16666666666666666,6.321839080459769,0.23180076628352486
Mordekaiser|16.15,Mordekaiser,16.15,16.14,True,,rank,PLATINUM,7,2,0.2413793103448276,0.1111111111111111,-13.026819923371649,0.23180076628352486
Mordekaiser|16.15,Mordekaiser,16.15,16.14,True,,rank,EMERALD,5,4,0.1724137931034483,0.2222222222222222,4.980842911877392,0.23180076628352486
Mordekaiser|16.15,Mordekaiser,16.15,16.14,True,,rank,DIAMOND,3,4,0.10344827586206896,0.2222222222222222,11.877394636015325,0.23180076628352486
Mordekaiser|16.15,Mordekaiser,16.15,16.14,True,,rank,MASTER+,11,5,0.3793103448275862,0.2777777777777778,-10.15325670498084,0.23180076628352486
Mordekaiser|16.15,Mordekaiser,16.15,16.14,True,,role,TOP,15,8,0.5172413793103449,0.4444444444444444,-7.279693486590045,0.09195402298850577
Mordekaiser|16.15,Mordekaiser,16.15,16.14,True,,role,JUNGLE,2,1,0.06896551724137931,0.05555555555555555,-1.3409961685823757,0.09195402298850577
Mordekaiser|16.15,Mordekaiser,16.15,16.14,True,,role,MIDDLE,5,3,0.1724137931034483,0.16666666666666666,-0.574712643678163,0.09195402298850577
Mordekaiser|16.15,Mordekaiser,16.15,16.14,True,,role,BOTTOM,4,4,0.13793103448275862,0.2222222222222222,8.429118773946358,0.09195402298850577
Mordekaiser|16.15,Mordekaiser,16.15,16.14,True,,role,UTILITY,3,2,0.10344827586206896,0.1111111111111111,0.7662835249042141,0.09195402298850577
Naafiri|16.15,Naafiri,16.15,16.14,True,,rank,GOLD,1,1,0.09090909090909091,0.125,3.4090909090909087,0.38636363636363635
Naafiri|16.15,Naafiri,16.15,16.14,True,,rank,PLATINUM,2,3,0.18181818181818182,0.375,19.318181818181817,0.38636363636363635
Naafiri|16.15,Naafiri,16.15,16.14,True,,rank,EMERALD,4,0,0.36363636363636365,0.0,-36.36363636363637,0.38636363636363635
Naafiri|16.15,Naafiri,16.15,16.14,True,,rank,DIAMOND,1,2,0.09090909090909091,0.25,15.909090909090908,0.38636363636363635
Naafiri|16.15,Naafiri,16.15,16.14,True,,rank,MASTER+,3,2,0.2727272727272727,0.25,-2.2727272727272707,0.38636363636363635
Naafiri|16.15,Naafiri,16.15,16.14,True,,role,TOP,1,2,0.09090909090909091,0.25,15.909090909090908,0.32954545454545453
Naafiri|16.15,Naafiri,16.15,16.14,True,,role,JUNGLE,4,3,0.36363636363636365,0.375,1.1363636363636354,0.32954545454545453
Naafiri|16.15,Naafiri,16.15,16.14,True,,role,MIDDLE,4,1,0.36363636363636365,0.125,-23.863636363636363,0.32954545454545453
Naafiri|16.15,Naafiri,16.15,16.14,True,,role,BOTTOM,1,2,0.09090909090909091,0.25,15.909090909090908,0.32954545454545453
Naafiri|16.15,Naafiri,16.15,16.14,True,,role,UTILITY,1,0,0.09090909090909091,0.0,-9.090909090909092,0.32954545454545453
Riven|16.15,Riven,16.15,16.14,True,,rank,GOLD,1,0,0.1111111111111111,0.0,-11.11111111111111,0.4444444444444444
Riven|16.15,Riven,16.15,16.14,True,,rank,PLATINUM,1,2,0.1111111111111111,0.2857142857142857,17.46031746031746,0.4444444444444444
Riven|16.15,Riven,16.15,16.14,True,,rank,EMERALD,3,0,0.3333333333333333,0.0,-33.33333333333333,0.4444444444444444
Riven|16.15,Riven,16.15,16.14,True,,rank,DIAMOND,1,1,0.1111111111111111,0.14285714285714285,3.1746031746031744,0.4444444444444444
Riven|16.15,Riven,16.15,16.14,True,,rank,MASTER+,3,4,0.3333333333333333,0.5714285714285714,23.809523809523807,0.4444444444444444
Riven|16.15,Riven,16.15,16.14,True,,role,TOP,2,2,0.2222222222222222,0.2857142857142857,6.349206349206349,0.09523809523809523
Riven|16.15,Riven,16.15,16.14,True,,role,JUNGLE,3,2,0.3333333333333333,0.2857142857142857,-4.761904761904762,0.09523809523809523
Riven|16.15,Riven,16.15,16.14,True,,role,MIDDLE,3,2,0.3333333333333333,0.2857142857142857,-4.761904761904762,0.09523809523809523
Riven|16.15,Riven,16.15,16.14,True,,role,BOTTOM,1,1,0.1111111111111111,0.14285714285714285,3.1746031746031744,0.09523809523809523
Riven|16.15,Riven,16.15,16.14,True,,role,UTILITY,0,0,0.0,0.0,0.0,0.09523809523809523
Sylas|16.15,Sylas,16.15,16.14,True,,rank,GOLD,4,4,0.10810810810810811,0.125,1.6891891891891886,0.0633445945945946
Sylas|16.15,Sylas,16.15,16.14,True,,rank,PLATINUM,3,3,0.08108108108108109,0.09375,1.2668918918918914,0.0633445945945946
Sylas|16.15,Sylas,16.15,16.14,True,,rank,EMERALD,8,5,0.21621621621621623,0.15625,-5.996621621621623,0.0633445945945946
Sylas|16.15,Sylas,16.15,16.14,True,,rank,DIAMOND,8,8,0.21621621621621623,0.25,3.378378378378377,0.0633445945945946
Sylas|16.15,Sylas,16.15,16.14,True,,rank,MASTER+,14,12,0.3783783783783784,0.375,-0.33783783783783994,0.0633445945945946
Sylas|16.15,Sylas,16.15,16.14,True,,role,TOP,6,4,0.16216216216216217,0.125,-3.716216216216217,0.20270270270270271
Sylas|16.15,Sylas,16.15,16.14,True,,role,JUNGLE,7,11,0.1891891891891892,0.34375,15.45608108108108,0.20270270270270271
Sylas|16.15,Sylas,16.15,16.14,True,,role,MIDDLE,15,11,0.40540540540540543,0.34375,-6.165540540540543,0.20270270270270271
Sylas|16.15,Sylas,16.15,16.14,True,,role,BOTTOM,4,5,0.10810810810810811,0.15625,4.814189189189189,0.20270270270270271
Sylas|16.15,Sylas,16.15,16.14,True,,role,UTILITY,5,1,0.13513513513513514,0.03125,-10.388513513513514,0.20270270270270271
Volibear|16.15,Volibear,16.15,16.14,True,,rank,GOLD,1,0,0.1111111111111111,0.0,-11.11111111111111,0.2444444444444444
Volibear|16.15,Volibear,16.15,16.14,True,,rank,PLATINUM,3,2,0.3333333333333333,0.2,-13.33333333333333,0.2444444444444444
Volibear|16.15,Volibear,16.15,16.14,True,,rank,EMERALD,0,1,0.0,0.1,10.0,0.2444444444444444
Volibear|16.15,Volibear,16.15,16.14,True,,rank,DIAMOND,0,1,0.0,0.1,10.0,0.2444444444444444
Volibear|16.15,Volibear,16.15,16.14,True,,rank,MASTER+,5,6,0.5555555555555556,0.6,4.444444444444439,0.2444444444444444
Volibear|16.15,Volibear,16.15,16.14,True,,role,TOP,3,6,0.3333333333333333,0.6,26.666666666666668,0.2666666666666666
Volibear|16.15,Volibear,16.15,16.14,True,,role,JUNGLE,3,2,0.3333333333333333,0.2,-13.33333333333333,0.2666666666666666
Volibear|16.15,Volibear,16.15,16.14,True,,role,MIDDLE,2,2,0.2222222222222222,0.2,-2.2222222222222197,0.2666666666666666
Volibear|16.15,Volibear,16.15,16.14,True,,role,BOTTOM,0,0,0.0,0.0,0.0,0.2666666666666666
Volibear|16.15,Volibear,16.15,16.14,True,,role,UTILITY,1,0,0.1111111111111111,0.0,-11.11111111111111,0.2666666666666666
Zac|16.15,Zac,16.15,16.14,True,,rank,GOLD,0,0,0.0,0.0,0.0,0.2857142857142857
Zac|16.15,Zac,16.15,16.14,True,,rank,PLATINUM,1,2,0.14285714285714285,0.2857142857142857,14.285714285714285,0.2857142857142857
Zac|16.15,Zac,16.15,16.14,True,,rank,EMERALD,2,0,0.2857142857142857,0.0,-28.57142857142857,0.2857142857142857
Zac|16.15,Zac,16.15,16.14,True,,rank,DIAMOND,0,1,0.0,0.14285714285714285,14.285714285714285,0.2857142857142857
Zac|16.15,Zac,16.15,16.14,True,,rank,MASTER+,4,4,0.5714285714285714,0.5714285714285714,0.0,0.2857142857142857
Zac|16.15,Zac,16.15,16.14,True,,role,TOP,0,0,0.0,0.0,0.0,0.14285714285714285
Zac|16.15,Zac,16.15,16.14,True,,role,JUNGLE,4,3,0.5714285714285714,0.42857142857142855,-14.285714285714285,0.14285714285714285
Zac|16.15,Zac,16.15,16.14,True,,role,MIDDLE,0,0,0.0,0.0,0.0,0.14285714285714285
Zac|16.15,Zac,16.15,16.14,True,,role,BOTTOM,1,2,0.14285714285714285,0.2857142857142857,14.285714285714285,0.14285714285714285
Zac|16.15,Zac,16.15,16.14,True,,role,UTILITY,2,2,0.2857142857142857,0.2857142857142857,0.0,0.14285714285714285
Azir|16.16,Azir,16.16,16.15,True,,rank,GOLD,0,0,0.0,0.0,0.0,0.38888888888888884
Azir|16.16,Azir,16.16,16.15,True,,rank,PLATINUM,0,1,0.0,0.1111111111111111,11.11111111111111,0.38888888888888884
Azir|16.16,Azir,16.16,16.15,True,,rank,EMERALD,3,1,0.5,0.1111111111111111,-38.88888888888889,0.38888888888888884
Azir|16.16,Azir,16.16,16.15,True,,rank,DIAMOND,0,1,0.0,0.1111111111111111,11.11111111111111,0.38888888888888884
Azir|16.16,Azir,16.16,16.15,True,,rank,MASTER+,3,6,0.5,0.6666666666666666,16.666666666666664,0.38888888888888884
Azir|16.16,Azir,16.16,16.15,True,,role,TOP,0,1,0.0,0.1111111111111111,11.11111111111111,0.16666666666666669
Azir|16.16,Azir,16.16,16.15,True,,role,JUNGLE,0,0,0.0,0.0,0.0,0.16666666666666669
Azir|16.16,Azir,16.16,16.15,True,,role,MIDDLE,5,6,0.8333333333333334,0.6666666666666666,-16.666666666666675,0.16666666666666669
Azir|16.16,Azir,16.16,16.15,True,,role,BOTTOM,1,2,0.16666666666666666,0.2222222222222222,5.555555555555555,0.16666666666666669
Azir|16.16,Azir,16.16,16.15,True,,role,UTILITY,0,0,0.0,0.0,0.0,0.16666666666666669
Bel'Veth|16.16,Bel'Veth,16.16,16.15,True,,rank,GOLD,0,0,,,,
Bel'Veth|16.16,Bel'Veth,16.16,16.15,True,,rank,PLATINUM,0,0,,,,
Bel'Veth|16.16,Bel'Veth,16.16,16.15,True,,rank,EMERALD,0,0,,,,
Bel'Veth|16.16,Bel'Veth,16.16,16.15,True,,rank,DIAMOND,0,0,,,,
Bel'Veth|16.16,Bel'Veth,16.16,16.15,True,,rank,MASTER+,0,0,,,,
Bel'Veth|16.16,Bel'Veth,16.16,16.15,True,,role,TOP,0,0,,,,
Bel'Veth|16.16,Bel'Veth,16.16,16.15,True,,role,JUNGLE,0,0,,,,
Bel'Veth|16.16,Bel'Veth,16.16,16.15,True,,role,MIDDLE,0,0,,,,
Bel'Veth|16.16,Bel'Veth,16.16,16.15,True,,role,BOTTOM,0,0,,,,
Bel'Veth|16.16,Bel'Veth,16.16,16.15,True,,role,UTILITY,0,0,,,,
Camille|16.16,Camille,16.16,16.15,True,,rank,GOLD,1,0,0.0625,0.0,-6.25,0.10714285714285715
Camille|16.16,Camille,16.16,16.15,True,,rank,PLATINUM,2,2,0.125,0.14285714285714285,1.785714285714285,0.10714285714285715
Camille|16.16,Camille,16.16,16.15,True,,rank,EMERALD,3,2,0.1875,0.14285714285714285,-4.464285714285715,0.10714285714285715
Camille|16.16,Camille,16.16,16.15,True,,rank,DIAMOND,5,5,0.3125,0.35714285714285715,4.464285714285715,0.10714285714285715
Camille|16.16,Camille,16.16,16.15,True,,rank,MASTER+,5,5,0.3125,0.35714285714285715,4.464285714285715,0.10714285714285715
Camille|16.16,Camille,16.16,16.15,True,,role,TOP,2,5,0.125,0.35714285714285715,23.214285714285715,0.2410714285714286
Camille|16.16,Camille,16.16,16.15,True,,role,JUNGLE,1,1,0.0625,0.07142857142857142,0.8928571428571425,0.2410714285714286
Camille|16.16,Camille,16.16,16.15,True,,role,MIDDLE,3,2,0.1875,0.14285714285714285,-4.464285714285715,0.2410714285714286
Camille|16.16,Camille,16.16,16.15,True,,role,BOTTOM,3,2,0.1875,0.14285714285714285,-4.464285714285715,0.2410714285714286
Camille|16.16,Camille,16.16,16.15,True,,role,UTILITY,7,4,0.4375,0.2857142857142857,-15.17857142857143,0.2410714285714286
Gwen|16.16,Gwen,16.16,16.15,True,,rank,GOLD,0,0,0.0,0.0,0.0,0.5555555555555556
Gwen|16.16,Gwen,16.16,16.15,True,,rank,PLATINUM,1,3,0.5,0.3333333333333333,-16.666666666666668,0.5555555555555556
Gwen|16.16,Gwen,16.16,16.15,True,,rank,EMERALD,1,1,0.5,0.1111111111111111,-38.88888888888889,0.5555555555555556
Gwen|16.16,Gwen,16.16,16.15,True,,rank,DIAMOND,0,2,0.0,0.2222222222222222,22.22222222222222,0.5555555555555556
Gwen|16.16,Gwen,16.16,16.15,True,,rank,MASTER+,0,3,0.0,0.3333333333333333,33.33333333333333,0.5555555555555556
Gwen|16.16,Gwen,16.16,16.15,True,,role,TOP,0,4,0.0,0.4444444444444444,44.44444444444444,0.8888888888888888
Gwen|16.16,Gwen,16.16,16.15,True,,role,JUNGLE,2,1,1.0,0.1111111111111111,-88.88888888888889,0.8888888888888888
Gwen|16.16,Gwen,16.16,16.15,True,,role,MIDDLE,0,1,0.0,0.1111111111111111,11.11111111111111,0.8888888888888888
Gwen|16.16,Gwen,16.16,16.15,True,,role,BOTTOM,0,3,0.0,0.3333333333333333,33.33333333333333,0.8888888888888888
Gwen|16.16,Gwen,16.16,16.15,True,,role,UTILITY,0,0,0.0,0.0,0.0,0.8888888888888888
Kennen|16.16,Kennen,16.16,16.15,True,,rank,GOLD,0,0,0.0,0.0,0.0,0.3
Kennen|16.16,Kennen,16.16,16.15,True,,rank,PLATINUM,0,0,0.0,0.0,0.0,0.3
Kennen|16.16,Kennen,16.16,16.15,True,,rank,EMERALD,0,1,0.0,0.2,20.0,0.3
Kennen|16.16,Kennen,16.16,16.15,True,,rank,DIAMOND,1,1,0.5,0.2,-30.0,0.3
Kennen|16.16,Kennen,16.16,16.15,True,,rank,MASTER+,1,3,0.5,0.6,9.999999999999998,0.3
Kennen|16.16,Kennen,16.16,16.15,True,,role,TOP,0,3,0.0,0.6,60.0,0.8
Kennen|16.16,Kennen,16.16,16.15,True,,role,JUNGLE,0,1,0.0,0.2,20.0,0.8
Kennen|16.16,Kennen,16.16,16.15,True,,role,MIDDLE,1,0,0.5,0.0,-50.0,0.8
Kennen|16.16,Kennen,16.16,16.15,True,,role,BOTTOM,1,1,0.5,0.2,-30.0,0.8
Kennen|16.16,Kennen,16.16,16.15,True,,role,UTILITY,0,0,0.0,0.0,0.0,0.8
Nasus|16.16,Nasus,16.16,16.15,True,,rank,GOLD,4,3,0.2,0.07894736842105263,-12.105263157894738,0.1894736842105263
Nasus|16.16,Nasus,16.16,16.15,True,,rank,PLATINUM,1,7,0.05,0.18421052631578946,13.421052631578945,0.1894736842105263
Nasus|16.16,Nasus,16.16,16.15,True,,rank,EMERALD,4,5,0.2,0.13157894736842105,-6.8421052631578965,0.1894736842105263
Nasus|16.16,Nasus,16.16,16.15,True,,rank,DIAMOND,2,5,0.1,0.13157894736842105,3.157894736842104,0.1894736842105263
Nasus|16.16,Nasus,16.16,16.15,True,,rank,MASTER+,9,18,0.45,0.47368421052631576,2.368421052631575,0.1894736842105263
Nasus|16.16,Nasus,16.16,16.15,True,,role,TOP,7,14,0.35,0.3684210526315789,1.842105263157895,0.11052631578947368
Nasus|16.16,Nasus,16.16,16.15,True,,role,JUNGLE,2,6,0.1,0.15789473684210525,5.789473684210525,0.11052631578947368
Nasus|16.16,Nasus,16.16,16.15,True,,role,MIDDLE,6,8,0.3,0.21052631578947367,-8.947368421052632,0.11052631578947368
Nasus|16.16,Nasus,16.16,16.15,True,,role,BOTTOM,2,3,0.1,0.07894736842105263,-2.105263157894738,0.11052631578947368
Nasus|16.16,Nasus,16.16,16.15,True,,role,UTILITY,3,7,0.15,0.18421052631578946,3.421052631578947,0.11052631578947368
Poppy|16.16,Poppy,16.16,16.15,True,,rank,GOLD,0,1,0.0,0.06666666666666667,6.666666666666667,0.16666666666666666
Poppy|16.16,Poppy,16.16,16.15,True,,rank,PLATINUM,2,3,0.2,0.2,0.0,0.16666666666666666
Poppy|16.16,Poppy,16.16,16.15,True,,rank,EMERALD,0,1,0.0,0.06666666666666667,6.666666666666667,0.16666666666666666
Poppy|16.16,Poppy,16.16,16.15,True,,rank,DIAMOND,3,2,0.3,0.13333333333333333,-16.666666666666664,0.16666666666666666
Poppy|16.16,Poppy,16.16,16.15,True,,rank,MASTER+,5,8,0.5,0.5333333333333333,3.3333333333333326,0.16666666666666666
Poppy|16.16,Poppy,16.16,16.15,True,,role,TOP,0,3,0.0,0.2,20.0,0.3666666666666667
Poppy|16.16,Poppy,16.16,16.15,True,,role,JUNGLE,1,4,0.1,0.26666666666666666,16.666666666666664,0.3666666666666667
Poppy|16.16,Poppy,16.16,16.15,True,,role,MIDDLE,2,1,0.2,0.06666666666666667,-13.333333333333336,0.3666666666666667
Poppy|16.16,Poppy,16.16,16.15,True,,role,BOTTOM,1,0,0.1,0.0,-10.0,0.3666666666666667
Poppy|16.16,Poppy,16.16,16.15,True,,role,UTILITY,6,7,0.6,0.4666666666666667,-13.33333333333333,0.3666666666666667
Aurelion Sol|16.17,Aurelion Sol,16.17,16.16,True,,rank,GOLD,0,0,,,,
Aurelion Sol|16.17,Aurelion Sol,16.17,16.16,True,,rank,PLATINUM,0,0,,,,
Aurelion Sol|16.17,Aurelion Sol,16.17,16.16,True,,rank,EMERALD,0,0,,,,
Aurelion Sol|16.17,Aurelion Sol,16.17,16.16,True,,rank,DIAMOND,0,0,,,,
Aurelion Sol|16.17,Aurelion Sol,16.17,16.16,True,,rank,MASTER+,0,0,,,,
Aurelion Sol|16.17,Aurelion Sol,16.17,16.16,True,,role,TOP,0,0,,,,
Aurelion Sol|16.17,Aurelion Sol,16.17,16.16,True,,role,JUNGLE,0,0,,,,
Aurelion Sol|16.17,Aurelion Sol,16.17,16.16,True,,role,MIDDLE,0,0,,,,
Aurelion Sol|16.17,Aurelion Sol,16.17,16.16,True,,role,BOTTOM,0,0,,,,
Aurelion Sol|16.17,Aurelion Sol,16.17,16.16,True,,role,UTILITY,0,0,,,,
Cho'Gath|16.17,Cho'Gath,16.17,16.16,True,,rank,GOLD,0,0,,,,
Cho'Gath|16.17,Cho'Gath,16.17,16.16,True,,rank,PLATINUM,0,0,,,,
Cho'Gath|16.17,Cho'Gath,16.17,16.16,True,,rank,EMERALD,0,0,,,,
Cho'Gath|16.17,Cho'Gath,16.17,16.16,True,,rank,DIAMOND,0,0,,,,
Cho'Gath|16.17,Cho'Gath,16.17,16.16,True,,rank,MASTER+,0,0,,,,
Cho'Gath|16.17,Cho'Gath,16.17,16.16,True,,role,TOP,0,0,,,,
Cho'Gath|16.17,Cho'Gath,16.17,16.16,True,,role,JUNGLE,0,0,,,,
Cho'Gath|16.17,Cho'Gath,16.17,16.16,True,,role,MIDDLE,0,0,,,,
Cho'Gath|16.17,Cho'Gath,16.17,16.16,True,,role,BOTTOM,0,0,,,,
Cho'Gath|16.17,Cho'Gath,16.17,16.16,True,,role,UTILITY,0,0,,,,
Graves|16.17,Graves,16.17,16.16,True,,rank,GOLD,5,2,0.20833333333333334,0.1,-10.833333333333334,0.15
Graves|16.17,Graves,16.17,16.16,True,,rank,PLATINUM,3,3,0.125,0.15,2.4999999999999996,0.15
Graves|16.17,Graves,16.17,16.16,True,,rank,EMERALD,2,4,0.08333333333333333,0.2,11.666666666666668,0.15
Graves|16.17,Graves,16.17,16.16,True,,rank,DIAMOND,7,5,0.2916666666666667,0.25,-4.166666666666669,0.15
Graves|16.17,Graves,16.17,16.16,True,,rank,MASTER+,7,6,0.2916666666666667,0.3,0.8333333333333304,0.15
Graves|16.17,Graves,16.17,16.16,True,,role,TOP,1,2,0.041666666666666664,0.1,5.833333333333334,0.21666666666666665
Graves|16.17,Graves,16.17,16.16,True,,role,JUNGLE,13,14,0.5416666666666666,0.7,15.833333333333332,0.21666666666666665
Graves|16.17,Graves,16.17,16.16,True,,role,MIDDLE,4,2,0.16666666666666666,0.1,-6.666666666666665,0.21666666666666665
Graves|16.17,Graves,16.17,16.16,True,,role,BOTTOM,3,1,0.125,0.05,-7.5,0.21666666666666665
Graves|16.17,Graves,16.17,16.16,True,,role,UTILITY,3,1,0.125,0.05,-7.5,0.21666666666666665
Irelia|16.17,Irelia,16.17,16.16,True,,rank,GOLD,1,0,0.1,0.0,-10.0,0.15714285714285714
Irelia|16.17,Irelia,16.17,16.16,True,,rank,PLATINUM,2,4,0.2,0.2857142857142857,8.57142857142857,0.15714285714285714
Irelia|16.17,Irelia,16.17,16.16,True,,rank,EMERALD,2,3,0.2,0.21428571428571427,1.4285714285714262,0.15714285714285714
Irelia|16.17,Irelia,16.17,16.16,True,,rank,DIAMOND,2,2,0.2,0.14285714285714285,-5.714285714285716,0.15714285714285714
Irelia|16.17,Irelia,16.17,16.16,True,,rank,MASTER+,3,5,0.3,0.35714285714285715,5.714285714285716,0.15714285714285714
Irelia|16.17,Irelia,16.17,16.16,True,,role,TOP,3,4,0.3,0.2857142857142857,-1.428571428571429,0.17142857142857143
Irelia|16.17,Irelia,16.17,16.16,True,,role,JUNGLE,1,2,0.1,0.14285714285714285,4.285714285714285,0.17142857142857143
Irelia|16.17,Irelia,16.17,16.16,True,,role,MIDDLE,3,2,0.3,0.14285714285714285,-15.714285714285714,0.17142857142857143
Irelia|16.17,Irelia,16.17,16.16,True,,role,BOTTOM,3,6,0.3,0.42857142857142855,12.857142857142856,0.17142857142857143
Irelia|16.17,Irelia,16.17,16.16,True,,role,UTILITY,0,0,0.0,0.0,0.0,0.17142857142857143
LeBlanc|16.17,LeBlanc,16.17,16.16,True,,rank,GOLD,0,0,,,,
LeBlanc|16.17,LeBlanc,16.17,16.16,True,,rank,PLATINUM,0,0,,,,
LeBlanc|16.17,LeBlanc,16.17,16.16,True,,rank,EMERALD,0,0,,,,
LeBlanc|16.17,LeBlanc,16.17,16.16,True,,rank,DIAMOND,0,0,,,,
LeBlanc|16.17,LeBlanc,16.17,16.16,True,,rank,MASTER+,0,0,,,,
LeBlanc|16.17,LeBlanc,16.17,16.16,True,,role,TOP,0,0,,,,
LeBlanc|16.17,LeBlanc,16.17,16.16,True,,role,JUNGLE,0,0,,,,
LeBlanc|16.17,LeBlanc,16.17,16.16,True,,role,MIDDLE,0,0,,,,
LeBlanc|16.17,LeBlanc,16.17,16.16,True,,role,BOTTOM,0,0,,,,
LeBlanc|16.17,LeBlanc,16.17,16.16,True,,role,UTILITY,0,0,,,,
Nasus|16.17,Nasus,16.17,16.16,True,,rank,GOLD,3,2,0.07894736842105263,0.06451612903225806,-1.4431239388794563,0.09168081494057723
Nasus|16.17,Nasus,16.17,16.16,True,,rank,PLATINUM,7,5,0.18421052631578946,0.16129032258064516,-2.292020373514431,0.09168081494057723
Nasus|16.17,Nasus,16.17,16.16,True,,rank,EMERALD,5,6,0.13157894736842105,0.1935483870967742,6.196943972835315,0.09168081494057723
Nasus|16.17,Nasus,16.17,16.16,True,,rank,DIAMOND,5,5,0.13157894736842105,0.16129032258064516,2.971137521222411,0.09168081494057723
Nasus|16.17,Nasus,16.17,16.16,True,,rank,MASTER+,18,13,0.47368421052631576,0.41935483870967744,-5.432937181663833,0.09168081494057723
Nasus|16.17,Nasus,16.17,16.16,True,,role,TOP,14,12,0.3684210526315789,0.3870967741935484,1.867572156196945,0.13412563667232597
Nasus|16.17,Nasus,16.17,16.16,True,,role,JUNGLE,6,7,0.15789473684210525,0.22580645161290322,6.791171477079796,0.13412563667232597
Nasus|16.17,Nasus,16.17,16.16,True,,role,MIDDLE,8,8,0.21052631578947367,0.25806451612903225,4.753820033955858,0.13412563667232597
Nasus|16.17,Nasus,16.17,16.16,True,,role,BOTTOM,3,2,0.07894736842105263,0.06451612903225806,-1.4431239388794563,0.13412563667232597
Nasus|16.17,Nasus,16.17,16.16,True,,role,UTILITY,7,2,0.18421052631578946,0.06451612903225806,-11.96943972835314,0.13412563667232597
Nocturne|16.17,Nocturne,16.17,16.16,True,,rank,GOLD,3,0,0.15,0.0,-15.0,0.15000000000000002
Nocturne|16.17,Nocturne,16.17,16.16,True,,rank,PLATINUM,2,3,0.1,0.2,10.0,0.15000000000000002
Nocturne|16.17,Nocturne,16.17,16.16,True,,rank,EMERALD,4,3,0.2,0.2,0.0,0.15000000000000002
Nocturne|16.17,Nocturne,16.17,16.16,True,,rank,DIAMOND,3,3,0.15,0.2,5.000000000000002,0.15000000000000002
Nocturne|16.17,Nocturne,16.17,16.16,True,,rank,MASTER+,8,6,0.4,0.4,0.0,0.15000000000000002
Nocturne|16.17,Nocturne,16.17,16.16,True,,role,TOP,0,1,0.0,0.06666666666666667,6.666666666666667,0.1166666666666667
Nocturne|16.17,Nocturne,16.17,16.16,True,,role,JUNGLE,15,12,0.75,0.8,5.000000000000004,0.1166666666666667
Nocturne|16.17,Nocturne,16.17,16.16,True,,role,MIDDLE,2,1,0.1,0.06666666666666667,-3.333333333333334,0.1166666666666667
Nocturne|16.17,Nocturne,16.17,16.16,True,,role,BOTTOM,1,0,0.05,0.0,-5.0,0.1166666666666667
Nocturne|16.17,Nocturne,16.17,16.16,True,,role,UTILITY,2,1,0.1,0.06666666666666667,-3.333333333333334,0.1166666666666667
Qiyana|16.17,Qiyana,16.17,16.16,True,,rank,GOLD,0,0,0.0,0.0,0.0,0.35042735042735046
Qiyana|16.17,Qiyana,16.17,16.16,True,,rank,PLATINUM,1,0,0.1111111111111111,0.0,-11.11111111111111,0.35042735042735046
Qiyana|16.17,Qiyana,16.17,16.16,True,,rank,EMERALD,0,2,0.0,0.15384615384615385,15.384615384615385,0.35042735042735046
Qiyana|16.17,Qiyana,16.17,16.16,True,,rank,DIAMOND,1,4,0.1111111111111111,0.3076923076923077,19.65811965811966,0.35042735042735046
Qiyana|16.17,Qiyana,16.17,16.16,True,,rank,MASTER+,7,7,0.7777777777777778,0.5384615384615384,-23.931623931623935,0.35042735042735046
Qiyana|16.17,Qiyana,16.17,16.16,True,,role,TOP,0,0,0.0,0.0,0.0,0.09401709401709404
Qiyana|16.17,Qiyana,16.17,16.16,True,,role,JUNGLE,5,6,0.5555555555555556,0.46153846153846156,-9.401709401709402,0.09401709401709404
Qiyana|16.17,Qiyana,16.17,16.16,True,,role,MIDDLE,3,5,0.3333333333333333,0.38461538461538464,5.128205128205132,0.09401709401709404
Qiyana|16.17,Qiyana,16.17,16.16,True,,role,BOTTOM,1,2,0.1111111111111111,0.15384615384615385,4.273504273504275,0.09401709401709404
Qiyana|16.17,Qiyana,16.17,16.16,True,,role,UTILITY,0,0,0.0,0.0,0.0,0.09401709401709404
Thresh|16.17,Thresh,16.17,16.16,True,,rank,GOLD,1,2,0.05,0.1111111111111111,6.11111111111111,0.2944444444444444
Thresh|16.17,Thresh,16.17,16.16,True,,rank,PLATINUM,7,1,0.35,0.05555555555555555,-29.44444444444444,0.2944444444444444
Thresh|16.17,Thresh,16.17,16.16,True,,rank,EMERALD,2,3,0.1,0.16666666666666666,6.666666666666665,0.2944444444444444
Thresh|16.17,Thresh,16.17,16.16,True,,rank,DIAMOND,5,7,0.25,0.3888888888888889,13.88888888888889,0.2944444444444444
Thresh|16.17,Thresh,16.17,16.16,True,,rank,MASTER+,5,5,0.25,0.2777777777777778,2.777777777777779,0.2944444444444444
Thresh|16.17,Thresh,16.17,16.16,True,,role,TOP,3,1,0.15,0.05555555555555555,-9.444444444444445,0.19444444444444445
Thresh|16.17,Thresh,16.17,16.16,True,,role,JUNGLE,2,0,0.1,0.0,-10.0,0.19444444444444445
Thresh|16.17,Thresh,16.17,16.16,True,,role,MIDDLE,2,2,0.1,0.1111111111111111,1.1111111111111098,0.19444444444444445
Thresh|16.17,Thresh,16.17,16.16,True,,role,BOTTOM,4,4,0.2,0.2222222222222222,2.2222222222222197,0.19444444444444445
Thresh|16.17,Thresh,16.17,16.16,True,,role,UTILITY,9,11,0.45,0.6111111111111112,16.111111111111114,0.19444444444444445
Trundle|16.17,Trundle,16.17,16.16,True,,rank,GOLD,1,0,0.2,0.0,-20.0,0.35
Trundle|16.17,Trundle,16.17,16.16,True,,rank,PLATINUM,2,1,0.4,0.25,-15.000000000000002,0.35
Trundle|16.17,Trundle,16.17,16.16,True,,rank,EMERALD,0,0,0.0,0.0,0.0,0.35
Trundle|16.17,Trundle,16.17,16.16,True,,rank,DIAMOND,1,1,0.2,0.25,4.999999999999999,0.35
Trundle|16.17,Trundle,16.17,16.16,True,,rank,MASTER+,1,2,0.2,0.5,30.0,0.35
Trundle|16.17,Trundle,16.17,16.16,True,,role,TOP,0,0,0.0,0.0,0.0,0.30000000000000004
Trundle|16.17,Trundle,16.17,16.16,True,,role,JUNGLE,4,2,0.8,0.5,-30.000000000000004,0.30000000000000004
Trundle|16.17,Trundle,16.17,16.16,True,,role,MIDDLE,1,1,0.2,0.25,4.999999999999999,0.30000000000000004
Trundle|16.17,Trundle,16.17,16.16,True,,role,BOTTOM,0,0,0.0,0.0,0.0,0.30000000000000004
Trundle|16.17,Trundle,16.17,16.16,True,,role,UTILITY,0,1,0.0,0.25,25.0,0.30000000000000004
Vayne|16.17,Vayne,16.17,16.16,True,,rank,GOLD,0,0,0.0,0.0,0.0,0.12352941176470585
Vayne|16.17,Vayne,16.17,16.16,True,,rank,PLATINUM,2,1,0.11764705882352941,0.1,-1.7647058823529405,0.12352941176470585
Vayne|16.17,Vayne,16.17,16.16,True,,rank,EMERALD,4,2,0.23529411764705882,0.2,-3.529411764705881,0.12352941176470585
Vayne|16.17,Vayne,16.17,16.16,True,,rank,DIAMOND,3,3,0.17647058823529413,0.3,12.352941176470585,0.12352941176470585
Vayne|16.17,Vayne,16.17,16.16,True,,rank,MASTER+,8,4,0.47058823529411764,0.4,-7.058823529411762,0.12352941176470585
Vayne|16.17,Vayne,16.17,16.16,True,,role,TOP,4,5,0.23529411764705882,0.5,26.47058823529412,0.34705882352941175
Vayne|16.17,Vayne,16.17,16.16,True,,role,JUNGLE,2,2,0.11764705882352941,0.2,8.23529411764706,0.34705882352941175
Vayne|16.17,Vayne,16.17,16.16,True,,role,MIDDLE,3,0,0.17647058823529413,0.0,-17.647058823529413,0.34705882352941175
Vayne|16.17,Vayne,16.17,16.16,True,,role,BOTTOM,7,3,0.4117647058823529,0.3,-11.176470588235293,0.34705882352941175
Vayne|16.17,Vayne,16.17,16.16,True,,role,UTILITY,1,0,0.058823529411764705,0.0,-5.88235294117647,0.34705882352941175
Xerath|16.17,Xerath,16.17,16.16,True,,rank,GOLD,3,1,0.17647058823529413,0.05555555555555555,-12.091503267973858,0.24836601307189543
Xerath|16.17,Xerath,16.17,16.16,True,,rank,PLATINUM,3,2,0.17647058823529413,0.1111111111111111,-6.535947712418302,0.24836601307189543
Xerath|16.17,Xerath,16.17,16.16,True,,rank,EMERALD,1,5,0.058823529411764705,0.2777777777777778,21.895424836601308,0.24836601307189543
Xerath|16.17,Xerath,16.17,16.16,True,,rank,DIAMOND,2,1,0.11764705882352941,0.05555555555555555,-6.209150326797386,0.24836601307189543
Xerath|16.17,Xerath,16.17,16.16,True,,rank,MASTER+,8,9,0.47058823529411764,0.5,2.941176470588236,0.24836601307189543
Xerath|16.17,Xerath,16.17,16.16,True,,role,TOP,3,2,0.17647058823529413,0.1111111111111111,-6.535947712418302,0.1895424836601307
Xerath|16.17,Xerath,16.17,16.16,True,,role,JUNGLE,4,2,0.23529411764705882,0.1111111111111111,-12.418300653594772,0.1895424836601307
Xerath|16.17,Xerath,16.17,16.16,True,,role,MIDDLE,5,7,0.29411764705882354,0.3888888888888889,9.477124183006536,0.1895424836601307
Xerath|16.17,Xerath,16.17,16.16,True,,role,BOTTOM,2,3,0.11764705882352941,0.16666666666666666,4.901960784313725,0.1895424836601307
Xerath|16.17,Xerath,16.17,16.16,True,,role,UTILITY,3,4,0.17647058823529413,0.2222222222222222,4.575163398692808,0.1895424836601307
Yasuo|16.17,Yasuo,16.17,16.16,True,,rank,GOLD,2,3,0.08695652173913043,0.10714285714285714,2.0186335403726705,0.08074534161490683
Yasuo|16.17,Yasuo,16.17,16.16,True,,rank,PLATINUM,4,6,0.17391304347826086,0.21428571428571427,4.037267080745341,0.08074534161490683
Yasuo|16.17,Yasuo,16.17,16.16,True,,rank,EMERALD,5,4,0.21739130434782608,0.14285714285714285,-7.453416149068323,0.08074534161490683
Yasuo|16.17,Yasuo,16.17,16.16,True,,rank,DIAMOND,2,3,0.08695652173913043,0.10714285714285714,2.0186335403726705,0.08074534161490683
Yasuo|16.17,Yasuo,16.17,16.16,True,,rank,MASTER+,10,12,0.43478260869565216,0.42857142857142855,-0.6211180124223614,0.08074534161490683
Yasuo|16.17,Yasuo,16.17,16.16,True,,role,TOP,5,7,0.21739130434782608,0.25,3.260869565217392,0.060559006211180134
Yasuo|16.17,Yasuo,16.17,16.16,True,,role,JUNGLE,1,2,0.043478260869565216,0.07142857142857142,2.795031055900621,0.060559006211180134
Yasuo|16.17,Yasuo,16.17,16.16,True,,role,MIDDLE,10,12,0.43478260869565216,0.42857142857142855,-0.6211180124223614,0.060559006211180134
Yasuo|16.17,Yasuo,16.17,16.16,True,,role,BOTTOM,6,6,0.2608695652173913,0.21428571428571427,-4.658385093167702,0.060559006211180134
Yasuo|16.17,Yasuo,16.17,16.16,True,,role,UTILITY,1,1,0.043478260869565216,0.03571428571428571,-0.7763975155279503,0.060559006211180134
Yone|16.17,Yone,16.17,16.16,True,,rank,GOLD,0,1,0.0,0.03571428571428571,3.571428571428571,0.15000000000000002
Yone|16.17,Yone,16.17,16.16,True,,rank,PLATINUM,2,6,0.1,0.21428571428571427,11.428571428571427,0.15000000000000002
Yone|16.17,Yone,16.17,16.16,True,,rank,EMERALD,4,5,0.2,0.17857142857142858,-2.1428571428571437,0.15000000000000002
Yone|16.17,Yone,16.17,16.16,True,,rank,DIAMOND,3,2,0.15,0.07142857142857142,-7.857142857142857,0.15000000000000002
Yone|16.17,Yone,16.17,16.16,True,,rank,MASTER+,11,14,0.55,0.5,-5.000000000000004,0.15000000000000002
Yone|16.17,Yone,16.17,16.16,True,,role,TOP,4,7,0.2,0.25,4.999999999999999,0.1571428571428571
Yone|16.17,Yone,16.17,16.16,True,,role,JUNGLE,5,4,0.25,0.14285714285714285,-10.714285714285715,0.1571428571428571
Yone|16.17,Yone,16.17,16.16,True,,role,MIDDLE,7,9,0.35,0.32142857142857145,-2.8571428571428523,0.1571428571428571
Yone|16.17,Yone,16.17,16.16,True,,role,BOTTOM,4,5,0.2,0.17857142857142858,-2.1428571428571437,0.1571428571428571
Yone|16.17,Yone,16.17,16.16,True,,role,UTILITY,0,3,0.0,0.10714285714285714,10.714285714285714,0.1571428571428571
